,word,frequency,n_characters,romanized_form
の,の,1753,2,No
に,に,1162,2,Ni
は,は,1157,2,Wa
た,た,918,2,Ta
を,を,851,1,O
が,が,681,2,Ga
て,て,637,2,Te
と,と,587,2,To
で,で,585,2,De
し,し,548,2,Si
こと,こと,214,4,Koto
いる,いる,212,3,Iru
ある,ある,202,3,Aru
年,年,201,3,Nen
さ,さ,201,2,Sa
れ,れ,198,2,Re
な,な,196,2,Na
する,する,193,4,Suru
い,い,161,1,I
も,も,155,2,Mo
彼,彼,144,4,Kare
的,的,117,4,Teki
ない,ない,110,3,Nai
から,から,107,4,Kara
その,その,100,4,Sono
この,この,95,4,Kono
か,か,85,2,Ka
人,人,83,4,Hito
者,者,79,4,Mono
や,や,77,2,Ya
だ,だ,74,2,Da
それ,それ,72,4,Sore
ます,ます,68,4,Masu
ため,ため,67,4,Tame
まし,まし,66,4,Masi
月,月,66,4,Tuki
よう,よう,64,3,You
より,より,62,4,Yori
ら,ら,59,2,Ra
なっ,なっ,57,2,Na
あり,あり,55,3,Ari
これ,これ,54,4,Kore
れる,れる,53,4,Reru
私,私,53,8,Watakusi
あっ,あっ,51,1,A
彼女,彼女,51,7,Kanozyo
まで,まで,50,4,Made
なる,なる,49,4,Naru
日,日,49,2,Hi
後,後,47,3,Ato
つ,つ,44,2,Tu
しかし,しかし,42,6,Sikasi
また,また,40,4,Mata
なかっ,なかっ,39,4,Naka
られ,られ,39,4,Rare
多く,多く,37,4,Ooku
もの,もの,37,4,Mono
へ,へ,36,1,E
いう,いう,36,2,Iu
性,性,35,3,Sei
たち,たち,35,4,Tati
前,前,34,3,Mae
中,中,33,4,Naka
間,間,33,2,Ma
つい,つい,32,3,Tui
できる,できる,31,6,Dekiru
海,海,29,3,Umi
可能,可能,28,5,Kanou
必要,必要,28,7,Hituyou
地域,地域,27,5,Tiiki
でき,でき,27,4,Deki
なく,なく,27,4,Naku
よる,よる,26,4,Yoru
家,家,26,2,Ie
ず,ず,25,2,Zu
州,州,24,4,Syuu
だろう,だろう,24,5,Darou
など,など,24,4,Nado
世界,世界,24,5,Sekai
ば,ば,24,2,Ba
一,一,24,3,Iti
映画,映画,24,4,Eiga
時,時,23,4,Toki
人々,人々,23,8,Hitobito
さらに,さらに,23,6,Sarani
政府,政府,22,5,Seihu
歴史,歴史,22,6,Rekisi
述べ,述べ,22,4,Nobe
都市,都市,22,4,Tosi
新しい,新しい,21,8,Atarasii
地,地,21,2,Ti
だっ,だっ,21,2,Da
化,化,21,2,Ka
言っ,言っ,21,1,I
考え,考え,20,6,Kangae
支配,支配,20,5,Sihai
です,です,20,4,Desu
大,大,20,2,Oo
英国,英国,20,6,Eikoku
何,何,20,3,Nan
最も,最も,19,7,Mottomo
戦争,戦争,19,6,Sensou
せ,せ,19,2,Se
第,第,19,3,Dai
対する,対する,19,7,Taisuru
おり,おり,19,3,Ori
代,代,19,3,Dai
他,他,19,4,Hoka
影響,影響,18,6,Eikyou
約,約,18,4,Yaku
国,国,18,4,Kuni
万,万,18,6,Yorozu
受け,受け,18,3,Uke
投資,投資,18,5,Tousi
米国,米国,18,7,Beikoku
なり,なり,18,4,Nari
よっ,よっ,18,2,Yo
対し,対し,18,5,Taisi
達,達,18,4,Tati
発生,発生,17,6,Hassei
不,不,17,2,Hu
使用,使用,17,5,Siyou
投票,投票,17,7,Touhyou
数,数,17,4,Kazu
中国,中国,17,8,Tyuugoku
おい,おい,17,2,Oi
以上,以上,17,5,Izyou
世紀,世紀,17,5,Seiki
大統領,大統領,17,10,Daitouryou
なら,なら,16,4,Nara
世,世,16,2,Yo
せる,せる,16,4,Seru
だけ,だけ,16,4,Dake
党,党,16,3,Tou
今,今,16,3,Ima
大きな,大きな,16,6,Ookina
時代,時代,15,5,Zidai
問題,問題,15,6,Mondai
川,川,15,4,Gawa
高い,高い,15,5,Takai
および,および,15,5,Oyobi
ほとんど,ほとんど,15,7,Hotondo
上,上,15,2,Ue
アメリカ,アメリカ,15,7,Amerika
知ら,知ら,15,4,Sira
語,語,15,2,Go
企業,企業,15,6,Kigyou
関係,関係,15,6,Kankei
研究,研究,15,7,Kenkyuu
氏,氏,15,2,Si
成長,成長,15,7,Seityou
次,次,15,2,Zi
フランス,フランス,15,7,Huransu
最初,最初,14,6,Saisyo
調査,調査,14,6,Tyousa
自分,自分,14,5,Zibun
ローマ,ローマ,14,5,Rooma
非常,非常,14,6,Hizyou
場合,場合,14,4,Baai
見,見,14,2,Mi
選挙,選挙,14,6,Senkyo
国家,国家,14,5,Kokka
ヨーロッパ,ヨーロッパ,14,8,Yooroppa
一部,一部,14,5,Itibu
一方,一方,13,5,Ippou
現在,現在,13,6,Genzai
そこ,そこ,13,4,Soko
経済,経済,13,6,Keizai
警察,警察,13,7,Keisatu
時間,時間,13,5,Zikan
紀元,紀元,13,5,Kigen
そして,そして,13,6,Sosite
共和,共和,13,6,Kyouwa
スペイン,スペイン,13,6,Supein
始め,始め,12,6,Hazime
ポンド,ポンド,12,5,Pondo
労働,労働,12,6,Roudou
語っ,語っ,12,4,Kata
所,所,12,6,Tokoro
計画,計画,12,7,Keikaku
保護,保護,12,4,Hogo
る,る,12,2,Ru
オーストラリア,オーストラリア,12,11,Oosutoraria
軍,軍,12,3,Gun
年間,年間,12,6,Nenkan
システム,システム,12,8,Sisutemu
すべて,すべて,12,6,Subete
目的,目的,12,8,Mokuteki
おけ,おけ,12,3,Oke
行動,行動,12,6,Koudou
度,度,12,2,Do
べき,べき,11,4,Beki
増加,増加,11,5,Zouka
完全,完全,11,6,Kanzen
ギリシャ,ギリシャ,11,7,Girisya
会,会,11,3,Kai
トランプ,トランプ,11,7,Toranpu
学校,学校,11,6,Gakkou
結果,結果,11,5,Kekka
設立,設立,11,8,Seturitu
際,際,11,3,Sai
地区,地区,11,4,Tiku
力,力,11,6,Tikara
歳,歳,11,4,Tosi
持っ,持っ,11,2,Mo
戻っ,戻っ,11,4,Modo
本,本,11,3,Hon
ところ,ところ,11,6,Tokoro
名前,名前,11,5,Namae
自身,自身,11,5,Zisin
ロシア,ロシア,11,5,Rosia
様々,様々,11,8,Samazama
最高,最高,11,6,Saikou
ん,ん,11,1,N
誰,誰,10,4,Dare
政治,政治,10,5,Seizi
同じ,同じ,10,5,Onazi
地中,地中,10,6,Tityuu
ほど,ほど,10,4,Hodo
南,南,10,6,Minami
き,き,10,2,Ki
法律,法律,10,7,Houritu
でし,でし,10,4,Desi
市,市,10,2,Si
最終,最終,10,7,Saisyuu
期間,期間,10,5,Kikan
気候,気候,10,5,Kikou
利用,利用,10,5,Riyou
ドル,ドル,10,4,Doru
重要,重要,10,7,Zyuuyou
系,系,10,3,Kei
院,院,10,2,In
建設,建設,10,7,Kensetu
ませ,ませ,10,4,Mase
女性,女性,10,6,Zyosei
どう,どう,10,3,Dou
事件,事件,10,5,Ziken
含ま,含ま,10,6,Hukuma
なけれ,なけれ,9,6,Nakere
しか,しか,9,4,Sika
全て,全て,9,6,Subete
自由,自由,9,5,Ziyuu
同,同,9,3,Dou
特に,特に,9,6,Tokuni
帝国,帝国,9,7,Teikoku
下,下,9,2,Ka
場,場,9,2,Ba
部,部,9,2,Bu
宣言,宣言,9,6,Sengen
報告,報告,9,7,Houkoku
初めて,初めて,9,8,Hazimete
とっ,とっ,9,2,To
平均,平均,9,6,Heikin
最後,最後,9,5,Saigo
島,島,9,3,Tou
最近,最近,9,6,Saikin
頃,頃,9,4,Koro
ながら,ながら,9,6,Nagara
植民,植民,9,8,Syokumin
得,得,9,1,E
点,点,9,3,Ten
多数,多数,9,5,Tasuu
独立,独立,9,8,Dokuritu
レベル,レベル,9,6,Reberu
技術,技術,9,7,Gizyutu
億,億,9,3,Oku
方法,方法,9,6,Houhou
提供,提供,9,7,Teikyou
成功,成功,9,6,Seikou
ドイツ,ドイツ,9,5,Doitu
男性,男性,9,6,Dansei
作品,作品,9,7,Sakuhin
ユーロ,ユーロ,9,5,Yuuro
しれ,しれ,9,4,Sire
体,体,9,6,Karada
監督,監督,9,7,Kantoku
与え,与え,8,4,Atae
開始,開始,8,5,Kaisi
勝利,勝利,8,6,Syouri
民族,民族,8,7,Minzoku
実際,実際,8,6,Zissai
人間,人間,8,6,Ningen
理由,理由,8,5,Riyuu
情報,情報,8,7,Zyouhou
データ,データ,8,5,Deeta
インド,インド,8,4,Indo
二,二,8,2,Ni
イタリア,イタリア,8,6,Itaria
意味,意味,8,3,Imi
機,機,8,2,Ki
移動,移動,8,4,Idou
契約,契約,8,7,Keiyaku
決定,決定,8,6,Kettei
られる,られる,8,6,Rareru
新た,新た,8,5,Arata
持つ,持つ,8,4,Motu
理解,理解,8,5,Rikai
かけ,かけ,8,4,Kake
貿易,貿易,8,6,Boueki
地方,地方,8,5,Tihou
発表,発表,8,7,Happyou
小さな,小さな,8,7,Tiisana
教,教,8,4,Osie
教育,教育,8,7,Kyouiku
大陸,大陸,8,7,Tairiku
線,線,8,3,Sen
水,水,8,4,Mizu
教会,教会,8,7,Kyoukai
関する,関する,8,7,Kansuru
開発,開発,8,7,Kaihatu
分,分,8,3,Bun
移行,移行,8,4,Ikou
明らか,明らか,8,7,Akiraka
人口,人口,8,6,Zinkou
関し,関し,7,5,Kansi
旧,旧,7,4,Kyuu
境界,境界,7,7,Kyoukai
天皇,天皇,7,6,Tennou
説明,説明,7,7,Setumei
革命,革命,7,7,Kakumei
種,種,7,3,Syu
市場,市場,7,6,Sizyou
イギリス,イギリス,7,7,Igirisu
航空,航空,7,6,Koukuu
ゲーム,ゲーム,7,5,Geemu
自然,自然,7,5,Sizen
修道,修道,7,7,Syuudou
のみ,のみ,7,4,Nomi
いく,いく,7,3,Iku
状態,状態,7,7,Zyoutai
土地,土地,7,4,Toti
役,役,7,4,Yaku
社会,社会,7,6,Syakai
見る,見る,7,4,Miru
素晴らしい,素晴らしい,7,9,Subarasii
エリア,エリア,7,4,Eria
すぐ,すぐ,7,4,Sugu
地球,地球,7,6,Tikyuu
協定,協定,7,7,Kyoutei
変化,変化,7,5,Henka
代表,代表,7,7,Daihyou
上昇,上昇,7,8,Zyousyou
王国,王国,7,6,Oukoku
常,常,7,4,Tune
条約,条約,7,8,Zyouyaku
主義,主義,7,5,Syugi
アルバム,アルバム,7,7,Arubamu
たい,たい,7,3,Tai
音楽,音楽,7,6,Ongaku
現代,現代,7,6,Gendai
北京,北京,7,5,Pekin
適切,適切,7,8,Tekisetu
活動,活動,7,7,Katudou
しよう,しよう,7,5,Siyou
子供,子供,7,6,Kodomo
会社,会社,7,6,Kaisya
行わ,行わ,7,7,Okonawa
要求,要求,7,7,Youkyuu
エジプト,エジプト,7,7,Eziputo
妻,妻,7,4,Tuma
公,公,7,6,Ooyake
とも,とも,7,4,Tomo
写真,写真,7,6,Syasin
アフリカ,アフリカ,7,7,Ahurika
香港,香港,7,6,Honkon
大学,大学,7,7,Daigaku
破壊,破壊,7,5,Hakai
北部,北部,7,6,Hokubu
先住,先住,7,7,Senzyuu
カリブ,カリブ,7,6,Karibu
裁判,裁判,7,6,Saiban
大半,大半,6,6,Taihan
方,方,6,4,Kata
部分,部分,6,5,Bubun
最大,最大,6,6,Saidai
使う,使う,6,5,Tukau
内,内,6,3,Uti
学,学,6,4,Gaku
続く,続く,6,6,Tuzuku
出版,出版,6,7,Syuppan
長,長,6,4,Tyou
平和,平和,6,5,Heiwa
役割,役割,6,8,Yakuwari
連邦,連邦,6,6,Renpou
パリ,パリ,6,4,Pari
得る,得る,6,3,Uru
最新,最新,6,6,Saisin
当時,当時,6,5,Touzi
物,物,6,4,Mono
自治,自治,6,4,Ziti
アジア,アジア,6,4,Azia
お,お,6,1,O
官,官,6,3,Kan
人生,人生,6,6,Zinsei
名,名,6,3,Mei
量,量,6,4,Ryou
王,王,6,2,Ou
少なく,少なく,6,8,Sukunaku
再び,再び,6,8,Hutatabi
認め,認め,6,6,Mitome
場所,場所,6,5,Basyo
制限,制限,6,6,Seigen
機能,機能,6,5,Kinou
議論,議論,6,5,Giron
批判,批判,6,5,Hihan
文化,文化,6,5,Bunka
資金,資金,6,5,Sikin
一人,一人,6,6,Hitori
信じ,信じ,6,5,Sinzi
フォン,フォン,6,3,Hon
文明,文明,6,6,Bunmei
戦い,戦い,6,7,Tatakai
オスマン,オスマン,6,6,Osuman
銀行,銀行,6,6,Ginkou
期,期,6,2,Ki
始まっ,始まっ,6,6,Hazima
既に,既に,6,6,Sudeni
クリントン,クリントン,6,8,Kurinton
まだ,まだ,6,4,Mada
あろう,あろう,6,4,Arou
状況,状況,6,8,Zyoukyou
公開,公開,6,6,Koukai
統治,統治,6,5,Touti
率,率,6,4,Ritu
冬,冬,6,4,Huyu
国際,国際,6,7,Kokusai
発電,発電,6,7,Hatuden
向け,向け,6,4,Muke
予定,予定,6,5,Yotei
山脈,山脈,6,8,Sanmyaku
家族,家族,6,6,Kazoku
示し,示し,6,6,Simesi
形成,形成,6,6,Keisei
一般,一般,6,5,Ippan
思わ,思わ,6,5,Omowa
伝統,伝統,6,6,Dentou
かかわら,かかわら,6,8,Kakawara
含む,含む,6,6,Hukumu
書,書,6,3,Syo
とき,とき,6,4,Toki
専門,専門,6,6,Senmon
科学,科学,6,6,Kagaku
責任,責任,6,7,Sekinin
獲得,獲得,6,8,Kakutoku
金,金,6,4,Kane
ポロニウム,ポロニウム,6,9,Poroniumu
警告,警告,6,7,Keikoku
アルバニア,アルバニア,6,8,Arubania
主に,主に,6,5,Omoni
位置,位置,6,3,Iti
地下,地下,6,4,Tika
鉄,鉄,6,4,Tetu
発見,発見,6,6,Hakken
国境,国境,6,7,Kokkyou
費用,費用,6,5,Hiyou
予測,予測,6,6,Yosoku
暮らし,暮らし,6,6,Kurasi
理論,理論,6,5,Riron
品,品,5,4,Sina
くる,くる,5,4,Kuru
ここ,ここ,5,4,Koko
軍事,軍事,5,5,Gunzi
言語,言語,5,5,Gengo
安全,安全,5,5,Anzen
質問,質問,5,7,Situmon
ロナ,ロナ,5,4,Rona
ヶ月,ヶ月,5,6,Kagetu
適用,適用,5,7,Tekiyou
省,省,5,4,Syou
事実,事実,5,6,Zizitu
代わり,代わり,5,6,Kawari
ドナルド,ドナルド,5,8,Donarudo
出し,出し,5,4,Dasi
候補,候補,5,5,Kouho
キャリア,キャリア,5,6,Kyaria
低い,低い,5,5,Hikui
皇帝,皇帝,5,6,Koutei
権,権,5,3,Ken
どの,どの,5,4,Dono
破産,破産,5,5,Hasan
近く,近く,5,6,Tikaku
曲,曲,5,5,Kyoku
アクセス,アクセス,5,7,Akusesu
半ば,半ば,5,6,Nakaba
国王,国王,5,6,Kokuou
支持,支持,5,4,Sizi
以前,以前,5,4,Izen
評価,評価,5,6,Hyouka
メキシコ,メキシコ,5,8,Mekisiko
協会,協会,5,7,Kyoukai
デンマーク,デンマーク,5,8,Denmaaku
二人,二人,5,6,Hutari
過去,過去,5,4,Kako
実現,実現,5,7,Zitugen
あなた,あなた,5,5,Anata
継続,継続,5,7,Keizoku
こう,こう,5,3,Kou
明確,明確,5,7,Meikaku
どこ,どこ,5,4,Doko
目,目,5,2,Me
トルコ,トルコ,5,6,Toruko
もたらす,もたらす,5,8,Motarasu
軍隊,軍隊,5,6,Guntai
船,船,5,4,Hune
中心,中心,5,7,Tyuusin
傾向,傾向,5,6,Keikou
文学,文学,5,7,Bungaku
セット,セット,5,5,Setto
受賞,受賞,5,7,Zyusyou
やっ,やっ,5,2,Ya
賞,賞,5,4,Syou
行っ,行っ,5,1,I
モデル,モデル,5,6,Moderu
ケース,ケース,5,5,Keesu
起き,起き,5,3,Oki
領土,領土,5,6,Ryoudo
頻繁,頻繁,5,6,Hinpan
敵,敵,5,4,Teki
娘,娘,5,6,Musume
言葉,言葉,5,6,Kotoba
諸国,諸国,5,7,Syokoku
独自,独自,5,6,Dokuzi
続け,続け,5,6,Tuzuke
古代,古代,5,5,Kodai
すでに,すでに,5,6,Sudeni
イスラム,イスラム,5,7,Isuramu
動物,動物,5,7,Doubutu
組織,組織,5,6,Sosiki
直接,直接,5,9,Tyokusetu
インターネット,インターネット,5,10,Intaanetto
メディア,メディア,5,5,Media
投稿,投稿,5,6,Toukou
面,面,5,3,Men
腫瘍,腫瘍,5,6,Syuyou
現れ,現れ,5,7,Araware
宗教,宗教,5,8,Syuukyou
深い,深い,5,5,Hukai
試合,試合,5,4,Siai
構成,構成,5,6,Kousei
入学,入学,5,8,Nyuugaku
民主,民主,5,6,Minsyu
砂漠,砂漠,5,6,Sabaku
与える,与える,5,6,Ataeru
植物,植物,5,9,Syokubutu
口座,口座,5,5,Kouza
員,員,5,2,In
週間,週間,5,7,Syuukan
票,票,5,4,Hyou
国民,国民,5,7,Kokumin
別,別,5,4,Betu
もっと,もっと,5,5,Motto
たり,たり,5,4,Tari
許可,許可,5,5,Kyoka
使わ,使わ,5,6,Tukawa
規模,規模,5,4,Kibo
友人,友人,5,6,Yuuzin
芸術,芸術,5,8,Geizyutu
そう,そう,5,3,Sou
不可欠,不可欠,5,8,Hukaketu
結婚,結婚,5,6,Kekkon
朝,朝,5,3,Asa
ブラント,ブラント,5,7,Buranto
トップ,トップ,5,5,Toppu
占め,占め,5,4,Sime
混乱,混乱,5,6,Konran
思う,思う,5,4,Omou
書い,書い,5,3,Kai
連合,連合,5,6,Rengou
マケドニア,マケドニア,5,9,Makedonia
当たり,当たり,5,5,Atari
清朝,清朝,5,7,Sintyou
洋,洋,5,3,You
以来,以来,5,4,Irai
決め,決め,5,4,Kime
ロンドン,ロンドン,5,6,Rondon
よれ,よれ,5,4,Yore
ニュース,ニュース,5,6,Nyuusu
ツール,ツール,5,5,Tuuru
ディズニー,ディズニー,5,7,Dizunii
元,元,5,4,Moto
政権,政権,5,6,Seiken
色,色,5,3,Iro
モラビア,モラビア,5,7,Morabia
征服,征服,5,7,Seihuku
いっ,いっ,5,1,I
車,車,5,6,Kuruma
目標,目標,5,8,Mokuhyou
横断,横断,5,5,Oudan
あまり,あまり,5,5,Amari
変更,変更,5,6,Henkou
たら,たら,4,4,Tara
ユダヤ,ユダヤ,4,6,Yudaya
不足,不足,4,6,Busoku
ダネヴェルク,ダネヴェルク,4,10,Daneveruku
戻る,戻る,4,6,Modoru
通常,通常,4,7,Tuuzyou
提案,提案,4,5,Teian
話,話,4,6,Hanasi
産業,産業,4,7,Sangyou
乾燥,乾燥,4,6,Kansou
厳しい,厳しい,4,7,Kibisii
立ち,立ち,4,4,Tati
若い,若い,4,5,Wakai
合法,合法,4,6,Gouhou
進め,進め,4,6,Susume
付け,付け,4,4,Zuke
数多く,数多く,4,8,Kazuooku
仕事,仕事,4,6,Sigoto
撤退,撤退,4,6,Tettai
法,法,4,3,Hou
原因,原因,4,6,Gen'in
事態,事態,4,5,Zitai
関連,関連,4,6,Kanren
簡単,簡単,4,6,Kantan
支出,支出,4,7,Sisyutu
時期,時期,4,4,Ziki
集団,集団,4,7,Syuudan
担当,担当,4,6,Tantou
将軍,将軍,4,7,Syougun
注目,注目,4,8,Tyuumoku
到着,到着,4,8,Toutyaku
反乱,反乱,4,6,Hanran
広,広,4,3,Kou
巨大,巨大,4,6,Kyodai
おら,おら,4,3,Ora
作曲,作曲,4,8,Sakkyoku
日本,日本,4,6,Nippon
インタビュー,インタビュー,4,8,Intabyuu
完成,完成,4,6,Kansei
当局,当局,4,8,Toukyoku
町,町,4,4,Mati
紛争,紛争,4,6,Hunsou
レース,レース,4,5,Reesu
モンゴル,モンゴル,4,7,Mongoru
残り,残り,4,6,Nokori
手紙,手紙,4,6,Tegami
女の子,女の子,4,8,Onnanoko
山,山,4,4,Yama
顧客,顧客,4,7,Kokyaku
声,声,4,3,Koe
男,男,4,5,Otoko
しばしば,しばしば,4,8,Sibasiba
生息,生息,4,7,Seisoku
北,北,4,4,Kita
経験,経験,4,6,Keiken
政党,政党,4,6,Seitou
作家,作家,4,5,Sakka
議会,議会,4,5,Gikai
オープン,オープン,4,5,Oopun
少し,少し,4,6,Sukosi
価値,価値,4,4,Kati
正確,正確,4,7,Seikaku
表,表,4,4,Hyou
学生,学生,4,7,Gakusei
主張,主張,4,7,Syutyou
ラファティ,ラファティ,4,6,Rahati
オンタリオ,オンタリオ,4,8,On tario
動産,動産,4,6,Dousan
エージェント,エージェント,4,7,Eezento
個人,個人,4,5,Kozin
オランダ,オランダ,4,6,Oranda
たく,たく,4,4,Taku
強制,強制,4,7,Kyousei
人気,人気,4,5,Ninki
主演,主演,4,5,Syuen
高,高,4,3,Kou
スキル,スキル,4,6,Sukiru
タイ,タイ,4,3,Tai
存在,存在,4,6,Sonzai
続ける,続ける,4,8,Tuzukeru
どれ,どれ,4,4,Dore
粒子,粒子,4,6,Ryuusi
法的,法的,4,7,Houteki
ライン,ライン,4,4,Rain
来,来,4,3,Rai
リチャード,リチャード,4,8,Rityaado
パターン,パターン,4,6,Pataan
夏,夏,4,4,Natu
流れ,流れ,4,6,Nagare
オブ,オブ,4,3,Obu
販売,販売,4,6,Hanbai
キリスト,キリスト,4,8,Kirisuto
住ん,住ん,4,3,Sun
戦闘,戦闘,4,6,Sentou
それぞれ,それぞれ,4,8,Sorezore
回復,回復,4,7,Kaihuku
アルプス,アルプス,4,7,Arupusu
共同,共同,4,7,Kyoudou
作業,作業,4,6,Sagyou
カナダ,カナダ,4,6,Kanada
ノース,ノース,4,5,Noosu
どちら,どちら,4,6,Dotira
確信,確信,4,7,Kakusin
導入,導入,4,7,Dounyuu
ほぼ,ほぼ,4,4,Hobo
枚,枚,4,3,Mai
当社,当社,4,6,Tousya
特徴,特徴,4,8,Tokutyou
範囲,範囲,4,5,Han'i
一緒,一緒,4,5,Issyo
削減,削減,4,7,Sakugen
知っ,知っ,4,2,Si
もちろん,もちろん,4,7,Motiron
直面,直面,4,8,Tyokumen
行う,行う,4,6,Okonau
建築,建築,4,7,Kentiku
結局,結局,4,8,Kekkyoku
敗北,敗北,4,7,Haiboku
オリンピック,オリンピック,4,9,Orinpikku
東,東,4,6,Higasi
全体,全体,4,6,Zentai
ジョン,ジョン,4,4,Zyon
呼ば,呼ば,4,4,Yoba
分析,分析,4,7,Bunseki
及ぼす,及ぼす,4,7,Oyobosu
半島,半島,4,6,Hantou
地帯,地帯,4,5,Titai
業界,業界,4,7,Gyoukai
旅行,旅行,4,6,Ryokou
聴衆,聴衆,4,8,Tyousyuu
信頼,信頼,4,6,Sinrai
年号,年号,4,6,Nengou
カメルーン,カメルーン,4,8,Kameruun
共演,共演,4,6,Kyouen
手,手,4,2,Te
諸島,諸島,4,6,Syotou
いい,いい,4,2,Ii
オーストリア,オーストリア,4,9,Oosutoria
使っ,使っ,4,4,Tuka
消費,消費,4,6,Syouhi
ウィンストン,ウィンストン,4,8,In suton
準備,準備,4,6,Zyunbi
発展,発展,4,6,Hatten
権力,権力,4,8,Kenryoku
実施,実施,4,5,Zissi
聖,聖,4,3,Sei
作成,作成,4,7,Sakusei
古い,古い,4,5,Hurui
向かっ,向かっ,4,4,Muka
対立,対立,4,7,Tairitu
我々,我々,4,8,Wareware
残っ,残っ,4,4,Noko
領,領,4,4,Ryou
進ん,進ん,4,5,Susun
電子,電子,4,5,Densi
生じ,生じ,4,6,Syouzi
心,心,4,6,Kokoro
初め,初め,4,6,Hazime
メール,メール,4,5,Meeru
宇宙,宇宙,4,5,Utyuu
多い,多い,4,3,Ooi
ビデオ,ビデオ,4,5,Bideo
言う,言う,4,2,Iu
わけ,わけ,4,4,Wake
主要,主要,4,6,Syuyou
電話,電話,4,5,Denwa
沿岸,沿岸,4,5,Engan
解放,解放,4,6,Kaihou
位,位,4,5,Kurai
機会,機会,4,5,Kikai
部隊,部隊,4,5,Butai
付近,付近,4,5,Hukin
アケメネス,アケメネス,4,9,Akemenesu
通り,通り,4,5,Toori
防衛,防衛,4,5,Bouei
物語,物語,4,10,Monogatari
ケシャ,ケシャ,4,5,Kesya
ショー,ショー,4,4,Syoo
ライト,ライト,4,5,Raito
正当,正当,4,6,Seitou
ファラオ,ファラオ,4,5,Harao
大戦,大戦,4,6,Taisen
レコード,レコード,4,7,Rekoodo
関心,関心,4,6,Kansin
殺人,殺人,4,7,Satuzin
管理,管理,4,5,Kanri
展示,展示,4,5,Tenzi
生き,生き,4,3,Iki
出身,出身,4,7,Syussin
生まれ,生まれ,4,5,Umare
確保,確保,4,6,Kakuho
訪問,訪問,4,6,Houmon
希望,希望,4,5,Kibou
うち,うち,4,3,Uti
用,用,4,3,You
スマート,スマート,4,7,Sumaato
死ん,死ん,4,3,Sin
移民,移民,4,4,Imin
生活,生活,4,7,Seikatu
なぜ,なぜ,4,4,Naze
降伏,降伏,4,7,Kouhuku
ワシントン,ワシントン,4,8,Wasinton
文字,文字,4,4,Mozi
気温,気温,3,4,Kion
所有,所有,3,6,Syoyuu
代理,代理,3,5,Dairi
選出,選出,3,8,Sensyutu
推測,推測,3,7,Suisoku
今年,今年,3,6,Kotosi
太平,太平,3,6,Taihei
族,族,3,4,Zoku
受け入れ,受け入れ,3,6,Ukeire
ザ,ザ,3,2,Za
積極,積極,3,8,Sekkyoku
自国,自国,3,6,Zikoku
昨年,昨年,3,7,Sakunen
バルカン,バルカン,3,7,Barukan
テレビ,テレビ,3,6,Terebi
条件,条件,3,7,Zyouken
指摘,指摘,3,6,Siteki
誌,誌,3,2,Si
制度,制度,3,5,Seido
促進,促進,3,7,Sokusin
部門,部門,3,5,Bumon
優先,優先,3,6,Yuusen
監視,監視,3,5,Kansi
主,主,3,4,Nusi
以外,以外,3,4,Igai
期待,期待,3,5,Kitai
トラキア,トラキア,3,7,Torakia
カエサル,カエサル,3,7,Kaesaru
攻撃,攻撃,3,7,Kougeki
例,例,3,3,Rei
協議,協議,3,6,Kyougi
分類,分類,3,6,Bunrui
総,総,3,3,Sou
やり,やり,3,4,Yari
組合,組合,3,6,Kumiai
占領,占領,3,7,Senryou
雇用,雇用,3,5,Koyou
業績,業績,3,8,Gyouseki
給,給,3,4,Kyuu
士,士,3,2,Si
渡り,渡り,3,6,Watari
かかる,かかる,3,6,Kakaru
アンデス,アンデス,3,6,Andesu
類似,類似,3,5,Ruizi
デジタル,デジタル,3,8,Dezitaru
にて,にて,3,4,Nite
ユーザー,ユーザー,3,6,Yuuzaa
率い,率い,3,5,Hikii
特別,特別,3,8,Tokubetu
探検,探検,3,6,Tanken
低地,低地,3,5,Teiti
区域,区域,3,5,Kuiki
支援,支援,3,4,Sien
サハラ,サハラ,3,6,Sahara
公式,公式,3,7,Kousiki
開催,開催,3,6,Kaisai
物質,物質,3,7,Bussitu
平行,平行,3,6,Heikou
広がっ,広がっ,3,6,Hiroga
語源,語源,3,5,Gogen
助け,助け,3,6,Tasuke
コロンブス,コロンブス,3,9,Koronbusu
少ない,少ない,3,7,Sukunai
パレード,パレード,3,7,Pareedo
過ぎ,過ぎ,3,4,Sugi
撮影,撮影,3,6,Satuei
通じ,通じ,3,5,Tuuzi
変える,変える,3,5,Kaeru
改宗,改宗,3,7,Kaisyuu
徒,徒,3,2,To
似,似,3,2,Ni
スタイル,スタイル,3,7,Sutairu
港,港,3,6,Minato
表現,表現,3,7,Hyougen
合理,合理,3,5,Gouri
湖,湖,3,2,Ko
マーガレット,マーガレット,3,10,Maagaretto
進軍,進軍,3,6,Singun
競争,競争,3,7,Kyousou
誕生,誕生,3,7,Tanzyou
越え,越え,3,3,Koe
廃墟,廃墟,3,6,Haikyo
いれ,いれ,3,3,Ire
古典,古典,3,5,Koten
残し,残し,3,6,Nokosi
深く,深く,3,6,Hukaku
はじめ,はじめ,3,6,Hazime
建物,建物,3,8,Tatemono
デ,デ,3,2,De
強い,強い,3,5,Tuyoi
指揮,指揮,3,4,Siki
健康,健康,3,6,Kenkou
初頭,初頭,3,6,Syotou
民,民,3,3,Min
注意,注意,3,5,Tyuui
ブリスベン,ブリスベン,3,9,Burisuben
法案,法案,3,6,Hou an
区,区,3,2,Ku
汚染,汚染,3,4,Osen
ゴルフ,ゴルフ,3,6,Goruhu
本当,本当,3,5,Honto
勢力,勢力,3,8,Seiryoku
後年,後年,3,6,Kounen
アイスランド,アイスランド,3,10,Aisu rando
減少,減少,3,7,Gensyou
農地,農地,3,5,Nouti
判断,判断,3,6,Handan
パプアニューギニア,パプアニューギニア,3,14,Papuanyuuginia
判決,判決,3,7,Hanketu
す,す,3,2,Su
クリストファー,クリストファー,3,12,Kurisuto haa
党内,党内,3,6,Tounai
フィンランド,フィンランド,3,8,Hinrando
後者,後者,3,6,Kousya
外,外,3,4,Soto
プレート,プレート,3,7,Pureeto
首相,首相,3,7,Syusyou
おそらく,おそらく,3,7,Osoraku
製品,製品,3,6,Seihin
示唆,示唆,3,4,Sisa
いずれ,いずれ,3,5,Izure
国内,国内,3,7,Kokunai
アテネ,アテネ,3,5,Atene
周り,周り,3,6,Mawari
面積,面積,3,7,Menseki
河川,河川,3,5,Kasen
スイス,スイス,3,5,Suisu
推定,推定,3,6,Suitei
南部,南部,3,5,Nanbu
立つ,立つ,3,4,Tatu
伝え,伝え,3,5,Tutae
ずっと,ずっと,3,6,Zu tto
学者,学者,3,7,Gakusya
運河,運河,3,4,Unga
以降,以降,3,4,Ikou
ほんの,ほんの,3,5,Honno
財政,財政,3,6,Zaisei
付け加え,付け加え,3,9,Tukekuwae
選ん,選ん,3,4,Eran
アルファベット,アルファベット,3,10,Aruhabetto
医療,医療,3,5,Iryou
カード,カード,3,5,Kaado
評判,評判,3,7,Hyouban
前線,前線,3,6,Zensen
欠け,欠け,3,4,Kake
マーケット,マーケット,3,8,Maaketto
世論,世論,3,5,Yoron
闘争,闘争,3,6,Tousou
外国,外国,3,7,Gaikoku
同様,同様,3,6,Douyou
選択,選択,3,7,Sentaku
戦,戦,3,3,Sen
大きく,大きく,3,6,Ookiku
アヘン,アヘン,3,4,Ahen
海外,海外,3,6,Kaigai
収集,収集,3,8,Syuusyuu
コメント,コメント,3,7,Komento
出演,出演,3,7,Syutuen
キュリー,キュリー,3,6,Kyurii
十分,十分,3,7,Zyuubun
レーダー,レーダー,3,6,Reedaa
実行,実行,3,6,Zikkou
戦後,戦後,3,5,Sengo
テクノロジー,テクノロジー,3,11,Tekunorozii
能力,能力,3,8,Nouryoku
シリーズ,シリーズ,3,7,Siriizu
認識,認識,3,7,Ninsiki
上回る,上回る,3,9,Uwamawaru
カトリック,カトリック,3,9,Katorikku
旅,旅,3,4,Tabi
見つける,見つける,3,8,Mitukeru
全国,全国,3,7,Zenkoku
避妊,避妊,3,5,Hinin
火曜,火曜,3,5,Kayou
学習,学習,3,8,Gakusyuu
隊,隊,3,3,Tai
自ら,自ら,3,8,Mizukara
市内,市内,3,5,Sinai
値,値,3,4,Atai
アカデミー,アカデミー,3,8,Akademii
むしろ,むしろ,3,6,Musiro
ランドマーク,ランドマーク,3,10,Randomaaku
列強,列強,3,7,Rekkyou
食料,食料,3,9,Syokuryou
内容,内容,3,6,Naiyou
首都,首都,3,5,Syuto
カップ,カップ,3,5,Kappu
同盟,同盟,3,6,Doumei
行い,行い,3,6,Okonai
多様,多様,3,5,Tayou
選手,選手,3,6,Sensyu
ポール,ポール,3,5,Pooru
様子,様子,3,5,Yousu
すぎ,すぎ,3,4,Sugi
依存,依存,3,4,Izon
強調,強調,3,8,Kyoutyou
訓練,訓練,3,6,Kunren
着陸,着陸,3,9,Tyakuriku
取っ,取っ,3,2,To
パイロット,パイロット,3,8,Pairotto
伯爵,伯爵,3,9,Hakusyaku
引き起こす,引き起こす,3,9,Hikiokosu
三島,三島,3,6,Santou
離れ,離れ,3,6,Hanare
ジャスミン,ジャスミン,3,8,Zyasumin
ターゲット,ターゲット,3,8,Taagetto
プリンセス,プリンセス,3,9,Purinsesu
なし,なし,3,4,Nasi
手段,手段,3,6,Syudan
イベント,イベント,3,6,Ibento
メッセージ,メッセージ,3,8,Messeezi
マヤ,マヤ,3,4,Maya
人種,人種,3,6,Zinsyu
リリース,リリース,3,7,Ririisu
しまっ,しまっ,3,4,Sima
拡大,拡大,3,7,Kakudai
業,業,3,4,Gyou
スターリン,スターリン,3,8,Sutaarin
相当,相当,3,6,Soutou
民間,民間,3,6,Minkan
コース,コース,3,5,Koosu
作詞,作詞,3,6,Sakusi
卿,卿,3,4,Kyou
今週,今週,3,7,Konsyuu
ヒット,ヒット,3,5,Hitto
機関,機関,3,5,Kikan
関税,関税,3,6,Kanzei
予想,予想,3,5,Yosou
意図,意図,3,3,Ito
始まる,始まる,3,8,Hazimaru
炭素,炭素,3,5,Tanso
排出,排出,3,8,Haisyutu
締結,締結,3,7,Teiketu
衝撃,衝撃,3,8,Syougeki
晩年,晩年,3,6,Bannen
ヒッチコック,ヒッチコック,3,11,Hitti kokku
エネルギー,エネルギー,3,8,Enerugii
課す,課す,3,4,Kasu
いつ,いつ,3,3,Itu
登場,登場,3,7,Touzyou
送っ,送っ,3,3,Oku
製作,製作,3,7,Seisaku
唯一,唯一,3,6,Yuiitu
精神,精神,3,6,Seisin
海岸,海岸,3,6,Kaigan
貢献,貢献,3,6,Kouken
環境,環境,3,7,Kankyou
招待,招待,3,7,Syoutai
名誉,名誉,3,5,Meiyo
各,各,3,4,Kaku
オスカー,オスカー,3,6,Osukaa
ブランド,ブランド,3,7,Burando
圧力,圧力,3,8,Aturyoku
価格,価格,3,6,Kakaku
空気,空気,3,5,Kuuki
かなり,かなり,3,6,Kanari
作る,作る,3,6,Tukuru
送信,送信,3,6,Sousin
含ん,含ん,3,5,Hukun
レビュー,レビュー,3,6,Rebyuu
反対,反対,3,6,Hantai
祖母,祖母,3,4,Sobo
内戦,内戦,3,6,Naisen
長官,長官,3,7,Tyoukan
中央,中央,3,6,Tyuuou
ヘンリー,ヘンリー,3,6,Henrii
かつて,かつて,3,6,Katute
過ごし,過ごし,3,6,Sugosi
答え,答え,3,5,Kotae
働い,働い,3,7,Hatarai
もたらさ,もたらさ,3,8,Motarasa
器,器,3,2,Ki
数字,数字,3,5,Suuzi
不在,不在,3,5,Huzai
無効,無効,3,5,Mukou
導く,導く,3,8,Mitibiku
安定,安定,3,5,Antei
番組,番組,3,7,Bangumi
わずか,わずか,3,6,Wazuka
ハーン,ハーン,3,4,Haan
カロライナ,カロライナ,3,9,Karoraina
世代,世代,3,5,Sedai
短,短,3,3,Tan
未,未,3,2,Mi
ボグド,ボグド,3,6,Bogudo
資料,資料,3,6,Siryou
明白,明白,3,7,Meihaku
サービス,サービス,3,7,Saabisu
日付,日付,3,6,Hizuke
特定,特定,3,7,Tokutei
国々,国々,3,8,Kuniguni
共,共,3,4,Tomo
確立,確立,3,8,Kakuritu
命,命,3,5,Inoti
派遣,派遣,3,5,Haken
有名,有名,3,6,Yuumei
ディーゼル,ディーゼル,3,7,Diizeru
当初,当初,3,6,Tousyo
ヘロデ,ヘロデ,3,6,Herode
風,風,3,3,Huu
文書,文書,3,6,Bunsyo
大使,大使,3,5,Taisi
上手く,上手く,3,5,Umaku
協力,協力,3,9,Kyouryoku
トトメス,トトメス,3,8,Totomesu
非,非,3,2,Hi
終了,終了,3,8,Syuuryou
拒否,拒否,3,5,Kyohi
春,春,3,4,Haru
中華,中華,3,6,Tyuuka
探し,探し,3,6,Sagasi
共有,共有,3,7,Kyouyuu
夢,夢,3,4,Yume
もはや,もはや,3,6,Mohaya
資本,資本,3,5,Sihon
病院,病院,3,6,Byouin
言わ,言わ,3,3,Iwa
及び,及び,3,5,Oyobi
抗議,抗議,3,5,Kougi
圏,圏,3,3,Ken
回,回,3,3,Kai
宣伝,宣伝,3,6,Senden
イングランド,イングランド,3,9,Ingurando
キプリング,キプリング,3,9,Kipuringu
根本,根本,3,6,Konpon
保証,保証,3,6,Hosyou
驚き,驚き,3,7,Odoroki
職場,職場,3,7,Syokuba
埋葬,埋葬,3,6,Maisou
最良,最良,3,7,Sairyou
スコットランド,スコットランド,3,12,Sukottorando
構造,構造,3,6,Kouzou
改革,改革,3,7,Kaikaku
良い,良い,3,3,Yoi
テーマ,テーマ,3,5,Teema
公園,公園,3,5,Kouen
事業,事業,3,6,Zigyou
止める,止める,3,6,Tomeru
エピソード,エピソード,3,8,Episoodo
土曜,土曜,2,5,Doyou
助ける,助ける,2,8,Tasukeru
遂げ,遂げ,2,4,Toge
絵,絵,2,1,E
カルロス,カルロス,2,8,Karurosu
変動,変動,2,6,Hendou
挙げ,挙げ,2,3,Age
保つ,保つ,2,6,Tamotu
極端,極端,2,8,Kyokutan
立法,立法,2,6,Rippou
いかに,いかに,2,5,Ikani
番,番,2,3,Ban
チャット,チャット,2,6,Tyatto
恩恵,恩恵,2,5,Onkei
支払う,支払う,2,7,Siharau
葉,葉,2,2,Ha
始まり,始まり,2,8,Hazimari
上がる,上がる,2,5,Agaru
措置,措置,2,4,Soti
マーク,マーク,2,5,Maaku
ポイント,ポイント,2,6,Pointo
取ら,取ら,2,4,Tora
ごと,ごと,2,4,Goto
進む,進む,2,6,Susumu
ファンド,ファンド,2,5,Hando
づけ,づけ,2,4,Zuke
ラビング,ラビング,2,7,Rabingu
廃棄,廃棄,2,5,Haiki
調達,調達,2,8,Tyoutatu
商品,商品,2,7,Syouhin
ツイッター,ツイッター,2,7,Tuittaa
論者,論者,2,6,Ronsya
取締,取締,2,10,Torisimari
顕著,顕著,2,6,Kentyo
普通,普通,2,5,Hutuu
リスト,リスト,2,6,Risuto
靴,靴,2,4,Kutu
社債,社債,2,6,Syasai
忠誠,忠誠,2,7,Tyuusei
見なす,見なす,2,6,Minasu
米,米,2,4,Kome
リード,リード,2,5,Riido
プレミアム,プレミアム,2,9,Puremiamu
生産,生産,2,6,Seisan
余儀,余儀,2,4,Yogi
ゴンザレス,ゴンザレス,2,9,Gonzaresu
ロイヤル,ロイヤル,2,7,Roiyaru
アイルランド,アイルランド,2,9,Airurando
建造,建造,2,6,Kenzou
グランド,グランド,2,7,Gurando
表面,表面,2,7,Hyoumen
悩まさ,悩まさ,2,8,Nayamasa
カーソン,カーソン,2,6,Kaason
肺,肺,2,3,Hai
コットン,コットン,2,6,Kotton
ビル,ビル,2,4,Biru
プレイス,プレイス,2,7,Pureisu
率直,率直,2,8,Sottyoku
思い,思い,2,4,Omoi
敷地,敷地,2,6,Sikiti
こそ,こそ,2,4,Koso
メートル,メートル,2,7,Meetoru
平壌,平壌,2,8,Pyon'Yan
人物,人物,2,7,Zinbutu
登録,登録,2,7,Touroku
ソフト,ソフト,2,6,Sohuto
マン,マン,2,3,Man
ボランティア,ボランティア,2,8,Borantia
アナヤ,アナヤ,2,5,Anaya
ディレクター,ディレクター,2,9,Direkutaa
間違い,間違い,2,7,Matigai
火山,火山,2,5,Kazan
阻害,阻害,2,5,Sogai
ジャティング,ジャティング,2,8,Zyatingu
働く,働く,2,8,Hataraku
高等,高等,2,6,Koutou
設計,設計,2,6,Sekkei
リンク,リンク,2,5,Rinku
密接,密接,2,7,Missetu
表し,表し,2,7,Arawasi
パフォーマンス,パフォーマンス,2,10,Pahoomansu
デザイナー,デザイナー,2,8,Dezainaa
観点,観点,2,6,Kanten
アンディ,アンディ,2,4,Andi
効果,効果,2,5,Kouka
ミス,ミス,2,4,Misu
取り組み,取り組み,2,8,Torikumi
祝い,祝い,2,4,Iwai
プロジェクト,プロジェクト,2,10,Purozekuto
マーティン,マーティン,2,6,Maatin
ウィンターコルン,ウィンターコルン,2,11,Intaa korun
北朝鮮,北朝鮮,2,11,Kitatyousen
件,件,2,3,Ken
首,首,2,4,Kubi
受ける,受ける,2,5,Ukeru
あの,あの,2,3,Ano
作っ,作っ,2,4,Tuku
構築,構築,2,7,Koutiku
ペア,ペア,2,3,Pea
欧州,欧州,2,6,Ousyuu
債,債,2,3,Sai
躊躇,躊躇,2,7,Tyuutyo
全,全,2,3,Zen
亡くなる,亡くなる,2,8,Nakunaru
れれ,れれ,2,4,Rere
トーナメント,トーナメント,2,10,Toonamento
スノー,スノー,2,5,Sunoo
タラ,タラ,2,4,Tara
思っ,思っ,2,3,Omo
続い,続い,2,5,Tuzui
フロリダ,フロリダ,2,8,Hurorida
住民,住民,2,7,Zyuumin
優勢,優勢,2,6,Yuusei
魅力,魅力,2,7,Miryoku
偉業,偉業,2,5,Igyou
波,波,2,4,Nami
頭,頭,2,5,Atama
介入,介入,2,7,Kainyuu
ドス,ドス,2,4,Dosu
フォルクスワーゲン,フォルクスワーゲン,2,14,Horukusuwaagen
日曜,日曜,2,7,Nitiyou
機密,機密,2,6,Kimitu
ドラマ,ドラマ,2,6,Dorama
ケルト,ケルト,2,6,Keruto
終え,終え,2,2,Oe
日常,日常,2,8,Nitizyou
輸入,輸入,2,6,Yunyuu
ジョージ,ジョージ,2,6,Zyoozi
解体,解体,2,6,Kaitai
出馬,出馬,2,7,Syutuba
界,界,2,3,Kai
迎え,迎え,2,5,Mukae
ゲイヤー,ゲイヤー,2,7,Ge iyaa
入り,入り,2,3,Iri
体制,体制,2,6,Taisei
ポーランド,ポーランド,2,8,Poorando
スタジオ,スタジオ,2,7,Sutazio
回避,回避,2,5,Kaihi
フィクション,フィクション,2,8,Hikusyon
経営,経営,2,5,Keiei
障害,障害,2,7,Syougai
見つけ,見つけ,2,6,Mituke
エディンバラ,エディンバラ,2,8,Edinbara
妥協,妥協,2,6,Dakyou
ミュージカル,ミュージカル,2,10,Myuuzikaru
精巧,精巧,2,6,Seikou
率いる,率いる,2,7,Hikiiru
弟,弟,2,6,Otouto
像,像,2,4,Goto
行為,行為,2,4,Koui
銃撃,銃撃,2,8,Zyuugeki
非難,非難,2,5,Hinan
検討,検討,2,6,Kentou
相手,相手,2,4,Aite
ジョセフ,ジョセフ,2,7,Zyosehu
ニコラス,ニコラス,2,8,Nikorasu
子孫,子孫,2,5,Sison
記事,記事,2,4,Kizi
対抗,対抗,2,6,Taikou
新,新,2,3,Sin
ジム,ジム,2,4,Zimu
兄弟,兄弟,2,7,Kyoudai
トラック,トラック,2,7,Torakku
チャンピオン,チャンピオン,2,8,Tyanpion
父親,父親,2,7,Titioya
ラブーフ,ラブーフ,2,7,Rabuuhu
楽曲,楽曲,2,8,Gakkyoku
バンド,バンド,2,5,Bando
出,出,2,2,De
市民,市民,2,5,Simin
社,社,2,3,Sya
ラボ,ラボ,2,4,Rabo
会議,会議,2,5,Kaigi
天津,天津,2,6,Tensin
同意,同意,2,4,Doui
総督,総督,2,7,Soutoku
女,女,2,4,Onna
起源,起源,2,5,Kigen
祖先,祖先,2,5,Sosen
地上,地上,2,6,Tizyou
勃発,勃発,2,7,Boppatu
選ば,選ば,2,5,Eraba
死後,死後,2,4,Sigo
明治,明治,2,5,Meizi
著しく,著しく,2,11,Itizirusiku
慣習,慣習,2,7,Kansyuu
小型,小型,2,6,Kogata
フォード,フォード,2,5,Hoodo
ほか,ほか,2,4,Hoka
再,再,2,3,Sai
栽培,栽培,2,6,Saibai
シチリア,シチリア,2,7,Sitiria
ラマー,ラマー,2,5,Rama-
舞台,舞台,2,5,Butai
宣告,宣告,2,7,Senkoku
ジョゼフ,ジョゼフ,2,7,Zyozehu
出会っ,出会っ,2,3,Dea
演劇,演劇,2,6,Engeki
館,館,2,6,Yakata
衝突,衝突,2,8,Syoutotu
ヘルツル,ヘルツル,2,8,Heruturu
組む,組む,2,4,Kumu
備え,備え,2,5,Sonae
ポスター,ポスター,2,7,Posutaa
制作,制作,2,7,Seisaku
衰え,衰え,2,6,Otoroe
高地,高地,2,5,Kouti
ディスプレイ,ディスプレイ,2,9,Disupurei
果たし,果たし,2,6,Hatasi
博士,博士,2,6,Hakase
アルバレス,アルバレス,2,9,Arubaresu
多大,多大,2,5,Tadai
指示,指示,2,4,Sizi
ゴール,ゴール,2,5,Gooru
死亡,死亡,2,5,Sibou
試料,試料,2,6,Siryou
統計,統計,2,6,Toukei
エンデュランス,エンデュランス,2,10,Endyuransu
友好,友好,2,6,Yuukou
報道,報道,2,6,Houdou
試み,試み,2,8,Kokoromi
進展,進展,2,6,Sinten
丘陵,丘陵,2,8,Kyuuryou
許さ,許さ,2,6,Yurusa
入植,入植,2,9,Nyuusyoku
織物,織物,2,7,Orimono
数十,数十,2,7,Suuzyuu
ラテンアメリカ,ラテンアメリカ,2,13,Raten'Amerika
廃止,廃止,2,5,Haisi
急進,急進,2,7,Kyuusin
姿勢,姿勢,2,5,Sisei
リーダー,リーダー,2,6,Riidaa
ストリート,ストリート,2,9,Sutoriito
読む,読む,2,4,Yomu
サンタ,サンタ,2,5,Santa
法王,法王,2,5,Houou
排除,排除,2,6,Haizyo
南極,南極,2,8,Nankyoku
ミケーネ,ミケーネ,2,7,Mikeene
閉鎖,閉鎖,2,5,Heisa
小,小,2,2,Ko
肢,肢,2,2,Si
アントニオ,アントニオ,2,7,Antonio
マルコ,マルコ,2,6,Maruko
地位,地位,2,3,Tii
ポンペイウス,ポンペイウス,2,9,Ponpeiusu
変遷,変遷,2,6,Hensen
バーゴイン,バーゴイン,2,8,Baago in
灯台,灯台,2,6,Toudai
堂,堂,2,3,Dou
礼拝,礼拝,2,6,Reihai
ニコライ,ニコライ,2,7,Nikorai
モリコーネ,モリコーネ,2,9,Morikoone
侵略,侵略,2,8,Sinryaku
ナポレオン,ナポレオン,2,8,Naporeon
死刑,死刑,2,5,Sikei
競馬,競馬,2,5,Keiba
アーティスト,アーティスト,2,8,Aatisuto
ベルギー,ベルギー,2,7,Berugii
中世,中世,2,7,Tyuusei
採択,採択,2,7,Saitaku
ジョリオ,ジョリオ,2,6,Zyorio
現金,現金,2,6,Genkin
裁定,裁定,2,6,Saitei
スポークスマン,スポークスマン,2,12,Supookusuman
警官,警官,2,6,Keikan
広大,広大,2,6,Koudai
全土,全土,2,5,Zendo
つつ,つつ,2,4,Tutu
承認,承認,2,7,Syounin
アート,アート,2,4,Aato
育っ,育っ,2,4,Soda
デイビッド,デイビッド,2,8,Deibiddo
ペべ,ペべ,2,5,Pe be
派,派,2,2,Ha
下院,下院,2,4,Kain
繰り広げ,繰り広げ,2,10,Kurihiroge
レーガン,レーガン,2,6,Reegan
釈放,釈放,2,8,Syakuhou
ヨーク,ヨーク,2,5,Yooku
優勝,優勝,2,7,Yuusyou
シーズン,シーズン,2,6,Siizun
プロセス,プロセス,2,8,Purosesu
コスト,コスト,2,6,Kosuto
リットル,リットル,2,7,Rittoru
あらゆる,あらゆる,2,7,Arayuru
一員,一員,2,5,Itiin
アンセルミ,アンセルミ,2,8,Anserumi
ティナ,ティナ,2,4,Tina
勤務,勤務,2,5,Kinmu
当,当,2,5,Atari
解決,解決,2,7,Kaiketu
起こる,起こる,2,5,Okoru
発言,発言,2,7,Hatugen
ファシスト,ファシスト,2,8,Hasisuto
保守,保守,2,5,Hosyu
扱う,扱う,2,6,Atukau
発達,発達,2,7,Hattatu
レーベル,レーベル,2,7,Reeberu
急,急,2,4,Kyuu
エルドアン,エルドアン,2,7,Erudoan
ヒラリー,ヒラリー,2,7,Hirarii
バローゾ,バローゾ,2,7,Baroozo
終わり,終わり,2,5,Owari
家畜,家畜,2,6,Katiku
広範,広範,2,6,Kouhan
穀物,穀物,2,8,Kokumotu
黒海,黒海,2,6,Kokkai
近隣,近隣,2,6,Kinrin
流出,流出,2,9,Ryuusyutu
水力,水力,2,8,Suiryoku
ヤシ,ヤシ,2,4,Yasi
儀式,儀式,2,6,Gisiki
枝,枝,2,3,Eda
北西,北西,2,7,Hokusei
反応,反応,2,6,Hannou
加盟,加盟,2,5,Kamei
あるいは,あるいは,2,6,Aruiha
カンザス,カンザス,2,7,Kanzasu
流入,流入,2,8,Ryuunyuu
まず,まず,2,4,Mazu
西部,西部,2,5,Seibu
地形,地形,2,5,Tikei
平野,平野,2,5,Heiya
属し,属し,2,6,Zokusi
ウクライナ,ウクライナ,2,8,Ukuraina
デルタ,デルタ,2,6,Deruta
北海,北海,2,6,Hokkai
マグマ,マグマ,2,6,Maguma
解任,解任,2,6,Kainin
トーマス,トーマス,2,7,Toomasu
示す,示す,2,6,Simesu
機械,機械,2,5,Kikai
広がる,広がる,2,8,Hirogaru
地面,地面,2,5,Zimen
周辺,周辺,2,7,Syuuhen
嵐,嵐,2,5,Arasi
砂塵,砂塵,2,5,Sazin
連れ,連れ,2,4,Ture
カヌー,カヌー,2,5,Kanuu
アラスカ,アラスカ,2,7,Arasuka
超え,超え,2,3,Koe
扱わ,扱わ,2,7,Atukawa
南米,南米,2,6,Nanbei
危険,危険,2,5,Kiken
生態,生態,2,6,Seitai
良好,良好,2,7,Ryoukou
増大,増大,2,6,Zoudai
大幅,大幅,2,6,Oohaba
木製,木製,2,7,Mokusei
ドナウ,ドナウ,2,5,Donau
論争,論争,2,6,Ronsou
峡谷,峡谷,2,8,Kyoukoku
ノルウェー,ノルウェー,2,6,Noruee
制圧,制圧,2,6,Seiatu
モイミール,モイミール,2,8,Moimiiru
スロバキア,スロバキア,2,9,Surobakia
公国,公国,2,7,Koukoku
雨季,雨季,2,3,Uki
基づい,基づい,2,7,Motozui
天気,天気,2,5,Tenki
気団,気団,2,5,Kidan
広く,広く,2,6,Hiroku
大臣,大臣,2,6,Daizin
行政,行政,2,7,Gyousei
モナコ,モナコ,2,6,Monako
エル,エル,2,3,Eru
初,初,2,4,Hatu
有し,有し,2,5,Yuusi
兵士,兵士,2,5,Heisi
海峡,海峡,2,7,Kaikyou
オバマ,オバマ,2,5,Obama
頼っ,頼っ,2,4,Tayo
スウェーデン,スウェーデン,2,7,Sueeden
別々,別々,2,8,Betubetu
行き,行き,2,3,Iki
サーミ,サーミ,2,5,Saami
重,重,2,1,E
終わっ,終わっ,2,3,Owa
死,死,2,2,Si
ワイン,ワイン,2,4,Wain
アルコール,アルコール,2,8,Arukooru
ラグーン,ラグーン,2,6,Raguun
アウグストゥス,アウグストゥス,2,10,Augusutusu
フェニキア,フェニキア,2,7,Henikia
ルート,ルート,2,5,Ruuto
長年,長年,2,7,Naganen
分野,分野,2,6,Bun'ya
複数,複数,2,7,Hukusuu
就労,就労,2,7,Syuurou
統一,統一,2,6,Touitu
対策,対策,2,7,Taisaku
溶かし,溶かし,2,6,Tokasi
周囲,周囲,2,5,Syuui
大気,大気,2,5,Taiki
諸,諸,2,3,Syo
圧倒,圧倒,2,5,Attou
急速,急速,2,8,Kyuusoku
ベニス,ベニス,2,6,Benisu
高く,高く,2,6,Takaku
もたらし,もたらし,2,8,Motarasi
中等,中等,2,7,Tyuutou
将来,将来,2,7,Syourai
留まる,留まる,2,6,Tomaru
執筆,執筆,2,7,Sippitu
恋,恋,2,3,Koi
トリックス,トリックス,2,9,Torikkusu
サウスシー,サウスシー,2,8,Saususii
大きい,大きい,2,5,Ookii
裏付ける,裏付ける,2,9,Urazukeru
証拠,証拠,2,6,Syouko
ヒスパニア,ヒスパニア,2,9,Hisupania
測定,測定,2,7,Sokutei
満月,満月,2,7,Mangetu
展開,展開,2,6,Tenkai
反,反,2,3,Han
依頼,依頼,2,4,Irai
パルマ,パルマ,2,6,Paruma
具体,具体,2,5,Gutai
低下,低下,2,5,Teika
称号,称号,2,7,Syougou
故,故,2,2,Ko
譲渡,譲渡,2,6,Zyouto
西側,西側,2,8,Nisigawa
キューバ,キューバ,2,6,Kyuuba
君主,君主,2,6,Kunsyu
通し,通し,2,5,Toosi
満足,満足,2,7,Manzoku
守ら,守ら,2,6,Mamora
スパルタ,スパルタ,2,8,Suparuta
分割,分割,2,7,Bunkatu
フィリッポス,フィリッポス,2,9,Hiripposu
出発,出発,2,8,Syuppatu
追放,追放,2,6,Tuihou
洗礼,洗礼,2,6,Senrei
団,団,2,3,Dan
アラブ,アラブ,2,5,Arabu
約束,約束,2,8,Yakusoku
本人,本人,2,6,Honnin
所得,所得,2,7,Syotoku
放棄,放棄,2,5,Houki
貴族,貴族,2,6,Kizoku
アルドリン,アルドリン,2,8,Arudorin
タイトル,タイトル,2,7,Taitoru
沈,沈,2,3,Tin
劇,劇,2,4,Geki
詩,詩,2,2,Si
全般,全般,2,6,Zenpan
司法,司法,2,5,Sihou
見え,見え,2,3,Mie
聖書,聖書,2,6,Seisyo
ジェームス,ジェームス,2,7,Zeemusu
失敗,失敗,2,6,Sippai
カデシュ,カデシュ,2,7,Kadesyu
没落,没落,2,8,Boturaku
満州,満州,2,7,Mansyuu
民国,民国,2,7,Minkoku
空間,空間,2,6,Kuukan
国立,国立,2,8,Kokuritu
崩壊,崩壊,2,6,Houkai
王朝,王朝,2,6,Outyou
送り,送り,2,5,Okuri
編集,編集,2,7,Hensyuu
数々,数々,2,8,Kazukazu
落とし,落とし,2,5,Otosi
シルト,シルト,2,6,Siruto
壁,壁,2,4,Kabe
肥料,肥料,2,6,Hiryou
変わり,変わり,2,6,Kawari
記録,記録,2,6,Kiroku
干支,干支,2,3,Eto
旧暦,旧暦,2,8,Kyuureki
記さ,記さ,2,6,Sirusa
焼失,焼失,2,8,Syousitu
カナン,カナン,2,5,Kanan
青銅,青銅,2,6,Seidou
中東,中東,2,7,Tyuutou
型,型,2,4,Gata
石,石,2,3,Isi
神,神,2,4,Kami
いえる,いえる,2,4,Ieru
上院,上院,2,6,Zyouin
後悔,後悔,2,6,Koukai
医学,医学,2,5,Igaku
応じ,応じ,2,4,Ouzi
遼,遼,2,4,Ryou
契丹,契丹,2,6,Kittan
ケープタウン,ケープタウン,2,10,Keepu taun
通っ,通っ,2,3,Too
効く,効く,2,4,Kiku
育て,育て,2,6,Sodate
残念,残念,2,6,Zannen
会い,会い,2,2,Ai
事,事,2,4,Koto
運動,運動,2,5,Undou
たる,たる,2,4,Taru
地点,地点,2,5,Titen
露出,露出,2,7,Rosyutu
業務,業務,2,6,Gyoumu
プロデューサー,プロデューサー,2,11,Purodyuusaa
想像,想像,2,6,Souzou
突然,突然,2,7,Totuzen
オプション,オプション,2,7,Opusyon
比べ,比べ,2,6,Kurabe
追加,追加,2,5,Tuika
ロビイスト,ロビイスト,2,9,Robiisuto
異なる,異なる,2,8,Kotonaru
作り出す,作り出す,2,10,Tukuridasu
スキャンダル,スキャンダル,2,10,Sukyandaru
生成,生成,2,6,Seisei
表示,表示,2,6,Hyouzi
明るみ,明るみ,2,7,Akarumi
生徒,生徒,2,5,Seito
結ん,結ん,2,5,Musun
女史,女史,2,5,Zyosi
セクション,セクション,2,8,Sekusyon
台無し,台無し,2,7,Dainasi
ピュー,ピュー,2,4,Pyuu
恐れ,恐れ,2,5,Osore
背景,背景,2,6,Haikei
ボール,ボール,2,5,Booru
店,店,2,3,Ten
園,園,2,2,En
ヘモグロビン,ヘモグロビン,2,11,Hemogurobin
対象,対象,2,7,Taisyou
日間,日間,2,5,Kakan
好き,好き,2,4,Suki
コマーシャル,コマーシャル,2,10,Komaasyaru
実験,実験,2,6,Zikken
驚く,驚く,2,7,Odoroku
鉄道,鉄道,2,7,Tetudou
団体,団体,2,6,Dantai
気質,気質,2,6,Kisitu
さらなる,さらなる,2,8,Saranaru
雨,雨,2,3,Ame
雲,雲,2,4,Kumo
クリスチャン,クリスチャン,2,10,Kurisutyan
ステップ,ステップ,2,7,Suteppu
長い,長い,2,5,Nagai
ポスト,ポスト,2,6,Posuto
薬,薬,2,6,Kusuri
ホルモン,ホルモン,2,7,Horumon
スーパー,スーパー,2,6,Suupaa
強力,強力,2,9,Kyouryoku
信念,信念,2,6,Sinnen
定期,定期,2,5,Teiki
考える,考える,2,8,Kangaeru
すぎる,すぎる,2,6,Sugiru
創設,創設,2,7,Sousetu
引き出す,引き出す,2,8,Hikidasu
レート,レート,2,5,Reeto
任期,任期,2,5,Ninki
打倒,打倒,2,5,Datou
ロケット,ロケット,2,7,Roketto
ジャーナリスト,ジャーナリスト,2,12,Zyaanarisuto
ひとりぼっち,ひとりぼっち,2,11,Hitoribotti
わかる,わかる,2,6,Wakaru
顔,顔,2,3,Kao
待つ,待つ,2,4,Matu
有権,有権,2,6,Yuuken
保存,保存,2,5,Hozon
治療,治療,2,6,Tiryou
果たす,果たす,2,6,Hatasu
発行,発行,2,6,Hakkou
ソーシャル,ソーシャル,2,8,Soosyaru
被っ,被っ,2,4,Kabu
例えば,例えば,2,7,Tatoeba
正しい,正しい,2,7,Tadasii
控えめ,控えめ,2,7,Hikaeme
か月,か月,2,6,Kagetu
飛行,飛行,2,5,Hikou
クライン,クライン,2,6,Kurain
規定,規定,2,5,Kitei
徴収,徴収,2,8,Tyousyuu
規則,規則,2,6,Kisoku
浮き彫り,浮き彫り,2,7,Ukibori
版,版,2,3,Ban
額,額,2,4,Gaku
国連,国連,2,7,Kokuren
役立つ,役立つ,2,8,Yakudatu
求め,求め,2,6,Motome
職人,職人,2,8,Syokunin
ユニット,ユニット,2,7,Yunitto
グループ,グループ,2,7,Guruupu
引用,引用,2,6,In'you
温暖,温暖,2,5,Ondan
起訴,起訴,2,4,Kiso
規制,規制,2,5,Kisei
強化,強化,2,6,Kyouka
熟練,熟練,2,8,Zyukuren
先月,先月,2,7,Sengetu
はるか,はるか,2,7,Haru ka
分離,分離,2,5,Bunri
容疑,容疑,2,5,Yougi
ナイル,ナイル,2,6,Nai ru
却下,却下,2,6,Kyakka
しまう,しまう,2,5,Simau
賞賛,賞賛,2,7,Syousan
ガイドライン,ガイドライン,2,9,Gaidorain
ニューヨーク,ニューヨーク,2,9,Nyuuyooku
サイト,サイト,2,5,Saito
かかっ,かかっ,2,4,Kaka
ヒル,ヒル,2,4,Hiru
稀,稀,2,2,Ki
夜,夜,2,4,Yoru
ブラジル,ブラジル,2,8,Buraziru
大麻,大麻,2,5,Taima
入れ,入れ,2,3,Ire
南アフリカ,南アフリカ,2,13,Minamiahurika
地図,地図,2,4,Tizu
教える,教える,2,6,Osieru
ダッフィー,ダッフィー,2,6,Dahhii
バージョン,バージョン,2,7,Baazyon
差別,差別,2,6,Sabetu
状,状,2,4,Zyou
住宅,住宅,2,8,Zyuutaku
酸化,酸化,2,5,Sanka
料金,料金,2,7,Ryoukin
完了,完了,2,7,Kanryou
事務,事務,2,4,Zimu
階級,階級,2,7,Kaikyuu
アボッツフォード,アボッツフォード,2,11,Abottuhoodo
挑戦,挑戦,2,7,Tyousen
グローバル,グローバル,2,9,Guroobaru
テロ,テロ,2,4,Tero
わかっ,わかっ,2,4,Waka
参入,参入,2,7,Sannyuu
今朝,今朝,2,4,Kesa
つもり,つもり,2,6,Tumori
感じ,感じ,2,5,Kanzi
現,現,2,3,Gen
委員,委員,2,3,Iin
失わ,失わ,2,7,Usinawa
リーヴ,リーヴ,2,5,Riivu
局,局,2,5,Kyoku
化学,化学,2,6,Kagaku
セガール,セガール,2,7,Segaaru
アナリスト,アナリスト,2,9,Anarisuto
示さ,示さ,2,6,Simesa
災害,災害,2,6,Saigai
才能,才能,2,6,Sainou
賞与,賞与,2,6,Syouyo
交差,交差,2,5,Kousa
たった,たった,2,5,Tatta
アイデア,アイデア,2,5,Aidea
マイリス,マイリス,2,8,Mai risu
コンサート,コンサート,2,8,Konsaato
美,美,2,2,Bi
基準,基準,2,6,Kizyun
興味,興味,2,6,Kyoumi
感じる,感じる,2,7,Kanziru
伸び,伸び,2,4,Nobi
当然,当然,2,6,Touzen
南東,南東,2,6,Nantou
クラブ,クラブ,2,6,Kurabu
選,選,2,3,Sen
証明,証明,2,7,Syoumei
学ん,学ん,2,5,Manan
望ん,望ん,2,5,Nozon
政策,政策,2,7,Seisaku
いくら,いくら,2,5,Ikura
大好き,大好き,2,7,Daisuki
患者,患者,2,6,Kanzya
広告,広告,2,7,Koukoku
訪れ,訪れ,2,7,Otozure
熟知,熟知,2,7,Zyukuti
年齢,年齢,2,6,Nenrei
タルロ,タルロ,2,7,Ta ruro
チーム,チーム,2,5,Tiimu
木曜,木曜,2,7,Mokuyou
ドレス,ドレス,2,6,Doresu
あたり,あたり,2,5,Atari
最悪,最悪,2,6,Saiaku
取る,取る,2,4,Toru
交通,交通,2,6,Koutuu
捜査,捜査,2,5,Sousa
割合,割合,2,6,Wariai
救っ,救っ,2,4,Suku
取り入れる,取り入れる,2,9,Toriireru
韓国,韓国,2,7,Kankoku
設定,設定,2,6,Settei
禁止,禁止,2,5,Kinsi
なさ,なさ,2,4,Nasa
側,側,2,4,Gawa
白人,白人,2,7,Hakuzin
よく,よく,2,4,Yoku
着実,着実,2,9,Tyakuzitu
気づい,気づい,2,5,Kizui
製,製,2,3,Sei
回答,回答,2,6,Kaitou
疑問,疑問,2,5,Gimon
コード,コード,2,5,Koodo
部品,部品,2,5,Buhin
収入,収入,2,8,Syuunyuu
パーティ,パーティ,2,5,Paati
ファースト,ファースト,2,7,Haasuto
受け取っ,受け取っ,2,5,Uketo
食物,食物,2,9,Syokumotu
医師,医師,2,3,Isi
金額,金額,2,7,Kingaku
上位,上位,2,5,Zyoui
限定,限定,2,6,Gentei
リンカーン,リンカーン,2,7,Rinkaan
無,無,2,2,Mu
生存,生存,2,6,Seizon
知り,知り,2,4,Siri
豚,豚,2,4,Buta
作,作,2,4,Saku
教師,教師,2,6,Kyousi
相違,相違,2,4,Soui
享受,享受,2,7,Kyouzyu
うまく,うまく,2,5,Umaku
掲載,掲載,2,6,Keisai
サラ,サラ,2,4,Sara
議員,議員,2,4,Giin
まさに,まさに,2,7,Masa ni
水上,水上,2,7,Suizyou
子,子,2,2,Ko
広報,広報,2,6,Kouhou
カタラーノ,カタラーノ,2,9,Kataraano
恐ろしい,恐ろしい,2,8,Osorosii
ラジオ,ラジオ,2,5,Razio
購入,購入,2,7,Kounyuu
グレード,グレード,2,7,Gureedo
クリス,クリス,2,6,Kurisu
しまい,しまい,2,5,Simai
豊か,豊か,2,6,Yutaka
会っ,会っ,2,1,A
停止,停止,2,5,Teisi
長期,長期,2,6,Tyouki
私的,私的,2,12,Watakusiteki
一番,一番,2,6,Itiban
スポンサー,スポンサー,2,8,Suponsaa
カレル,カレル,2,6,Kareru
赤ん坊,赤ん坊,2,7,Akanbou
多,多,2,2,Ta
石炭,石炭,2,7,Sekitan
手術,手術,2,8,Syuzyutu
グラスゴー,グラスゴー,2,10,Gurasu goo
大会,大会,2,6,Taikai
アシスタント,アシスタント,2,10,Asisutanto
ジョンソン,ジョンソン,1,7,Zyonson
マペッツ,マペッツ,1,7,Mapettu
サイエンス,サイエンス,1,7,Saiensu
シンガー,シンガー,1,6,Singaa
ソングライター,ソングライター,1,11,Songuraitaa
アーク,アーク,1,4,Aaku
極悪,極悪,1,7,Gokuaku
デッカ,デッカ,1,5,Dekka
マーベル,マーベル,1,7,Maaberu
ピギー,ピギー,1,5,Pigii
サノス,サノス,1,6,Sanosu
諜報,諜報,1,7,Tyouhou
受付,受付,1,7,Uketuke
原子,原子,1,5,Gensi
認定,認定,1,6,Nintei
係,係,1,6,Gakari
パートナー,パートナー,1,8,Paatonaa
ライアン,ライアン,1,5,Raian
ベル,ベル,1,4,Beru
ウェディング,ウェディング,1,6,Edingu
憧れ,憧れ,1,7,Akogare
シーゲル,シーゲル,1,7,Siigeru
図像,図像,1,5,Zuzou
ジェイソン,ジェイソン,1,6,Zeison
スティーラーズ,スティーラーズ,1,10,Sutiiraazu
ホイール,ホイール,1,6,Hoiiru
イーガン,イーガン,1,5,Iigan
結成,結成,1,6,Kessei
メソアメリカ,メソアメリカ,1,11,Mesoamerika
次号,次号,1,5,Zigou
究極,究極,1,9,Kyuukyoku
筋書き,筋書き,1,8,Suzigaki
ストーラー,ストーラー,1,8,Sutooraa
防御,防御,1,6,Bougyo
ストーリー,ストーリー,1,8,Sutoorii
欠ける,欠ける,1,6,Kakeru
同年,同年,1,6,Dounen
堅苦し,堅苦し,1,10,Katakurusi
フィッシング,フィッシング,1,8,Hissingu
ウアシャクトゥン,ウアシャクトゥン,1,10,Uasyakutun
イヴ,イヴ,1,3,Ivu
ほう,ほう,1,3,Hou
ペテン,ペテン,1,5,Peten
パワー,パワー,1,5,Pawaa
見解,見解,1,6,Kenkai
ナショナリズム,ナショナリズム,1,13,Nasyonarizumu
奨励,奨励,1,7,Syourei
関わっ,関わっ,1,6,Kakawa
中断,中断,1,7,Tyuudan
練習,練習,1,7,Rensyuu
週,週,1,4,Syuu
築く,築く,1,6,Kizuku
トレーニング,トレーニング,1,10,Toreeningu
ウェイト,ウェイト,1,4,Eito
便利,便利,1,5,Benri
直系,直系,1,7,Tyokkei
ネットワーク,ネットワーク,1,10,Nettowaaku
保安,保安,1,4,Hoan
徳川,徳川,1,8,Tokugawa
ベリヤ,ベリヤ,1,6,Beriya
家康,家康,1,6,Ieyasu
アバクーモフ,アバクーモフ,1,10,Abakuumohu
サンローラン,サンローラン,1,9,Sanrooran
取組,取組,1,8,Torikumi
サーモン,サーモン,1,6,Saamon
組ん,組ん,1,3,Kun
選集,選集,1,7,Sensyuu
スター,スター,1,5,Sutaa
コメディ,コメディ,1,6,Komedi
録音,録音,1,6,Rokuon
空港,空港,1,6,Kuukou
スコット,スコット,1,7,Sukotto
没,没,1,2,Bo
クリスティン,クリスティン,1,9,Kurisutin
ヒュー,ヒュー,1,4,Hyuu
マーフィー,マーフィー,1,6,Maahi-
マクレガー,マクレガー,1,9,Makuregaa
ユアン,ユアン,1,4,Yuan
ハルストレム,ハルストレム,1,12,Harusutoremu
ラッセ,ラッセ,1,5,Rasse
抜擢,抜擢,1,7,Batteki
イメージ,イメージ,1,6,Imeezi
リーチ,リーチ,1,5,Riiti
オピウム,オピウム,1,6,Opiumu
香水,香水,1,6,Kousui
トンプソン,トンプソン,1,8,Tonpuson
家系,家系,1,5,Kakei
帆,帆,1,2,Ho
ライセンス,ライセンス,1,8,Raisensu
ブルース,ブルース,1,7,Buruusu
メイト,メイト,1,5,Meito
ブロッホ,ブロッホ,1,7,Burohho
マルクス,マルクス,1,8,Marukusu
原則,原則,1,7,Gensoku
願い,願い,1,5,Negai
神秘,神秘,1,5,Sinpi
本来,本来,1,6,Honrai
備わっ,備わっ,1,6,Sonawa
黙示,黙示,1,6,Mokusi
神学,神学,1,7,Singaku
現役,現役,1,7,Gen'eki
未来,未来,1,5,Mirai
テネシー,テネシー,1,7,Tenesii
ナッシュビル,ナッシュビル,1,11,Nassyu biru
移し,移し,1,5,Utusi
挫折,挫折,1,6,Zasetu
尊敬,尊敬,1,6,Sonkei
サムスン,サムスン,1,7,Samusun
ガムソン,ガムソン,1,8,Gamu son
着手,着手,1,8,Tyakusyu
生き残っ,生き残っ,1,7,Ikinoko
ウィリス,ウィリス,1,5,Irisu
現職,現職,1,8,Gensyoku
麗し,麗し,1,7,Uruwasi
サブリナ,サブリナ,1,8,Saburina
ハンフリー,ハンフリー,1,8,Hanhurii
ボガート,ボガート,1,7,Bogaato
気楽,気楽,1,6,Kiraku
プレイ,プレイ,1,5,Purei
ボーイ,ボーイ,1,4,Booi
弟役,弟役,1,10,Otoutoyaku
人工,人工,1,6,Zinkou
ジミー,ジミー,1,5,Zimii
未遂,未遂,1,5,Misui
カーター,カーター,1,6,Kaataa
イラン,イラン,1,4,Iran
人質,人質,1,8,Hitoziti
議席,議席,1,6,Giseki
留まっ,留まっ,1,4,Toma
退院,退院,1,5,Taiin
暗殺,暗殺,1,6,Ansatu
スクリッティ,スクリッティ,1,9,Sukuritti
ポリッティ,ポリッティ,1,7,Poritti
取り付け,取り付け,1,8,Torituke
失う,失う,1,6,Usinau
ランボーズ,ランボーズ,1,9,Ran boozu
サード,サード,1,5,Saado
冒頭,冒頭,1,6,Boutou
カ国,カ国,1,6,Kakoku
案,案,1,2,An
宗主,宗主,1,6,Sousyu
設ける,設ける,1,7,Moukeru
自社,自社,1,5,Zisya
繋がり,繋がり,1,8,Tunagari
関わら,関わら,1,8,Kakawara
明かし,明かし,1,5,Akasi
具合,具合,1,4,Guai
狭め,狭め,1,6,Sebame
バッテリ,バッテリ,1,7,Batteri
サラマーン,サラマーン,1,9,Sara maan
老練,老練,1,6,Rouren
財務,財務,1,5,Zaimu
モハンマド,モハンマド,1,9,Mohanmado
アルジャダーン,アルジャダーン,1,10,Aruzyadaan
交換,交換,1,6,Koukan
リトル,リトル,1,6,Ritoru
ガイド,ガイド,1,5,Gaido
ヒッチハイク,ヒッチハイク,1,10,Hittihaiku
銀河,銀河,1,5,Ginga
伝わっ,伝わっ,1,6,Tutawa
もう,もう,1,3,Mou
気,気,1,2,Ge
信じよう,信じよう,1,8,Sinziyou
ファーウェイ,ファーウェイ,1,5,Haaei
ドーセット,ドーセット,1,9,Doo setto
プール,プール,1,5,Puuru
サマセット,サマセット,1,10,Sama setto
ウェルズ,ウェルズ,1,5,Eruzu
コミック,コミック,1,7,Komikku
ブック,ブック,1,5,Bukku
コンテ,コンテ,1,5,Konte
コンセプチュアル,コンセプチュアル,1,13,Konseputyuaru
切り替え,切り替え,1,7,Kirikae
手がけ,手がけ,1,6,Tegake
仲間,仲間,1,6,Nakama
ガース,ガース,1,5,Gaasu
ジェニングス,ジェニングス,1,9,Zeningusu
友達,友達,1,8,Tomodati
ヘプバーン,ヘプバーン,1,8,Hepubaan
オードリー,オードリー,1,7,Oodorii
抱き,抱き,1,5,Idaki
警備,警備,1,5,Keibi
演説,演説,1,6,Enzetu
両国,両国,1,8,Ryoukoku
検問,検問,1,6,Kenmon
経,経,1,2,He
チェコスロヴァキア,チェコスロヴァキア,1,13,Tekosurovakia
入ろう,入ろう,1,6,Hairou
ズデーテン,ズデーテン,1,8,Zudeeten
農民,農民,1,6,Noumin
チェコ,チェコ,1,4,Teko
乗客,乗客,1,9,Zyoukyaku
小説,小説,1,8,Syousetu
ピアフ,ピアフ,1,5,Piahu
モーモネ,モーモネ,1,7,Moomone
街,街,1,3,Gai
歌っ,歌っ,1,3,Uta
マルセル,マルセル,1,8,Maruseru
部屋,部屋,1,4,Heya
残さ,残さ,1,5,Zansa
スミス,スミス,1,6,Sumisu
同社,同社,1,6,Dousya
内閣,内閣,1,7,Naikaku
チェンバレン,チェンバレン,1,8,Tenbaren
対面,対面,1,6,Taimen
ヒトラー,ヒトラー,1,7,Hitoraa
ゴードン,ゴードン,1,6,Goodon
レヴィット,レヴィット,1,7,Revitto
ルーパー,ルーパー,1,6,Ruupaa
ヴァレンティノ,ヴァレンティノ,1,9,Varentino
ステレオタイプ,ステレオタイプ,1,13,Sutereo taipu
距離,距離,1,5,Kyori
置こう,置こう,1,4,Okou
シェンク,シェンク,1,5,Senku
ロミオ,ロミオ,1,5,Romio
ジュリエット,ジュリエット,1,9,Zyurietto
一作,一作,1,6,Issaku
ノーマ,ノーマ,1,5,Nooma
タルマッジ,タルマッジ,1,10,Ta rumazzi
ヴァレンティ,ヴァレンティ,1,7,Varenti
配役,配役,1,7,Haiyaku
ハリファックス,ハリファックス,1,12,Hari hakkusu
枢密,枢密,1,7,Suumitu
議長,議長,1,6,Gityou
忘れ去ら,忘れ去ら,1,10,Wasuresara
スカイラーク,スカイラーク,1,10,Sukairaaku
恋心,恋心,1,9,Koigokoro
ゴーント,ゴーント,1,6,Goonto
機内,機内,1,5,Kinai
シード,シード,1,5,Siido
エラニ,エラニ,1,6,Era ni
ブシャール,ブシャール,1,8,Busyaaru
セシリー,セシリー,1,7,Sesirii
プランタジネット,プランタジネット,1,14,Purantazinetto
インターフェイス,インターフェイス,1,10,Intaaheisu
エドワード,エドワード,1,8,Edowaado
ジョーン,ジョーン,1,5,Zyoon
騎士,騎士,1,4,Kisi
前兆,前兆,1,7,Zentyou
知能,知能,1,5,Tinou
弟子,弟子,1,4,Desi
塔,塔,1,3,Tou
女優,女優,1,6,Zyoyuu
グロリア,グロリア,1,7,Guroria
ホールデン,ホールデン,1,8,Hooruden
離婚,離婚,1,5,Rikon
熱い,熱い,1,4,Atui
前回,前回,1,6,Zenkai
アナウンサー,アナウンサー,1,8,Anaunsaa
ゲスト,ゲスト,1,6,Gesuto
モントリオール,モントリオール,1,11,Montoriooru
メイヤー,メイヤー,1,6,Meiyaa
漠然,漠然,1,7,Bakuzen
ひび,ひび,1,4,Hibi
学ぶ,学ぶ,1,6,Manabu
イレーヌ,イレーヌ,1,6,Ireenu
ハンス,ハンス,1,5,Hansu
ペテルソン,ペテルソン,1,10,Peteru son
原料,原料,1,7,Genryou
アルファ,アルファ,1,5,Aruha
放出,放出,1,8,Housyutu
改良,改良,1,7,Kairyou
進化,進化,1,5,Sinka
円盤,円盤,1,5,Enban
ラジウム,ラジウム,1,7,Raziumu
持ち帰っ,持ち帰っ,1,7,Motikae
オフ,オフ,1,3,Ohu
与党,与党,1,5,Yotou
公的,公的,1,7,Kouteki
溺れ,溺れ,1,5,Obore
下り坂,下り坂,1,10,Kudarizaka
エイズ,エイズ,1,4,Eizu
至っ,至っ,1,3,Ita
キャランジ,キャランジ,1,8,Kyaranzi
描い,描い,1,4,Egai
終盤,終盤,1,7,Syuuban
イーグル,イーグル,1,6,Iiguru
搭載,搭載,1,6,Tousai
まずまず,まずまず,1,8,Mazumazu
ステーション,ステーション,1,9,Suteesyon
遅,遅,1,3,Oso
飛ばし,飛ばし,1,6,Tobasi
載せ,載せ,1,4,Nose
しめ,しめ,1,4,Sime
ベルリン,ベルリン,1,7,Berurin
空輸,空輸,1,5,Kuuyu
発芽,発芽,1,6,Hatuga
誘導,誘導,1,6,Yuudou
管制,管制,1,6,Kansei
ヘロイン,ヘロイン,1,6,Heroin
事前,事前,1,5,Zizen
生,生,1,4,Nama
見せる,見せる,1,6,Miseru
発明,発明,1,7,Hatumei
信号,信号,1,6,Singou
炭酸,炭酸,1,6,Tansan
錠剤,錠剤,1,7,Zyouzai
小学,小学,1,8,Syougaku
関与,関与,1,6,Kan'yo
そそら,そそら,1,6,Sosora
ダルナン,ダルナン,1,7,Darunan
親衛,親衛,1,6,Sin'ei
中尉,中尉,1,5,Tyuui
レジスタンス,レジスタンス,1,11,Rezisutansu
掃討,掃討,1,6,Soutou
ミリス,ミリス,1,6,Mirisu
民兵,民兵,1,6,Minpei
処刑,処刑,1,6,Syokei
ド,ド,1,2,Do
裏付け,裏付け,1,7,Urazuke
チャーチル,チャーチル,1,8,Tyaatiru
好意,好意,1,4,Koui
ダイポール,ダイポール,1,8,Daipooru
アンテナ,アンテナ,1,6,Antena
用い,用い,1,5,Motii
角度,角度,1,6,Kakudo
母親,母親,1,7,Hahaoya
悩む,悩む,1,6,Nayamu
主人,主人,1,6,Syuzin
性質,性質,1,7,Seisitu
淵,淵,1,4,Huti
忘却,忘却,1,8,Boukyaku
ゴールド,ゴールド,1,7,Goorudo
ソール,ソール,1,5,Sooru
バス,バス,1,4,Basu
種族,種族,1,7,Syuzoku
人材,人材,1,6,Zinzai
恐竜,恐竜,1,8,Kyouryuu
好ん,好ん,1,5,Konon
襲い掛かり,襲い掛かり,1,10,Osoikakari
記者,記者,1,5,Kisya
熱望,熱望,1,7,Netubou
ほど遠い,ほど遠い,1,8,Hodotooi
時点,時点,1,5,Ziten
牧師,牧師,1,6,Bokusi
レヴェレンド,レヴェレンド,1,9,Reverendo
ウィリアム,ウィリアム,1,6,Iriamu
減っ,減っ,1,2,He
隕石,隕石,1,6,Inseki
材料,材料,1,7,Zairyou
かつ,かつ,1,4,Katu
分解,分解,1,6,Bunkai
能,能,1,4,Yoku
オペレーター,オペレーター,1,9,Opereetaa
精度,精度,1,5,Seido
確認,確認,1,7,Kakunin
口頭,口頭,1,6,Koutou
滑走,滑走,1,6,Kassou
路,路,1,2,Ro
シンプル,シンプル,1,7,Sinpuru
未熟,未熟,1,7,Mizyuku
イリジウム,イリジウム,1,8,Iriziumu
さえ,さえ,1,3,Sae
とても,とても,1,6,Totemo
軍部,軍部,1,5,Gunbu
新しく,新しく,1,9,Atarasiku
コンゴ,コンゴ,1,5,Kongo
ザイール,ザイール,1,6,Zaiiru
ルブンバシ,ルブンバシ,1,9,Rubunbasi
占拠,占拠,1,6,Senkyo
元素,元素,1,5,Genso
付き添っ,付き添っ,1,6,Tukiso
マンドル,マンドル,1,8,Man doru
ギター,ギター,1,5,Gitaa
カー,カー,1,3,Kaa
センチュリー,センチュリー,1,9,Sentyurii
アメリカン,アメリカン,1,8,Amerikan
モータース,モータース,1,8,Mootaasu
ハイ,ハイ,1,3,Hai
ランブラー,ランブラー,1,9,Ran buraa
駆り立て,駆り立て,1,8,Karitate
今夜,今夜,1,6,Kon'ya
緩ん,緩ん,1,5,Yurun
勧め,勧め,1,6,Susume
姓,姓,1,3,Sei
皇族,皇族,1,7,Kouzoku
ヘア,ヘア,1,3,Hea
以後,以後,1,3,Igo
除去,除去,1,6,Zyokyo
キューティクル,キューティクル,1,10,Kyuutikuru
改める,改める,1,9,Aratameru
諡号,諡号,1,5,Sigou
つけ,つけ,1,4,Tuke
槽,槽,1,3,Sou
ビーム,ビーム,1,5,Biimu
ペロポンネーソス,ペロポンネーソス,1,14,Peroponneesosu
開港,開港,1,6,Kaikou
メッセニア,メッセニア,1,9,Messe nia
草地,草地,1,6,Kusati
たくさん,たくさん,1,7,Takusan
罰則,罰則,1,7,Bassoku
ピテクサエ,ピテクサエ,1,9,Pitekusae
クーマエ,クーマエ,1,7,Kuu mae
送り出し,送り出し,1,9,Okuridasi
型破り,型破り,1,10,Katayaburi
バナナ,バナナ,1,6,Banana
オオバコ,オオバコ,1,6,Oobako
東南,東南,1,6,Tounan
深セン,深セン,1,6,Sinsen
遂行,遂行,1,6,Suikou
なめし皮,なめし皮,1,10,Namesigawa
毛糸,毛糸,1,5,Keito
皮革,皮革,1,6,Hikaku
原理,原理,1,5,Genri
ワット,ワット,1,5,Watto
処罰,処罰,1,7,Syobatu
金属,金属,1,7,Kinzoku
需要,需要,1,6,Zyuyou
作り出し,作り出し,1,10,Tukuridasi
昭和,昭和,1,6,Syouwa
存命,存命,1,6,Zonmei
百,百,1,5,Hyaku
千,千,1,3,Sen
気持ち,気持ち,1,6,Kimoti
定義,定義,1,5,Teigi
概念,概念,1,6,Gainen
歌う,歌う,1,4,Utau
熱心,熱心,1,6,Nessin
湖南,湖南,1,9,Ko minami
湖北,湖北,1,7,Ko kita
てる,てる,1,4,Teru
林,林,1,6,Hayasi
則徐,則徐,1,7,Sokuzyo
着け,着け,1,4,Tuke
戦う,戦う,1,7,Tatakau
敗れ,敗れ,1,6,Yabure
南京,南京,1,6,Nankin
身,身,1,2,Mi
割譲,割譲,1,8,Katuzyou
上海,上海,1,7,Syanhai
広州,広州,1,7,Kousyuu
居住,居住,1,7,Kyozyuu
他人,他人,1,5,Tanin
飲む,飲む,1,4,Nomu
源,源,1,3,Gen
悪い,悪い,1,5,Warui
遺伝,遺伝,1,4,Iden
乗馬,乗馬,1,6,Zyouba
殺害,殺害,1,7,Satugai
毛髪,毛髪,1,7,Mouhatu
著しい,著しい,1,10,Itizirusii
利点,利点,1,5,Riten
いまだ,いまだ,1,5,Imada
会場,会場,1,7,Kaizyou
静的,静的,1,7,Seiteki
機動,機動,1,5,Kidou
騎馬,騎馬,1,4,Kiba
まま,まま,1,4,Mama
染色,染色,1,8,Sensyoku
剣術,剣術,1,8,Kenzyutu
チャンドラー,チャンドラー,1,9,Tyandora-
ウェラー,ウェラー,1,4,Eraa
騎兵,騎兵,1,5,Kihei
壮大,壮大,1,6,Soudai
突撃,突撃,1,8,Totugeki
存続,存続,1,7,Sonzoku
壊滅,壊滅,1,7,Kaimetu
断言,断言,1,6,Dangen
ヘクラー,ヘクラー,1,7,Hekuraa
プレーヤー,プレーヤー,1,8,Pureeyaa
失速,失速,1,7,Sissoku
上り詰め,上り詰め,1,10,Noboritume
チャート,チャート,1,6,Tyaato
ペニストン,ペニストン,1,10,Penisu ton
ウィズ,ウィズ,1,3,Izu
魔女,魔女,1,5,Mazyo
グリンダ,グリンダ,1,7,Gurinda
ウィルクス,ウィルクス,1,8,I rukusu
庶民,庶民,1,6,Syomin
見せつける,見せつける,1,10,Misetukeru
野望,野望,1,5,Yabou
決議,決議,1,6,Ketugi
次点,次点,1,5,Ziten
公表,公表,1,7,Kouhyou
再選,再選,1,6,Saisen
除名,除名,1,6,Zyomei
グラフトン,グラフトン,1,9,Gurahuton
メトロポリタン,メトロポリタン,1,13,Metoroporitan
トーリー,トーリー,1,6,Toorii
小麦,小麦,1,6,Komugi
復帰,復帰,1,5,Hukki
あと,あと,1,3,Ato
ハック,ハック,1,5,Hakku
幸福,幸福,1,7,Kouhuku
ビルボード,ビルボード,1,9,Biruboodo
表す,表す,1,7,Arawasu
名詞,名詞,1,5,Meisi
共産,共産,1,7,Kyousan
終焉,終焉,1,6,Syuuen
戦時,戦時,1,5,Senzi
抵抗,抵抗,1,6,Teikou
人道,人道,1,6,Zindou
閉じ,閉じ,1,4,Tozi
シングル,シングル,1,7,Singuru
自宅,自宅,1,6,Zitaku
絶頂,絶頂,1,7,Zettyou
ラブロッカ,ラブロッカ,1,10,Rabu rokka
ジェッセ,ジェッセ,1,5,Zesse
注ぐ,注ぐ,1,6,Sosogu
ロサンゼルス,ロサンゼルス,1,11,Rosanzerusu
フォーラム,フォーラム,1,7,Hooramu
存分,存分,1,6,Zonbun
敬けん,敬けん,1,6,Keiken
祈り,祈り,1,5,Inori
軍用,軍用,1,7,Gun'you
ルイス,ルイス,1,5,Ruisu
ディスパッチ,ディスパッチ,1,9,Disupatti
炎,炎,1,5,Honoo
包ま,包ま,1,6,Tutuma
ケンゼス,ケンゼス,1,7,Kenzesu
歩き去っ,歩き去っ,1,7,Arukisa
エリオット,エリオット,1,7,Eriotto
提起,提起,1,5,Teiki
葬式,葬式,1,7,Sousiki
参列,参列,1,7,Sanretu
背後,背後,1,5,Haigo
輝き,輝き,1,8,Kagayaki
ドライバー,ドライバー,1,8,Doraibaa
セキュリティー,セキュリティー,1,10,Sekyuritii
集まる,集まる,1,7,Atumaru
ミュージシャン,ミュージシャン,1,10,Myuuzisyan
トム,トム,1,4,Tomu
ロビンソン,ロビンソン,1,9,Robin son
返り咲き,返り咲き,1,9,Kaerizaki
呼ん,呼ん,1,3,Yon
ジェッツ,ジェッツ,1,5,Zettu
ヌード,ヌード,1,5,Nuudo
ブロガー,ブロガー,1,7,Burogaa
未亡人,未亡人,1,8,Mibouzin
信心,信心,1,6,Sinzin
品行,品行,1,6,Hinkou
ぞっと,ぞっと,1,5,Zotto
皇太子,皇太子,1,8,Koutaisi
カンバーランド,カンバーランド,1,12,Kanbaa rando
ストラサーン,ストラサーン,1,10,Sutorasaan
姦通,姦通,1,6,Kantuu
ヘリコプター,ヘリコプター,1,11,Herikoputaa
翌年,翌年,1,7,Yokunen
アン,アン,1,2,An
ピアノ,ピアノ,1,5,Piano
ホートン,ホートン,1,6,Hooton
金遣い,金遣い,1,9,Kanezukai
荒,荒,1,3,Are
シガー,シガー,1,5,Sigaa
ロス,ロス,1,4,Rosu
読ま,読ま,1,4,Yoma
フョーグル,フョーグル,1,8,Hyooguru
追及,追及,1,7,Tuikyuu
寛容,寛容,1,7,Kan'you
紹介,紹介,1,7,Syoukai
実物,実物,1,8,Zitubutu
方向,方向,1,6,Houkou
ミニチュア,ミニチュア,1,8,Minityua
サイズ,サイズ,1,5,Saizu
制服,制服,1,7,Seihuku
手当,手当,1,5,Teate
修復,修復,1,8,Syuuhuku
プラボウォ,プラボウォ,1,7,Puraboo
スビアント,スビアント,1,8,Subianto
インドネシア,インドネシア,1,9,Indonesia
ジョコウィ,ジョコウィ,1,7,Zyoko i
就任,就任,1,7,Syuunin
退任,退任,1,6,Tainin
ユドヨノ,ユドヨノ,1,8,Yudoyono
補助,補助,1,5,Hozyo
減額,減額,1,7,Gengaku
燃料,燃料,1,7,Nenryou
満たす,満たす,1,6,Mitasu
とる,とる,1,4,Toru
キム,キム,1,4,Kimu
正式,正式,1,7,Seisiki
遅らせ,遅らせ,1,7,Okurase
キガリ,キガリ,1,6,Kigari
主題,主題,1,6,Syudai
知的,知的,1,6,Titeki
レニー,レニー,1,5,Renii
運,運,1,2,Un
独身,独身,1,7,Dokusin
ホーマー,ホーマー,1,6,Hoomaa
追う,追う,1,2,Ou
スパイ,スパイ,1,5,Supai
領域,領域,1,7,Ryouiki
叶える,叶える,1,7,Kanaeru
決意,決意,1,5,Ketui
ハマースミス,ハマースミス,1,11,Hamaasumisu
コロナ,コロナ,1,6,Korona
ステージ,ステージ,1,7,Suteezi
灼熱,灼熱,1,9,Syakunetu
肌,肌,1,4,Hada
イレイン,イレイン,1,6,Ire in
ソルヘイム,ソルヘイム,1,9,Soruheimu
エリック,エリック,1,6,Erikku
ユニバーサル,ユニバーサル,1,11,Yunibaasaru
改正,改正,1,6,Kaisei
オスワルド,オスワルド,1,9,Osuwarudo
伝記,伝記,1,5,Denki
オペラ,オペラ,1,5,Opera
遠い,遠い,1,4,Tooi
抑える,抑える,1,6,Osaeru
売上,売上,1,6,Uriage
トール,トール,1,5,Tooru
教え,教え,1,4,Osie
ノンフィクション,ノンフィクション,1,11,Nonhikusyon
レノックス,レノックス,1,9,Renokkusu
元来,元来,1,6,Ganrai
夫人,夫人,1,5,Huzin
ダグラス,ダグラス,1,8,Dagurasu
ブロック,ブロック,1,7,Burokku
容易,容易,1,4,Youi
曲線,曲線,1,8,Kyokusen
マインド,マインド,1,6,Maindo
ジレンマ,ジレンマ,1,7,Zirenma
簡潔,簡潔,1,7,Kanketu
アニメーション,アニメーション,1,10,Animeesyon
仕上がっ,仕上がっ,1,5,Siaga
批評,批評,1,6,Hihyou
演出,演出,1,7,Ensyutu
楽しん,楽しん,1,7,Tanosin
アレクサンダー,アレクサンダー,1,11,Arekusanda-
アドバイス,アドバイス,1,8,Adobaisu
以下,以下,1,3,Ika
見出す,見出す,1,7,Miidasu
バリー,バリー,1,5,Barii
イーブニング,イーブニング,1,9,Iibuningu
クーラント,クーラント,1,8,Kuuranto
卒業,卒業,1,8,Sotugyou
キリエムア,キリエムア,1,9,Kirie mua
修士,修士,1,6,Syuusi
取得,取得,1,7,Syutoku
妹,妹,1,6,Imouto
スコッツマン,スコッツマン,1,11,Sukottu man
求人,求人,1,7,Kyuuzin
ノッティンガム,ノッティンガム,1,10,Nottingamu
ジャーナル,ジャーナル,1,8,Zyaanaru
スタッフ,スタッフ,1,7,Sutahhu
半,半,1,3,Han
石油,石油,1,6,Sekiyu
不審,不審,1,5,Husin
天然,天然,1,6,Tennen
問わ,問わ,1,4,Towa
言論,言論,1,6,Genron
参加,参加,1,5,Sanka
衣服,衣服,1,5,Ihuku
血痕,血痕,1,6,Kekkon
殺そう,殺そう,1,7,Korosou
バイス,バイス,1,5,Baisu
コロン,コロン,1,5,Koron
ブレーメン,ブレーメン,1,8,Bureemen
輝い,輝い,1,7,Kagayai
公私,公私,1,5,Kousi
シュプリンガー,シュプリンガー,1,12,Syupurin gaa
検閲,検閲,1,7,Ken'etu
精力,精力,1,8,Seiryoku
融和,融和,1,5,Yuuwa
追求,追求,1,7,Tuikyuu
イスラエル,イスラエル,1,8,Isuraeru
シャレー,シャレー,1,6,Syaree
焼け落ち,焼け落ち,1,7,Yakeoti
翌,翌,1,4,Yoku
スターンリーブ,スターンリーブ,1,11,Sutaanriibu
友誼,友誼,1,5,Yuugi
勲章,勲章,1,7,Kunsyou
好ましく,好ましく,1,10,Konomasiku
走り,走り,1,6,Hasiri
ル,ル,1,2,Ru
ディジボーデンベルク,ディジボーデンベルク,1,16,Diziboodenberuku
勝ち取っ,勝ち取っ,1,6,Katito
ハンガリー,ハンガリー,1,8,Hangarii
かける,かける,1,6,Kakeru
脅し,脅し,1,5,Odosi
兼,兼,1,4,Kane
フランツ,フランツ,1,7,Hurantu
ヨーゼフ,ヨーゼフ,1,7,Yoozehu
両者,両者,1,7,Ryousya
平等,平等,1,7,Byoudou
払っ,払っ,1,4,Hara
ルペルツベルク,ルペルツベルク,1,14,Ruperutuberuku
メダル,メダル,1,6,Medaru
追わ,追わ,1,3,Owa
アイビンゲン,アイビンゲン,1,8,Aibingen
移っ,移っ,1,3,Utu
恋人,恋人,1,7,Koibito
シュドバーデン,シュドバーデン,1,11,Syudobaaden
メルディンゲン,メルディンゲン,1,10,Merudingen
移り,移り,1,5,Uturi
ウルリッヒ,ウルリッヒ,1,8,Ururihhi
ヴィギエ,ヴィギエ,1,5,Vigie
コント,コント,1,5,Konto
散発,散発,1,7,Sanpatu
分かれ,分かれ,1,6,Wakare
サキブ,サキブ,1,6,Sakibu
暗黒,暗黒,1,6,Ankoku
抜け出よう,抜け出よう,1,9,Nukedeyou
識字,識字,1,6,Sikizi
忘れ,忘れ,1,6,Wasure
修正,修正,1,7,Syuusei
創案,創案,1,5,Souan
ギリシア,ギリシア,1,7,Girisia
要請,要請,1,6,Yousei
コミュニティ,コミュニティ,1,9,Komyuniti
谷,谷,1,4,Tani
ピュロス,ピュロス,1,7,Pyurosu
山岳,山岳,1,7,Sangaku
隔離,隔離,1,6,Kakuri
地理,地理,1,4,Tiri
特性,特性,1,7,Tokusei
くれる,くれる,1,6,Kureru
迎える,迎える,1,7,Mukaeru
母国,母国,1,6,Bokoku
全域,全域,1,7,Zen'iki
商業,商業,1,8,Syougyou
前哨,前哨,1,7,Zensyou
離れる,離れる,1,8,Hanareru
福祉,福祉,1,6,Hukusi
パーマー,パーマー,1,6,Paamaa
移住,移住,1,5,Izyuu
カルカソンヌ,カルカソンヌ,1,11,Karukasonnu
要塞,要塞,1,6,Yousai
アムネスティ,アムネスティ,1,9,Amunesuti
インターナショナル,インターナショナル,1,14,Intaanasyonaru
魔法,魔法,1,5,Mahou
新聞,新聞,1,6,Sinbun
ベルリングハウゼン,ベルリングハウゼン,1,15,Beruringuhauzen
ブランズフィールド,ブランズフィールド,1,14,Buranzuhiirudo
陸地,陸地,1,6,Rikuti
残す,残す,1,6,Nokosu
アーネスト,アーネスト,1,9,Aa nesuto
シャックルトン,シャックルトン,1,11,Sya kuruton
パバルカル,パバルカル,1,10,Pabarukaru
号,号,1,3,Gou
乗せ,乗せ,1,4,Nose
出航,出航,1,7,Syukkou
立案,立案,1,6,Rituan
制定,制定,1,6,Seitei
威風,威風,1,4,Ihuu
バルト,バルト,1,6,Baruto
アンジェル,アンジェル,1,7,An zeru
階段,階段,1,6,Kaidan
庭園,庭園,1,5,Teien
さかのぼり,さかのぼり,1,10,Sakanobori
一新,一新,1,5,Issin
去っ,去っ,1,2,Sa
説,説,1,4,Setu
ゴールデン,ゴールデン,1,8,Gooruden
ゲート,ゲート,1,5,Geeto
パーク,パーク,1,5,Paaku
全長,全長,1,7,Zentyou
プラネタリウム,プラネタリウム,1,13,Puranetariumu
水族,水族,1,7,Suizoku
オーバーマルスベルク,オーバーマルスベルク,1,17,Oobaamarusuberuku
サンフランシスコ,サンフランシスコ,1,14,Sanhuransisuko
憩い,憩い,1,4,Ikoi
リラクセーション,リラクセーション,1,13,Rirakuseesyon
ガーデンズ,ガーデンズ,1,8,Gaadenzu
モスコーニ,モスコーニ,1,10,Mosukoo ni
センター,センター,1,6,Sentaa
屋根,屋根,1,4,Yane
マーチン,マーチン,1,6,Maatin
ルーサー,ルーサー,1,6,Ruusaa
キング,キング,1,5,Kingu
役所,役所,1,7,Yakusyo
ピーター,ピーター,1,6,Piitaa
モニュメント,モニュメント,1,10,Monyumento
従業,従業,1,8,Zyuugyou
献納,献納,1,6,Kennou
祭,祭,1,6,Maturi
個,個,1,2,Ko
火災,火災,1,5,Kasai
報知,報知,1,5,Houti
電信,電信,1,6,Densin
稼働,稼働,1,5,Kadou
パペット,パペット,1,7,Papetto
シアター,シアター,1,6,Siataa
劇団,劇団,1,7,Gekidan
終結,終結,1,8,Syuuketu
そもそも,そもそも,1,8,Somosomo
免れる,免れる,1,10,Manugareru
ヴュルテンベルク,ヴュルテンベルク,1,14,Vyurutenberuku
綿,綿,1,4,Wata
マットレス,マットレス,1,9,Mattoresu
工場,工場,1,7,Kouzyou
製造,製造,1,6,Seizou
ゲオルク,ゲオルク,1,8,Geo Ruku
ライヘンバッハ,ライヘンバッハ,1,11,Raihenbahha
売却,売却,1,8,Baikyaku
エア,エア,1,2,Ea
納める,納める,1,7,Osameru
奪回,奪回,1,6,Dakkai
感激,感激,1,7,Kangeki
高騰,高騰,1,6,Koutou
欠如,欠如,1,7,Ketuzyo
高まっ,高まっ,1,6,Takama
騒然,騒然,1,6,Souzen
亡命,亡命,1,6,Boumei
隠密,隠密,1,6,Onmitu
滞在,滞在,1,6,Taizai
目撃,目撃,1,8,Mokugeki
賛美,賛美,1,5,Sanbi
歌,歌,1,3,Uta
アンコール,アンコール,1,7,Ankooru
周知,周知,1,6,Syuuti
閉会,閉会,1,6,Heikai
転換,転換,1,6,Tenkan
居間,居間,1,3,Ima
早く,早く,1,6,Hayaku
スエズ,スエズ,1,5,Suezu
動乱,動乱,1,6,Douran
保有,保有,1,5,Hoyuu
限界,限界,1,6,Genkai
見せつけ,見せつけ,1,8,Misetuke
掌握,掌握,1,7,Syouaku
パン,パン,1,3,Pan
震撼,震撼,1,6,Sinkan
時刻,時刻,1,6,Zikoku
さかのぼる,さかのぼる,1,10,Sakanoboru
事象,事象,1,6,Zisyou
系列,系列,1,7,Keiretu
熱,熱,1,4,Netu
っぽく,っぽく,1,5,Ppoku
イスタンブール,イスタンブール,1,11,Isutanbuuru
ボスポラス,ボスポラス,1,10,Bosuporasu
阻止,阻止,1,4,Sosi
艦艇,艦艇,1,6,Kantei
プライス,プライス,1,7,Puraisu
広い,広い,1,5,Hiroi
恐らく,恐らく,1,7,Osoraku
法廷,法廷,1,6,Houtei
銅器,銅器,1,5,Douki
エッツイ,エッツイ,1,5,Ettui
凍結,凍結,1,7,Touketu
ミイラ,ミイラ,1,5,Miira
かれ,かれ,1,4,Kare
アンドレ,アンドレ,1,6,Andore
銅,銅,1,3,Dou
メッキ,メッキ,1,5,Mekki
苛烈,苛烈,1,6,Karetu
ベルサイユ,ベルサイユ,1,9,Berusaiyu
基地,基地,1,4,Kiti
プリュヴィオーズ,プリュヴィオーズ,1,11,Puryuvioozu
犯,犯,1,3,Han
造山,造山,1,6,Zouzan
海洋,海洋,1,6,Kaiyou
地殻,地殻,1,6,Tikaku
沈み込み,沈み込み,1,10,Sizumikomi
ティポ,ティポ,1,4,Tipo
アンドイノ,アンドイノ,1,8,Ando Ino
リナレス,リナレス,1,8,Rinaresu
絶た,絶た,1,4,Tata
進歩,進歩,1,5,Sinpo
途切れ,途切れ,1,6,Togire
倒産,倒産,1,6,Tousan
横向き,横向き,1,8,Yokomuki
招く,招く,1,6,Maneku
生まれる,生まれる,1,7,Umareru
外側,外側,1,8,Sotogawa
証人,証人,1,7,Syounin
結ぶ,結ぶ,1,6,Musubu
架空,架空,1,5,Kakuu
あたる,あたる,1,5,Ataru
サラトガ,サラトガ,1,8,Saratoga
打,打,1,2,Da
一層,一層,1,5,Issou
西縁,西縁,1,5,Seien
支え,支え,1,5,Sasae
一団,一団,1,6,Itidan
夕食,夕食,1,8,Yuusyoku
ペトラッシ,ペトラッシ,1,9,Petorassi
エンニオ,エンニオ,1,5,Ennio
カンジル,カンジル,1,7,Kanziru
ブルーノ,ブルーノ,1,8,Buruu no
ゴンドラ,ゴンドラ,1,7,Gondora
ポトマック,ポトマック,1,9,Potomakku
セシリア,セシリア,1,7,Sesiria
わたり,わたり,1,6,Watari
職業,職業,1,9,Syokugyou
芽生え,芽生え,1,5,Mebae
再度,再度,1,5,Saido
友情,友情,1,7,Yuuzyou
協業,協業,1,8,Kyougyou
めぐっ,めぐっ,1,5,Me gu
ひび割れる,ひび割れる,1,10,Hibiwareru
コラボレーション,コラボレーション,1,13,Koraboreesyon
付ける,付ける,1,6,Tukeru
ソリューション,ソリューション,1,10,Soryuusyon
アントニ,アントニ,1,7,Anto ni
ガウディ,ガウディ,1,5,Gaudi
アプス,アプス,1,5,Apusu
インディアン,インディアン,1,6,Indian
収用,収用,1,7,Syuuyou
恐怖,恐怖,1,6,Kyouhu
守っ,守っ,1,4,Mamo
収録,収録,1,8,Syuuroku
被害,被害,1,5,Higai
カプア,カプア,1,5,Kapua
軍団,軍団,1,6,Gundan
執り,執り,1,4,Tori
違法,違法,1,4,Ihou
クリオ,クリオ,1,5,Kurio
知らさ,知らさ,1,6,Sirasa
護民,護民,1,5,Gomin
年々,年々,1,6,Nennen
被疑,被疑,1,4,Higi
ディー,ディー,1,3,Dii
元老,元老,1,6,Genrou
執政,執政,1,6,Sissei
立ち向かう,立ち向かう,1,9,Tatimukau
禁じ,禁じ,1,5,Kinzi
撤回,撤回,1,6,Tekkai
公衆,公衆,1,7,Kousyuu
かく,かく,1,4,Kaku
政敵,政敵,1,7,Seiteki
丸腰,丸腰,1,8,Marugosi
友,友,1,4,Tomo
デュエット,デュエット,1,7,Dyuetto
キキ,キキ,1,4,Kiki
遠征,遠征,1,5,Ensei
話者,話者,1,5,Wasya
オールバニ,オールバニ,1,8,Oorubani
足止め,足止め,1,7,Asidome
ハドソン,ハドソン,1,7,Hadoson
フリーマン,フリーマン,1,9,Hurii man
応戦,応戦,1,5,Ousen
黄金,黄金,1,5,Ougon
近世,近世,1,6,Kinsei
国勢,国勢,1,7,Kokusei
外在,外在,1,6,Gaizai
史,史,1,2,Si
ルイ,ルイ,1,3,Rui
任命,任命,1,6,Ninmei
フェリペ,フェリペ,1,6,Heripe
王室,王室,1,6,Ousitu
叔母,叔母,1,3,Oba
イサベラ,イサベラ,1,7,Isabera
王位,王位,1,3,Oui
継承,継承,1,7,Keisyou
エンリケ,エンリケ,1,6,Enrike
ブエノスアイレス,ブエノスアイレス,1,13,Buenosuairesu
商法,商法,1,7,Syouhou
拡充,拡充,1,8,Kakuzyuu
ゴフレド,ゴフレド,1,8,Gohuredo
オリヴィア,オリヴィア,1,6,Orivia
語り,語り,1,6,Katari
因子,因子,1,4,Insi
不倫,不倫,1,5,Hurin
下部,下部,1,4,Kabu
眺め,眺め,1,6,Nagame
木,木,1,2,Ki
愛情,愛情,1,6,Aizyou
夏期,夏期,1,4,Kaki
ハリケーン,ハリケーン,1,8,Harikeen
島々,島々,1,8,Simazima
断層,断層,1,6,Dansou
仮説,仮説,1,6,Kasetu
ヴィラ,ヴィラ,1,4,Vira
のち,のち,1,4,Noti
ペルッカ,ペルッカ,1,7,Perukka
馬,馬,1,3,Uma
北東,北東,1,7,Hokutou
隣,隣,1,6,Tonari
ヘクタール,ヘクタール,1,9,Hekutaaru
火事,火事,1,4,Kazi
スタンド,スタンド,1,7,Sutando
厩舎,厩舎,1,7,Kyuusya
パウロ,パウロ,1,5,Pauro
バチカン,バチカン,1,7,Batikan
少女,少女,1,7,Syouzyo
休暇,休暇,1,6,Kyuuka
ウォルター,ウォルター,1,6,Orutaa
緩和,緩和,1,5,Kanwa
べく,べく,1,4,Beku
バーナード,バーナード,1,8,Baanaado
タピー,タピー,1,6,Ta Pii
全額,全額,1,7,Zengaku
各地,各地,1,6,Kakuti
装備,装備,1,5,Soubi
難,難,1,4,Gata
陥っ,陥っ,1,4,Otii
逃れる,逃れる,1,8,Nogareru
帰国,帰国,1,6,Kikoku
ロゼネ,ロゼネ,1,6,Rozene
苦境,苦境,1,6,Kukyou
遠く,遠く,1,5,Tooku
ティンティン,ティンティン,1,6,Tintin
起用,起用,1,5,Kiyou
抱い,抱い,1,3,Dai
ウォルト,ウォルト,1,5,Oruto
サポート,サポート,1,7,Sapooto
実ら,実ら,1,6,Minora
ジョルジュ,ジョルジュ,1,8,Zyoruzyu
ジャーメイン,ジャーメイン,1,9,Zyaa mein
犯行,犯行,1,6,Hankou
取り除か,取り除か,1,10,Torinozoka
硬貨,硬貨,1,5,Kouka
ビルヌーブ,ビルヌーブ,1,9,Birunuubu
象徴,象徴,1,8,Syoutyou
対仏,対仏,1,7,Taihutu
コルシカ,コルシカ,1,8,Korusika
砲兵,砲兵,1,6,Houhei
将校,将校,1,7,Syoukou
ボナパルト,ボナパルト,1,10,Bonaparuto
浴びる,浴びる,1,5,Abiru
マレンゴ,マレンゴ,1,7,Marengo
諦める,諦める,1,9,Akirameru
強いる,強いる,1,5,Siiru
艦隊,艦隊,1,6,Kantai
コレクター,コレクター,1,9,Korekutaa
封鎖,封鎖,1,5,Huusa
孤独,孤独,1,6,Kodoku
アウステルリッツ,アウステルリッツ,1,13,Ausuterurittu
つながる,つながる,1,8,Tunagaru
破ら,破ら,1,6,Yabura
グランヴィル,グランヴィル,1,10,Guran viru
アレクサンドル,アレクサンドル,1,12,Arekusandoru
実践,実践,1,6,Zissen
フィオレロ,フィオレロ,1,7,Hiorero
プロテスタント,プロテスタント,1,13,Purotesutanto
領地,領地,1,6,Ryouti
一握り,一握り,1,10,Hitonigiri
断念,断念,1,6,Dannen
当てる,当てる,1,5,Ateru
本質,本質,1,7,Honsitu
貨幣,貨幣,1,5,Kahei
重視,重視,1,6,Zyuusi
内側,内側,1,7,Utigawa
平ら,平ら,1,5,Daira
立石,立石,1,8,Rissyaku
ドルメン,ドルメン,1,7,Dorumen
先史,先史,1,5,Sensi
遺跡,遺跡,1,5,Iseki
アプリアン,アプリアン,1,7,Apurian
カラブリアン,カラブリアン,1,10,Karaburian
建国,建国,1,7,Kenkoku
サムニウム,サムニウム,1,10,Samu niumu
モリーゼ,モリーゼ,1,7,Moriize
東方,東方,1,6,Touhou
バジリカータ,バジリカータ,1,11,Bazirikaata
著者,著者,1,6,Tyosya
アプリア,アプリア,1,6,Apuria
クラウチ,クラウチ,1,7,Kurauti
ステファン,ステファン,1,8,Sute han
焦点,焦点,1,7,Syouten
魅了,魅了,1,6,Miryou
聖堂,聖堂,1,6,Seidou
資源,資源,1,5,Sigen
好,好,1,3,Kou
再生,再生,1,6,Saisei
総裁,総裁,1,6,Sousai
洋上,洋上,1,7,Youzyou
風力,風力,1,8,Huuryoku
うる,うる,1,3,Uru
株価,株価,1,6,Kabuka
ノマ,ノマ,1,4,Noma
景気,景気,1,5,Keiki
謝罪,謝罪,1,6,Syazai
ルーカス,ルーカス,1,7,Ruukasu
クラナッハ,クラナッハ,1,9,Kuranahha
父,父,1,4,Titi
絵画,絵画,1,5,Kaiga
引く,引く,1,4,Hiku
従っ,従っ,1,6,Sitaga
退屈,退屈,1,7,Taikutu
徴候,徴候,1,7,Tyoukou
消え,消え,1,3,Kie
通信,通信,1,6,Tuusin
まれ,まれ,1,4,Mare
含め,含め,1,6,Hukume
アーチスト,アーチスト,1,8,Aatisuto
させ,させ,1,4,Sase
シュピーゲル,シュピーゲル,1,10,Syupiigeru
タンザニア,タンザニア,1,8,Tanzania
洗浄,洗浄,1,7,Senzyou
ボーイング,ボーイング,1,7,Booingu
ランディング,ランディング,1,8,Randingu
フラップ,フラップ,1,7,Hurappu
結論,結論,1,7,Keturon
下し,下し,1,6,Kudasi
ナイトレイ,ナイトレイ,1,9,Nai torei
為替,為替,1,6,Kawase
今回,今回,1,6,Konkai
逮捕,逮捕,1,5,Taiho
悪ふざけ,悪ふざけ,1,10,Waruhuzake
優れ,優れ,1,6,Sugure
取引,取引,1,8,Torihiki
同士,同士,1,5,Dousi
内紛,内紛,1,6,Naihun
夫,夫,1,4,Otto
在任,在任,1,6,Zainin
確約,確約,1,8,Kakuyaku
着,着,1,2,Ki
中止,中止,1,6,Tyuusi
みなし,みなし,1,6,Minasi
三,三,1,3,San
過,過,1,2,Ka
半数,半数,1,6,Hansuu
サン,サン,1,3,San
ゴーダン,ゴーダン,1,6,Goodan
オート,オート,1,4,Ooto
ガロンヌ,ガロンヌ,1,7,Garonnu
市長,市長,1,6,Sityou
履行,履行,1,5,Rikou
ラチダ,ラチダ,1,6,Ratida
ダティ,ダティ,1,4,Dati
サルコジ,サルコジ,1,8,Sarukozi
予備,予備,1,4,Yobi
法務,法務,1,5,Houmu
造船,造船,1,6,Zousen
ブリス,ブリス,1,6,Burisu
ホテフュー,ホテフュー,1,8,Hotehyuu
クライド,クライド,1,7,Kuraido
ばか,ばか,1,4,Baka
内務,内務,1,5,Naimu
工業,工業,1,7,Kougyou
成し遂げる,成し遂げる,1,10,Nasitogeru
最,最,1,3,Sai
会員,会員,1,5,Kaiin
有効,有効,1,6,Yuukou
海軍,海軍,1,6,Kaigun
侵す,侵す,1,5,Okasu
ばかり,ばかり,1,6,Bakari
若者,若者,1,8,Wakamono
脳,脳,1,3,Nou
合同,合同,1,6,Goudou
遺産,遺産,1,4,Isan
あたら,あたら,1,5,Atara
はず,はず,1,4,Hazu
違っ,違っ,1,4,Tiga
コミー,コミー,1,5,Komi-
英,英,1,2,Ei
言及,言及,1,7,Genkyuu
アカウント,アカウント,1,7,Akaunto
核,核,1,4,Kaku
兵器,兵器,1,5,Heiki
あたらしい,あたらしい,1,8,Atarasii
嘲笑,嘲笑,1,8,Tyousyou
話す,話す,1,6,Hanasu
キエラ,キエラ,1,5,Kiera
不時,不時,1,4,Huzi
ミヒャエル,ミヒャエル,1,8,Mihyaeru
見地,見地,1,5,Kenti
あらまし,あらまし,1,7,Aramasi
償還,償還,1,7,Syoukan
たろう,たろう,1,5,Tarou
併せ,併せ,1,5,Awase
欠席,欠席,1,7,Kesseki
通知,通知,1,5,Tuuti
赤ちゃん,赤ちゃん,1,7,Akatyan
やめれ,やめれ,1,6,Yamere
労使,労使,1,5,Rousi
旧弊,旧弊,1,7,Kyuuhei
一時,一時,1,5,Itizi
自己,自己,1,4,Ziko
エリート,エリート,1,6,Eriito
不調,不調,1,6,Hutyou
クーン,クーン,1,4,Kuun
振る,振る,1,4,Buru
アイデンティティ,アイデンティティ,1,9,Aidentiti
名付け,名付け,1,6,Nazuke
危機,危機,1,4,Kiki
魅惑,魅惑,1,6,Miwaku
充足,充足,1,8,Zyuusoku
部員,部員,1,4,Buin
マッシュ,マッシュ,1,6,Massyu
キーボード,キーボード,1,8,Kiiboodo
達成,達成,1,6,Tassei
打ち立て,打ち立て,1,7,Utitate
デビッド,デビッド,1,7,Debiddo
退職,退職,1,8,Taisyoku
他者,他者,1,5,Tasya
除外,除外,1,6,Zyogai
古く,古く,1,6,Huruku
得する,得する,1,8,Tokusuru
上方,上方,1,8,Kamigata
秘密,秘密,1,6,Himitu
噂,噂,1,5,Uwasa
ナロー,ナロー,1,5,Naroo
タッチ,タッチ,1,5,Tatti
バー,バー,1,3,Baa
はっきり,はっきり,1,7,Hakkiri
写っ,写っ,1,3,Utu
スエーデン,スエーデン,1,7,Sueeden
繁殖,繁殖,1,8,Hansyoku
上陸,上陸,1,8,Zyouriku
パーカー,パーカー,1,6,Paakaa
モンスター,モンスター,1,8,Monsutaa
オルガン,オルガン,1,6,Orugan
海上,海上,1,7,Kaizyou
墓,墓,1,4,Haka
ファイナル,ファイナル,1,7,Hainaru
セリーナ,セリーナ,1,7,Seriina
ジャメカ,ジャメカ,1,7,Zyameka
ウィリアムズ,ウィリアムズ,1,8,Iriamuzu
喫し,喫し,1,5,Kissi
目覚まし,目覚まし,1,8,Mezamasi
時計,時計,1,5,Tokei
格闘,格闘,1,7,Kakutou
信じる,信じる,1,7,Sinziru
石灰,石灰,1,6,Sekkai
休息,休息,1,8,Kyuusoku
オーストラリアン,オーストラリアン,1,12,Oosutorarian
作者,作者,1,7,Sakusya
業者,業者,1,7,Gyousya
極めて,極めて,1,8,Kiwamete
言葉少な,言葉少な,1,12,Kotobazukuna
事故,事故,1,4,Ziko
ラリーバンス,ラリーバンス,1,10,Rariibansu
沈む,沈む,1,6,Sizumu
大騒ぎ,大騒ぎ,1,8,Oosawagi
演奏,演奏,1,5,Ensou
ゆく,ゆく,1,4,Yuku
ボイスト,ボイスト,1,8,Boisu to
不備,不備,1,4,Hubi
ケイラ,ケイラ,1,5,Keira
サイモン,サイモン,1,6,Saimon
クレッチュマー,クレッチュマー,1,11,Kurettyumaa
荒廃,荒廃,1,6,Kouhai
気味,気味,1,4,Gimi
バラック,バラック,1,7,Barakku
ひとり,ひとり,1,6,Hitori
手探り,手探り,1,8,Tesaguri
不思議,不思議,1,6,Husigi
秒間,秒間,1,7,Byoukan
アヒル,アヒル,1,5,Ahiru
一群,一群,1,6,Itigun
席巻,席巻,1,6,Sekken
倍,倍,1,3,Bai
シナリオ,シナリオ,1,7,Sinario
馬鹿馬鹿しい,馬鹿馬鹿しい,1,11,Bakabakasii
何百,何百,1,8,Nanbyaku
相応しい,相応しい,1,9,Husawasii
アプリ,アプリ,1,5,Apuri
刺客,刺客,1,6,Sikaku
妨げる,妨げる,1,10,Samatageru
難局,難局,1,8,Nankyoku
コスペダル,コスペダル,1,11,Kosu pedaru
ファティマ,ファティマ,1,6,Hatima
バニェス,バニェス,1,6,Banesu
誇り,誇り,1,6,Hokori
ジョー,ジョー,1,4,Zyoo
課題,課題,1,5,Kadai
熱々,熱々,1,6,Atuatu
ジャガイモ,ジャガイモ,1,8,Zyagaimo
国防,国防,1,7,Kokubou
刑務,刑務,1,5,Keimu
総長,総長,1,7,Soutyou
おかげ,おかげ,1,5,Okage
さらさ,さらさ,1,6,Sarasa
全員,全員,1,6,Zen'in
昨日,昨日,1,5,Kinou
送ろう,送ろう,1,6,Okurou
バロン,バロン,1,5,Baron
クラレット,クラレット,1,9,Kuraretto
ペドロ,ペドロ,1,6,Pedoro
サンチェス,サンチェス,1,8,San tesu
フェデリコ,フェデリコ,1,8,Hederiko
フェリーニ,フェリーニ,1,8,Herii ni
道化,道化,1,5,Douke
強行,強行,1,7,Kyoukou
陣,陣,1,3,Zin
笑顔,笑顔,1,4,Egao
クリスティーナ,クリスティーナ,1,11,Kurisutiina
ヤジディ,ヤジディ,1,6,Yazidi
マウンテン,マウンテン,1,7,Maunten
ビュー,ビュー,1,4,Byuu
サミット,サミット,1,7,Samitto
プライベート,プライベート,1,10,Puraibeeto
出席,出席,1,8,Syusseki
マドリード,マドリード,1,9,Madoriido
知事,知事,1,4,Tizi
シフエンテス,シフエンテス,1,10,Sihuentesu
下回り,下回り,1,10,Sitamawari
社長,社長,1,7,Syatyou
ハビエル,ハビエル,1,7,Habieru
マロート,マロート,1,7,Marooto
次官,次官,1,5,Zikan
行く,行く,1,3,Iku
デュラン,デュラン,1,6,Dyuran
アンヘル,アンヘル,1,7,An heru
ピンタド,ピンタド,1,7,Pintado
会計,会計,1,6,Kaikei
失業,失業,1,8,Situgyou
影,影,1,4,Kage
引き出さ,引き出さ,1,8,Hikidasa
机,机,1,5,Tukue
戦線,戦線,1,6,Sensen
早期,早期,1,5,Souki
今度,今度,1,5,Kondo
投じる,投じる,1,7,Touziru
不明,不明,1,5,Humei
野党,野党,1,5,Yatou
ムンド,ムンド,1,5,Mundo
ヴィクトワール,ヴィクトワール,1,11,Vikutowaaru
広場,広場,1,6,Hiroba
殺し,殺し,1,6,Korosi
サンディニスタ,サンディニスタ,1,11,Sandinisuta
党員,党員,1,5,Touin
せよ,せよ,1,4,Seyo
祝っ,祝っ,1,3,Iwa
メイ,メイ,1,3,Mei
押し付け,押し付け,1,7,Osituke
ブレグジット,ブレグジット,1,11,Bureguzitto
公然,公然,1,6,Kouzen
対応,対応,1,5,Taiou
万人,万人,1,6,Mannin
気晴らし,気晴らし,1,8,Kibarasi
野外,野外,1,5,Yagai
劇場,劇場,1,8,Gekizyou
懸念,懸念,1,5,Kenen
クリア,クリア,1,5,Kuria
カウボーイ,カウボーイ,1,7,Kaubooi
ドタバタ,ドタバタ,1,8,Dotabata
題材,題材,1,6,Daizai
殴り合い,殴り合い,1,8,Naguriai
皮肉,皮肉,1,6,Hiniku
暗示,暗示,1,4,Anzi
常用,常用,1,7,Zyouyou
口語,口語,1,5,Kougo
応酬,応酬,1,6,Ousyuu
合っ,合っ,1,1,A
互い,互い,1,5,Tagai
爪弾き,爪弾き,1,10,Tumahaziki
喜劇,喜劇,1,6,Kigeki
形づくる,形づくる,1,12,Katatizukuru
ふさわしく,ふさわしく,1,10,Husawasiku
音節,音節,1,6,Onsetu
作物,作物,1,8,Sakumotu
掘り起し,掘り起し,1,9,Horiokosi
謎,謎,1,4,Nazo
縛ら,縛ら,1,6,Sibara
こみ上げる,こみ上げる,1,9,Komiageru
涙,涙,1,6,Namida
瞳,瞳,1,6,Hitomi
曇ら,曇ら,1,6,Kumora
総額,総額,1,7,Sougaku
時価,時価,1,4,Zika
繊維,繊維,1,5,Sen'i
良く,良く,1,4,Yoku
切削,切削,1,7,Sessaku
鋼,鋼,1,3,Kou
カステル,カステル,1,8,Kasuteru
フランコ,フランコ,1,7,Huranko
ヴェネト,ヴェネト,1,6,Veneto
性向,性向,1,6,Seikou
教徒,教徒,1,7,Osie to
ファロン,ファロン,1,5,Haron
身近,身近,1,6,Mizika
権利,権利,1,5,Kenri
証券,証券,1,7,Syouken
マドリッド,マドリッド,1,9,Madoriddo
思え,思え,1,4,Omoe
全的,全的,1,7,Zenteki
絶対,絶対,1,6,Zettai
シェパード,シェパード,1,7,Sepaado
当該,当該,1,6,Tougai
支給,支給,1,6,Sikyuu
バウチャー,バウチャー,1,7,Bautyaa
渡さ,渡さ,1,6,Watasa
投じ,投じ,1,5,Touzi
フィガロ,フィガロ,1,6,Higaro
条項,条項,1,7,Zyoukou
置く,置く,1,3,Oku
許容,許容,1,6,Kyoyou
新駅,新駅,1,6,Sineki
目次,目次,1,6,Mokuzi
ギラード,ギラード,1,7,Giraado
相談,相談,1,6,Soudan
備考,備考,1,5,Bikou
加え,加え,1,5,Kuwae
手引,手引,1,6,Tebiki
緊急,緊急,1,7,Kinkyuu
守る,守る,1,6,Mamoru
審議,審議,1,5,Singi
両,両,1,4,Ryou
大審,大審,1,6,Daisin
棄却,棄却,1,7,Kikyaku
上訴,上訴,1,6,Zyouso
差し引い,差し引い,1,7,Sasihii
考慮,考慮,1,6,Kouryo
入れよう,入れよう,1,6,Ireyou
社員,社員,1,5,Syain
提言,提言,1,6,Teigen
ガソリン,ガソリン,1,7,Gasorin
値上がり,値上がり,1,7,Neagari
事例,事例,1,5,Zirei
オズボーン,オズボーン,1,7,Ozuboon
マルタ,マルタ,1,6,Maruta
ズッカーバーグ,ズッカーバーグ,1,11,Zukkaabaagu
トレ,トレ,1,4,Tore
運転,運転,1,5,Unten
手伝う,手伝う,1,7,Tetudau
思考,思考,1,5,Sikou
泣き,泣き,1,4,Naki
オートバイ,オートバイ,1,7,Ootobai
ヘルメット,ヘルメット,1,9,Herumetto
バレンティーノ,バレンティーノ,1,10,Barentiino
メストレ,メストレ,1,9,Mesu tore
ロッシ,ロッシ,1,5,Rossi
ヒューマノイド,ヒューマノイド,1,11,Hyuumanoido
ロボット,ロボット,1,7,Robotto
理事,理事,1,4,Rizi
ウォール,ウォール,1,4,Ooru
シリコンバレー,シリコンバレー,1,13,Sirikon baree
続々,続々,1,8,Zokuzoku
増える,増える,1,5,Hueru
アマゾン,アマゾン,1,6,Amazon
カサ,カサ,1,4,Kasa
解雇,解雇,1,5,Kaiko
フランシス,フランシス,1,9,Huransisu
語ら,語ら,1,6,Katara
付加,付加,1,4,Huka
税,税,1,3,Zei
数値,数値,1,5,Suuti
マイケル,マイケル,1,7,Maikeru
単一,単一,1,7,Tan'itu
通貨,通貨,1,5,Tuuka
コラード,コラード,1,7,Koraado
パッセラ,パッセラ,1,7,Pa sera
態度,態度,1,5,Taido
スピーカー,スピーカー,1,8,Supiikaa
オファー,オファー,1,4,Ohaa
取り下げる,取り下げる,1,10,Torisageru
上述,上述,1,9,Zyouzyutu
特権,特権,1,6,Tokken
代案,代案,1,5,Daian
ジョージタウン,ジョージタウン,1,10,Zyoozitaun
去る,去る,1,4,Saru
記し,記し,1,6,Sirusi
会合,会合,1,6,Kaigou
耕作,耕作,1,7,Kousaku
言い合い,言い合い,1,4,Iiai
担う,担う,1,5,Ninau
どうぞ,どうぞ,1,5,Douzo
疎遠,疎遠,1,4,Soen
バラット,バラット,1,7,Baratto
尽力,尽力,1,8,Zinryoku
鞭,鞭,1,4,Muti
推進,推進,1,6,Suisin
オルニー,オルニー,1,7,Oru nii
ドローン,ドローン,1,6,Doroon
追跡,追跡,1,7,Tuiseki
ローテク,ローテク,1,7,Rooteku
アプローチ,アプローチ,1,8,Apurooti
マイクロ,マイクロ,1,7,Maikuro
水曜,水曜,1,6,Suiyou
最愛,最愛,1,5,Saiai
勝負,勝負,1,6,Syoubu
郊外,郊外,1,6,Kougai
カスタム,カスタム,1,8,Kasutamu
ミーム,ミーム,1,5,Miimu
ステッカー,ステッカー,1,8,Sutekkaa
フィード,フィード,1,5,Hiido
起ち上げ,起ち上げ,1,7,Tatiage
デッド,デッド,1,5,Deddo
動き,動き,1,5,Ugoki
トーキング,トーキング,1,8,Tookingu
ファン,ファン,1,3,Han
キャンペーン,キャンペーン,1,8,Kyanpeen
レポーター,レポーター,1,8,Repootaa
ストレンジャー,ストレンジャー,1,11,Sutorenzyaa
シングズ,シングズ,1,7,Singuzu
キャスト,キャスト,1,7,Kyasuto
真似,真似,1,4,Mane
装い,装い,1,6,Yosooi
光り,光り,1,6,Hikari
ネガン,ネガン,1,5,Negan
ジェフリー,ジェフリー,1,7,Zehurii
ディーン,ディーン,1,4,Diin
モーガン,モーガン,1,7,Moo gan
ガイ,ガイ,1,3,Gai
余裕,余裕,1,5,Yoyuu
ノーマン,ノーマン,1,6,Nooman
席,席,1,4,Seki
相棒,相棒,1,5,Aibou
感情,感情,1,7,Kanzyou
引きこま,引きこま,1,8,Hikikoma
アフター,アフター,1,6,Ahutaa
接続,接続,1,8,Setuzoku
登壇,登壇,1,6,Toudan
あばこう,あばこう,1,6,Abakou
はったり,はったり,1,7,Ha tari
切り抜け,切り抜け,1,8,Kirinuke
冷戦,冷戦,1,6,Reisen
限ら,限ら,1,6,Kagira
告げる,告げる,1,6,Tugeru
隔てる,隔てる,1,8,Hedateru
フェンス,フェンス,1,5,Hensu
飛び越え,飛び越え,1,7,Tobikoe
納屋,納屋,1,4,Naya
やつ,やつ,1,5,Ya tu
売りとばさ,売りとばさ,1,9,Uritobasa
ね,ね,1,2,Ne
ジョーク,ジョーク,1,6,Zyooku
ジョニー,ジョニー,1,6,Zyonii
踏み台,踏み台,1,7,Humidai
背中,背中,1,6,Senaka
無視,無視,1,4,Musi
座る,座る,1,6,Suwaru
泥,泥,1,4,Doro
だらけ,だらけ,1,6,Darake
履い,履い,1,3,Hai
男の子,男の子,1,9,Otokonoko
かまし,かまし,1,6,Kamasi
プレミア,プレミア,1,7,Puremia
単なる,単なる,1,7,Tannaru
ゴルファー,ゴルファー,1,7,Goruhaa
コンテスト,コンテスト,1,9,Kontesuto
向上,向上,1,7,Kouzyou
ウォルマー,ウォルマー,1,6,Orumaa
くれ,くれ,1,4,Kure
願望,願望,1,6,Ganbou
ハイテク,ハイテク,1,7,Haiteku
テニス,テニス,1,6,Tenisu
ワン,ワン,1,3,Wan
オール,オール,1,4,Ooru
対戦,対戦,1,6,Taisen
イスナー,イスナー,1,6,Isunaa
賛辞,賛辞,1,5,Sanzi
痛ましく,痛ましく,1,9,Itamasiku
納税,納税,1,6,Nouzei
離脱,離脱,1,6,Ridatu
ケスチーベン,ケスチーベン,1,10,Kesutiiben
ふざけ,ふざけ,1,6,Huzake
入り込ん,入り込ん,1,8,Hairikon
試験,試験,1,5,Siken
ナイン,ナイン,1,4,Nain
酷い,酷い,1,5,Hidoi
セレブ,セレブ,1,6,Serebu
休日,休日,1,8,Kyuuzitu
描く,描く,1,5,Egaku
でしょう,でしょう,1,6,Desyou
ゼロ,ゼロ,1,4,Zero
物々しい,物々しい,1,11,Monomonosii
傲慢,傲慢,1,6,Gouman
サイド,サイド,1,5,Saido
有害,有害,1,6,Yuugai
期日,期日,1,6,Kizitu
フォロー,フォロー,1,5,Horoo
らしい,らしい,1,5,Rasii
分かっ,分かっ,1,4,Waka
書き込み,書き込み,1,8,Kakikomi
喜ば,喜ば,1,8,Yorokoba
大量,大量,1,7,Tairyou
悲しい,悲しい,1,7,Kanasii
止まっ,止まっ,1,4,Toma
帝王,帝王,1,5,Teiou
連続,連続,1,7,Renzoku
冊,冊,1,4,Satu
ワールド,ワールド,1,7,Waarudo
ハウス,ハウス,1,5,Hausu
ブッシュ,ブッシュ,1,6,Bussyu
書き,書き,1,4,Kaki
是認,是認,1,5,Zenin
時分,時分,1,5,Zibun
ミルドレッド,ミルドレッド,1,12,Mirudo reddo
激戦,激戦,1,7,Gekisen
従う,従う,1,7,Sitagau
測ら,測ら,1,6,Hakara
滅多,滅多,1,5,Metta
開き,開き,1,6,Hiraki
全く,全く,1,7,Mattaku
添付,添付,1,5,Tenpu
ファイル,ファイル,1,5,Hairu
クリック,クリック,1,7,Kurikku
オン,オン,1,2,On
取り戻す,取り戻す,1,10,Torimodosu
侵害,侵害,1,6,Singai
悪意,悪意,1,4,Akui
正しかっ,正しかっ,1,8,Tadasika
マント,マント,1,5,Manto
実存,実存,1,7,Zituzon
国土,国土,1,6,Kokudo
保障,保障,1,6,Hosyou
もっぱら,もっぱら,1,7,Moppara
出かける,出かける,1,8,Dekakeru
聖職,聖職,1,8,Seisyoku
為さ,為さ,1,4,Nasa
火力,火力,1,7,Karyoku
電動,電動,1,6,Dendou
バイク,バイク,1,5,Baiku
実用,実用,1,7,Zituyou
食欲,食欲,1,9,Syokuyoku
乗組,乗組,1,8,Norikumi
親,親,1,3,Oya
好む,好む,1,6,Konomu
人権,人権,1,6,Zinken
どころ,どころ,1,6,Dokoro
挑む,挑む,1,5,Idomu
腹立たしい,腹立たしい,1,11,Haradatasii
夫妻,夫妻,1,5,Husai
潔く,潔く,1,9,Isagiyoku
優雅,優雅,1,5,Yuuga
関わり,関わり,1,8,Kakawari
たとえ,たとえ,1,7,Ta to e
短く,短く,1,8,Mizikaku
面白かっ,面白かっ,1,9,Omosiroka
シーン,シーン,1,4,Siin
省き,省き,1,6,Habuki
カップル,カップル,1,7,Kappuru
唐揚げ,唐揚げ,1,7,Karaage
鶏,鶏,1,8,Niwatori
取り組む,取り組む,1,8,Torikumu
急増,急増,1,7,Kyuuzou
決める,決める,1,6,Kimeru
ハーレー,ハーレー,1,6,Haaree
ダビッドソン,ダビッドソン,1,10,Dabiddoson
出さ,出さ,1,4,Dasa
バダープール,バダープール,1,10,Badaapuuru
株式,株式,1,8,Kabusiki
先物,先物,1,8,Sakimono
デリー,デリー,1,5,Derii
並ん,並ん,1,5,Naran
殺さ,殺さ,1,6,Korosa
前向き,前向き,1,7,Maemuki
国債,国債,1,7,Kokusai
売り払っ,売り払っ,1,7,Urihara
蓄積,蓄積,1,8,Tikuseki
借金,借金,1,7,Syakkin
ベガ,ベガ,1,4,Bega
船上,船上,1,7,Senzyou
庁,庁,1,4,Tyou
発し,発し,1,5,Hassi
やっと,やっと,1,5,Yatto
アリス,アリス,1,5,Arisu
カーニバル,カーニバル,1,9,Kaanibaru
上告,上告,1,8,Zyoukoku
ベース,ベース,1,5,Beesu
終わる,終わる,1,5,Owaru
パオニア,パオニア,1,7,Pao nia
抱か,抱か,1,8,Kakae ka
アミュンタス,アミュンタス,1,9,Amyuntasu
偏見,偏見,1,6,Henken
脅威,脅威,1,5,Kyoui
従属,従属,1,8,Zyuuzoku
厄介,厄介,1,6,Yakkai
たわ言,たわ言,1,8,Tawagoto
アケメネイド,アケメネイド,1,10,Akemeneido
ブログ,ブログ,1,6,Burogu
つれ,つれ,1,4,Ture
激化,激化,1,6,Gekika
ヒステリー,ヒステリー,1,9,Hisuterii
ペルシャ,ペルシャ,1,7,Perusya
上級,上級,1,8,Zyoukyuu
階層,階層,1,6,Kaisou
姻戚,姻戚,1,6,Inseki
ドメニコ,ドメニコ,1,8,Domeniko
マイアミ,マイアミ,1,6,Maiami
負っ,負っ,1,1,O
アスティ,アスティ,1,5,Asuti
責務,責務,1,6,Sekimu
スキタイ,スキタイ,1,7,Sukitai
違う,違う,1,5,Tigau
補佐,補佐,1,4,Hosa
パソコン,パソコン,1,7,Pasokon
ノート,ノート,1,5,Nooto
メガラ,メガラ,1,6,Megara
ゼイオン,ゼイオン,1,6,Zei on
ゼイ,ゼイ,1,3,Zei
ビザンチウム,ビザンチウム,1,10,Bizantiumu
冷静,冷静,1,6,Reisei
提携,提携,1,6,Teikei
維持,維持,1,3,Izi
ダリウス,ダリウス,1,7,Dariusu
司令,司令,1,5,Sirei
メガバズス,メガバズス,1,10,Megabazusu
ノリ,ノリ,1,4,Nori
関わる,関わる,1,8,Kakawaru
フィルム,フィルム,1,6,Hirumu
ライバル,ライバル,1,7,Raibaru
手続き,手続き,1,8,Tetuzuki
ベルシェロン,ベルシェロン,1,9,Beruseron
レディ,レディ,1,4,Redi
表明,表明,1,7,Hyoumei
意,意,1,1,I
遺憾,遺憾,1,4,Ikan
予報,予報,1,5,Yohou
信用,信用,1,7,Sin'you
発想,発想,1,6,Hassou
総観,総観,1,6,Soukan
確証,確証,1,8,Kakusyou
モンスーン,モンスーン,1,7,Monsuun
減らす,減らす,1,6,Herasu
季節,季節,1,6,Kisetu
卓越,卓越,1,7,Takuetu
スラ,スラ,1,4,Sura
先駆け,先駆け,1,8,Sakigake
スラヴ,スラヴ,1,6,Suravu
及ぼし,及ぼし,1,7,Oyobosi
ゲルマン,ゲルマン,1,7,Geruman
わたる,わたる,1,6,Wataru
スラブ,スラブ,1,6,Surabu
違い,違い,1,5,Tigai
ウェールズ,ウェールズ,1,6,Eeruzu
おさめ,おさめ,1,5,Osame
プラン,プラン,1,5,Puran
ヤニス,ヤニス,1,6,Yanisu
スマラグディス,スマラグディス,1,12,Sumaragudisu
ディ,ディ,1,2,Di
グレコ,グレコ,1,6,Gureko
演じ,演じ,1,4,Enzi
付き,付き,1,4,Tuki
認める,認める,1,8,Mitomeru
形,形,1,6,Katati
親身,親身,1,5,Sinmi
調印,調印,1,6,Tyouin
国務,国務,1,6,Kokumu
がましく,がましく,1,8,Gamasiku
あてつけ,あてつけ,1,7,Atetuke
増々,増々,1,8,Masumasu
メンバー,メンバー,1,6,Menbaa
統括,統括,1,7,Toukatu
パトロール,パトロール,1,9,Patorooru
巡視,巡視,1,6,Zyunsi
埋め立て,埋め立て,1,7,Umetate
フォンヴィエイユ,フォンヴィエイユ,1,10,Hon vieiyu
拡張,拡張,1,8,Kakutyou
小島,小島,1,6,Kozima
カリフォルニヤ,カリフォルニヤ,1,12,Karihoruniya
バハ,バハ,1,4,Baha
照らさ,照らさ,1,6,Terasa
基金,基金,1,5,Kikin
バンコク,バンコク,1,7,Bankoku
幻想,幻想,1,6,Gensou
マハナコーン,マハナコーン,1,11,Mahana koon
高層,高層,1,6,Kousou
殺す,殺す,1,6,Korosu
出現,出現,1,8,Syutugen
煽っ,煽っ,1,2,Ao
変革,変革,1,7,Henkaku
溢れ,溢れ,1,5,Ahure
フィート,フィート,1,5,Hiito
埋め,埋め,1,3,Ume
通勤,通勤,1,6,Tuukin
回顧,回顧,1,5,Kaiko
カプラン,カプラン,1,7,Kapuran
読ん,読ん,1,3,Yon
おののき,おののき,1,7,Ononoki
遅く,遅く,1,5,Osoku
いくばく,いくばく,1,7,Ikubaku
ぼんやり,ぼんやり,1,8,Bon'yari
委ねる,委ねる,1,8,Yudaneru
訪れる,訪れる,1,9,Otozureru
栄光,栄光,1,5,Eikou
無人,無人,1,5,Muzin
更新,更新,1,6,Kousin
創造,創造,1,6,Souzou
応え,応え,1,5,Kotae
アレハンドラ,アレハンドラ,1,11,Are handora
ウッズ,ウッズ,1,4,Uzzu
駆逐,駆逐,1,6,Kutiku
感覚,感覚,1,7,Kankaku
粗い,粗い,1,4,Arai
救い,救い,1,5,Sukui
形式,形式,1,7,Keisiki
リニア,リニア,1,5,Rinia
モーターカー,モーターカー,1,9,Mootaakaa
タイプ,タイプ,1,5,Taipu
チケット,チケット,1,7,Tiketto
入れる,入れる,1,5,Ireru
ヤス,ヤス,1,4,Yasu
マリーナ,マリーナ,1,7,Mariina
サーキット,サーキット,1,8,Saakitto
絶妙,絶妙,1,8,Zetumyou
タイミング,タイミング,1,8,Taimingu
橋,橋,1,4,Hasi
プラトン,プラトン,1,7,Puraton
老齢,老齢,1,6,Rourei
ホアン,ホアン,1,4,Hoan
豊富,豊富,1,5,Houhu
最北,最北,1,7,Saihoku
コリ,コリ,1,4,Kori
タイガ,タイガ,1,6,Ta iga
シベリア,シベリア,1,7,Siberia
復活,復活,1,7,Hukkatu
仕上げる,仕上げる,1,7,Siageru
冬季,冬季,1,5,Touki
ユニバーシアード,ユニバーシアード,1,13,Yunibaasiaado
クラスノヤルスク,クラスノヤルスク,1,16,Kurasunoyarusuku
追いかける,追いかける,1,8,Oikakeru
神経,神経,1,6,Sinkei
コネクティブ,コネクティブ,1,10,Konekutibu
流れる,流れる,1,8,Nagareru
モルディブ,モルディブ,1,8,Morudibu
難しかっ,難しかっ,1,10,Muzukasika
グラニット,グラニット,1,9,Guranitto
レコーディング,レコーディング,1,10,Rekoodingu
セーシェル,セーシェル,1,7,Seeseru
ティオマン,ティオマン,1,6,Tioman
セントヘレナ,セントヘレナ,1,11,Sentoherena
鉱物,鉱物,1,7,Koubutu
鉱石,鉱石,1,7,Kouseki
モリブデン,モリブデン,1,9,Moribuden
感,感,1,3,Kan
つながり,つながり,1,8,Tunagari
サルサ,サルサ,1,6,Sarusa
彫刻,彫刻,1,8,Tyoukoku
外観,外観,1,6,Gaikan
ディテール,ディテール,1,7,Diteeru
故人,故人,1,5,Kozin
意義,意義,1,3,Igi
思い出,思い出,1,6,Omoide
生き生き,生き生き,1,6,Ikiiki
憲章,憲章,1,7,Kensyou
コバルト,コバルト,1,8,Kobaruto
不快,不快,1,5,Hukai
代議,代議,1,5,Daigi
商人,商人,1,7,Syounin
素敵,素敵,1,6,Suteki
ダイヤモンド,ダイヤモンド,1,10,Daiyamondo
マンガン,マンガン,1,6,Mangan
鉛,鉛,1,6,Namari
亜鉛,亜鉛,1,3,Aen
ニッケル,ニッケル,1,7,Nikkeru
チャンス,チャンス,1,6,Tyansu
わから,わから,1,6,Wakara
出産,出産,1,7,Syussan
ロッコ,ロッコ,1,5,Rokko
人民,人民,1,6,Zinmin
イライラ,イライラ,1,6,Iraira
贔屓,贔屓,1,5,Hiiki
先導,先導,1,6,Sendou
終始,終始,1,6,Syuusi
任務,任務,1,5,Ninmu
就く,就く,1,4,Tuku
聞く,聞く,1,4,Kiku
得よう,得よう,1,4,Eyou
麻痺,麻痺,1,4,Mahi
防止,防止,1,5,Bousi
成果,成果,1,5,Seika
ノイズ,ノイズ,1,5,Noizu
取り締まっ,取り締まっ,1,8,Torisima
アンドリュー,アンドリュー,1,8,Andoryuu
マー,マー,1,3,Maa
自尊,自尊,1,5,Zison
腹立たしく,腹立たしく,1,12,Haradatasiku
裏地,裏地,1,5,Urazi
終わら,終わら,1,5,Owara
銀,銀,1,3,Gin
宣誓,宣誓,1,6,Sensei
干渉,干渉,1,7,Kansyou
弱,弱,1,5,Zyaku
移譲,移譲,1,5,Izyou
優しく,優しく,1,8,Yasasiku
車台,車台,1,6,Syadai
ノック,ノック,1,5,Nokku
朝市,朝市,1,6,Asaiti
没頭,没頭,1,6,Bottou
ポン,ポン,1,3,Pon
菓子,菓子,1,4,Kasi
蜂,蜂,1,4,Hati
繭,繭,1,4,Mayu
蛹,蛹,1,6,Sanagi
珍味,珍味,1,5,Tinmi
バッファロー,バッファロー,1,8,Bahharoo
よい,よい,1,3,Yoi
キンマ,キンマ,1,5,Kinma
ナット,ナット,1,5,Natto
樹皮,樹皮,1,5,Zyuhi
働き,働き,1,8,Hataraki
ヒキガエル,ヒキガエル,1,9,Hikigaeru
ナマズ,ナマズ,1,6,Namazu
まわっ,まわっ,1,5,Ma wa
レトロ,レトロ,1,6,Retoro
引き分け,引き分け,1,8,Hikiwake
ホーム,ホーム,1,5,Hoomu
開設,開設,1,7,Kaisetu
数百,数百,1,8,Suuhyaku
下げ,下げ,1,4,Sage
辞職,辞職,1,7,Zisyoku
賠償,賠償,1,7,Baisyou
請求,請求,1,7,Seikyuu
残高,残高,1,7,Zandaka
自動,自動,1,5,Zidou
メーカー,メーカー,1,6,Meekaa
ハーバート,ハーバート,1,8,Haabaato
ディエス,ディエス,1,5,Diesu
ヴァンテージ,ヴァンテージ,1,8,Vanteezi
会長,会長,1,7,Kaityou
昇格,昇格,1,8,Syoukaku
発覚,発覚,1,7,Hakkaku
ブリグジット,ブリグジット,1,11,Buriguzitto
縮小,縮小,1,9,Syukusyou
無料,無料,1,6,Muryou
買い物,買い物,1,7,Kaimono
客,客,1,5,Kyaku
好調,好調,1,7,Koutyou
卸,卸,1,5,Orosi
借り,借り,1,4,Kari
ネクター,ネクター,1,7,Nekutaa
酸性,酸性,1,6,Sansei
虚偽,虚偽,1,5,Kyogi
がっかり,がっかり,1,7,Gakkari
モンテカルロ,モンテカルロ,1,11,Montekaruro
ブノワ,ブノワ,1,6,Bunowa
ペイル,ペイル,1,5,Peiru
早送り,早送り,1,9,Hayaokuri
ミネラル,ミネラル,1,8,Mineraru
土壌,土壌,1,6,Dozyou
番狂わせ,番狂わせ,1,11,Bankuruwase
デイビス,デイビス,1,7,Deibisu
養分,養分,1,6,Youbun
アンケート,アンケート,1,7,Ankeeto
欠かせ,欠かせ,1,6,Kakase
負担,負担,1,5,Hutan
心配,心配,1,6,Sinpai
健全,健全,1,6,Kenzen
ホープリー,ホープリー,1,9,Hoo purii
リスク,リスク,1,6,Risuku
気づか,気づか,1,6,Kizuka
済む,済む,1,4,Sumu
硫黄,硫黄,1,3,Iou
保持,保持,1,4,Hozi
歩き,歩き,1,5,Aruki
横,横,1,4,Yoko
列車,列車,1,6,Ressya
いじる,いじる,1,5,Iziru
目立つ,目立つ,1,6,Medatu
見れ,見れ,1,4,Mire
モトクロス,モトクロス,1,10,Motokurosu
サングラス,サングラス,1,9,Sangurasu
死滅,死滅,1,6,Simetu
しばし,しばし,1,6,Sibasi
ツノガレイ,ツノガレイ,1,9,Tunogarei
ウィントー,ウィントー,1,6,In too
ヒラメ,ヒラメ,1,6,Hirame
キダラ,キダラ,1,6,Kidara
歓迎,歓迎,1,6,Kangei
多用,多用,1,5,Tayou
アゴラ,アゴラ,1,5,Agora
制,制,1,3,Sei
検索,検索,1,7,Kensaku
布,布,1,4,Nuno
ランドスケープ,ランドスケープ,1,12,Randosukeepu
ドクター,ドクター,1,7,Dokutaa
リー,リー,1,3,Rii
言い足し,言い足し,1,6,Iitasi
オフィス,オフィス,1,5,Ohisu
浮かん,浮かん,1,4,Ukan
訴訟,訴訟,1,6,Sosyou
ハンマー,ハンマー,1,6,Hanmaa
集める,集める,1,7,Atumeru
鳥類,鳥類,1,7,Tyourui
スタンス,スタンス,1,7,Sutansu
請願,請願,1,6,Seigan
ナッツ,ナッツ,1,5,Nattu
ジェフ,ジェフ,1,4,Zehu
アヴェリー,アヴェリー,1,6,Averii
ポリシー,ポリシー,1,7,Porisii
司会,司会,1,5,Sikai
パックハム,パックハム,1,10,Pakku hamu
ネイチャー,ネイチャー,1,7,Neityaa
持ち込ん,持ち込ん,1,7,Motikon
間違っ,間違っ,1,6,Matiga
窮地,窮地,1,6,Kyuuti
狩猟,狩猟,1,7,Syuryou
モロッコ,モロッコ,1,7,Morokko
日記,日記,1,5,Nikki
世間,世間,1,5,Seken
ぴったり,ぴったり,1,7,Pittari
面白く,面白く,1,9,Omosiroku
大望,大望,1,6,Taibou
相互,相互,1,5,Sougo
近代,近代,1,6,Kindai
子育て,子育て,1,8,Kosodate
憎しみ,憎しみ,1,8,Nikusimi
笑う,笑う,1,5,Warau
トロピカル,トロピカル,1,10,Toropikaru
長く,長く,1,6,Nagaku
月曜,月曜,1,7,Getuyou
カバー,カバー,1,5,Kabaa
しみ,しみ,1,4,Simi
デザイン,デザイン,1,6,Dezain
停まる,停まる,1,6,Tomaru
ベリンガム,ベリンガム,1,10,Berin gamu
ジュエリー,ジュエリー,1,7,Zyuerii
電車,電車,1,6,Densya
美術,美術,1,7,Bizyutu
南方,南方,1,6,Nanpou
つづけ,つづけ,1,6,Tuzuke
尖塔,尖塔,1,6,Sentou
各駅,各駅,1,7,Kakueki
赤い,赤い,1,4,Akai
キャップ,キャップ,1,6,Kyappu
ガード,ガード,1,5,Gaado
プラットフォーム,プラットフォーム,1,12,Purattohoomu
車輪,車輪,1,6,Syarin
点検,点検,1,6,Tenken
カラー,カラー,1,5,Karaa
鉱脈,鉱脈,1,8,Koumyaku
ディスカッション,ディスカッション,1,11,Disukassyon
ファイアウォール,ファイアウォール,1,8,Haiaooru
軽々しく,軽々しく,1,12,Karugarusiku
野獣,野獣,1,6,Yazyuu
フランク,フランク,1,7,Huranku
漏れる,漏れる,1,6,Moreru
取り上げる,取り上げる,1,9,Toriageru
講じる,講じる,1,7,Kouziru
外部,外部,1,5,Gaibu
試みる,試みる,1,10,Kokoromiru
話題,話題,1,5,Wadai
いか,いか,1,3,Ika
ノーサンプトン,ノーサンプトン,1,11,Noosanputon
ブービー,ブービー,1,6,Buubii
トラップ,トラップ,1,7,Torappu
すなわち,すなわち,1,8,Sunawati
アクティブ,アクティブ,1,7,Akutibu
ディフェンス,ディフェンス,1,7,Dihensu
コンセプト,コンセプト,1,9,Konseputo
設置,設置,1,5,Setti
小売,小売,1,5,Kouri
テスコ,テスコ,1,6,Tesuko
審理,審理,1,5,Sinri
あつらえ,あつらえ,1,6,Aturae
温まる,温まる,1,9,Atatamaru
賛成,賛成,1,6,Sansei
楽し,楽し,1,6,Tanosi
発信,発信,1,6,Hassin
ボブ,ボブ,1,4,Bobu
拷問,拷問,1,6,Goumon
軟化,軟化,1,5,Nanka
疲れ,疲れ,1,6,Tukare
持た,持た,1,4,Mota
展望,展望,1,6,Tenbou
絶する,絶する,1,7,Zessuru
強硬,強硬,1,7,Kyoukou
意外,意外,1,4,Igai
きらめき,きらめき,1,8,Kirameki
ミセス,ミセス,1,6,Misesu
武装,武装,1,5,Busou
ミリカン,ミリカン,1,7,Mirikan
壊れ,壊れ,1,6,Koware
やすい,やすい,1,5,Yasui
落ち着か,落ち着か,1,7,Otituka
オディ,オディ,1,3,Odi
懐っこく,懐っこく,1,9,Natukkoku
ふさわしい,ふさわしい,1,9,Husawasii
良かっ,良かっ,1,4,Yoka
午後,午後,1,4,Gogo
スカーフ,スカーフ,1,7,Sukaahu
角,角,1,4,Kado
検出,検出,1,8,Kensyutu
マイク,マイク,1,5,Maiku
落とす,落とす,1,5,Otosu
ナチス,ナチス,1,6,Natisu
数え,数え,1,5,Kazoe
テキスト,テキスト,1,8,Tekisuto
ハリウッド,ハリウッド,1,8,Hariuddo
一連,一連,1,6,Itiren
観客,観客,1,8,Kankyaku
疎外,疎外,1,5,Sogai
真,真,1,2,Ma
視点,視点,1,5,Siten
陽気,陽気,1,5,Youki
お祭り騒ぎ,お祭り騒ぎ,1,13,Omaturisawagi
硬い,硬い,1,5,Katai
苦労,苦労,1,5,Kurou
パスワード,パスワード,1,9,Pasuwaado
バランス,バランス,1,7,Baransu
話し,話し,1,6,Hanasi
不安,不安,1,4,Huan
動い,動い,1,4,Ugoi
赤字,赤字,1,5,Akazi
トレンド,トレンド,1,7,Torendo
サウス,サウス,1,5,Sausu
バンク,バンク,1,5,Banku
タワー,タワー,1,5,Tawaa
アパート,アパート,1,6,Apaato
走ら,走ら,1,6,Hasira
インテリア,インテリア,1,7,Interia
立ち向かわ,立ち向かわ,1,10,Tatimukawa
レイチェル,レイチェル,1,7,Reiteru
ウェンハム,ウェンハム,1,6,Enhamu
委託,委託,1,5,Itaku
触覚,触覚,1,8,Syokkaku
前進,前進,1,6,Zensin
持ち合わせ,持ち合わせ,1,9,Motiawase
もの作り,もの作り,1,10,Monozukuri
執念,執念,1,7,Syuunen
さばき,さばき,1,6,Sabaki
柔らか,柔らか,1,8,Yawaraka
合わせる,合わせる,1,7,Awaseru
望み,望み,1,6,Nozomi
罪,罪,1,4,Tumi
後戻り,後戻り,1,9,Atomodori
走っ,走っ,1,4,Hasi
コーティング,コーティング,1,8,Kootingu
ヒーロー,ヒーロー,1,6,Hiiroo
こ,こ,1,2,Ko
調子,調子,1,6,Tyousi
鍛え,鍛え,1,5,Kitae
取り扱っ,取り扱っ,1,9,Toriatuka
ジマー,ジマー,1,5,Zima-
ラグビー,ラグビー,1,7,Ragubii
暗い,暗い,1,5,Kurai
弾い,弾い,1,3,Hii
前後,前後,1,5,Zengo
衝動,衝動,1,7,Syoudou
為,為,1,4,Tame
起こら,起こら,1,5,Okora
サンダー,サンダー,1,6,Sandaa
ランド,ランド,1,5,Rando
村,村,1,4,Mura
ひっくり返っ,ひっくり返っ,1,10,Hikkurikae
シューマン,シューマン,1,7,Syuuman
まるで,まるで,1,6,Marude
もし,もし,1,4,Mosi
逆戻り,逆戻り,1,11,Gyakumodori
羊毛,羊毛,1,6,Youmou
さも,さも,1,5,Sa mo
時事,時事,1,4,Zizi
何十,何十,1,7,Nanzyuu
咎める,咎める,1,8,Togameru
区別,区別,1,6,Kubetu
資格,資格,1,6,Sikaku
とどめ,とどめ,1,6,Todome
させる,させる,1,6,Saseru
アビバ,アビバ,1,5,Abiba
インベスターズ,インベスターズ,1,11,Inbesutaazu
マルチ,マルチ,1,6,Maruti
戦略,戦略,1,8,Senryaku
たかっ,たかっ,1,4,Taka
リターン,リターン,1,6,Ritaan
インカム,インカム,1,6,Inkamu
持ち,持ち,1,4,Moti
下落,下落,1,6,Geraku
資産,資産,1,5,Sisan
指定,指定,1,5,Sitei
アップグレード,アップグレード,1,11,Appugureedo
アディダス,アディダス,1,7,Adidasu
浮かぶ,浮かぶ,1,5,Ukabu
ただ,ただ,1,4,Tada
立場,立場,1,6,Tatiba
スクール,スクール,1,7,Sukuuru
ビジネス,ビジネス,1,8,Bizinesu
貯蓄,貯蓄,1,7,Tyotiku
預金,預金,1,5,Yokin
披露,披露,1,5,Hirou
クレジット,クレジット,1,9,Kurezitto
夫婦,夫婦,1,5,Huuhu
限度,限度,1,5,Gendo
毎月,毎月,1,7,Maituki
かなっ,かなっ,1,5,Ka na
理,理,1,8,Kotowari
エーオン,エーオン,1,5,Ee on
固定,固定,1,5,Kotei
害,害,1,3,Gai
アブロエナジー,アブロエナジー,1,11,Aburoenazii
水準,水準,1,7,Suizyun
キャピトル,キャピトル,1,9,Kyapitoru
高価,高価,1,5,Kouka
前払,前払,1,8,Maebarai
運勢,運勢,1,5,Unsei
債券,債券,1,6,Saiken
債務,債務,1,5,Saimu
受け取れる,受け取れる,1,9,Uketoreru
言え,言え,1,2,Ie
借り入れ,借り入れ,1,7,Kariire
きれい,きれい,1,5,Kirei
ハーバード,ハーバード,1,8,Haabaado
要望,要望,1,6,Youbou
喚起,喚起,1,5,Kanki
過小,過小,1,6,Kasyou
めった,めった,1,5,Metta
シェークスピアー,シェークスピアー,1,11,Seekusupia-
カンパニー,カンパニー,1,8,Kanpanii
マラー,マラー,1,5,Mara-
サド,サド,1,4,Sado
瞬間,瞬間,1,7,Syunkan
科,科,1,2,Ka
演じる,演じる,1,6,Enziru
巡り合う,巡り合う,1,8,Meguriau
よそ,よそ,1,4,Yoso
もしくは,もしくは,1,8,Mosikuha
訴えかける,訴えかける,1,11,Uttaekakeru
以っ,以っ,1,2,Mo
打ちのめす,打ちのめす,1,9,Utinomesu
ジーンズ,ジーンズ,1,6,Ziinzu
静脈,静脈,1,9,Zyoumyaku
浮き出,浮き出,1,5,Ukide
震え,震え,1,5,Hurue
グレンダ,グレンダ,1,7,Gurenda
技,技,1,4,Waza
寒く,寒く,1,6,Samuku
ヘルス,ヘルス,1,6,Herusu
けが,けが,1,4,Kega
外科,外科,1,4,Geka
レポート,レポート,1,7,Repooto
注ぎ込む,注ぎ込む,1,10,Sosogikomu
ゴミ,ゴミ,1,4,Gomi
劇的,劇的,1,8,Gekiteki
アンバサダー,アンバサダー,1,9,Anbasadaa
限り,限り,1,6,Kagiri
魚,魚,1,6,Sakana
プラスチック,プラスチック,1,11,Purasutikku
天才,天才,1,6,Tensai
リハビリ,リハビリ,1,8,Rihabiri
ホスピタル,ホスピタル,1,10,Hosupitaru
目下,目下,1,5,Mokka
コーポレーション,コーポレーション,1,12,Kooporeesyon
民衆,民衆,1,7,Minsyuu
負う,負う,1,2,Ou
力説,力説,1,8,Rikisetu
天候,天候,1,6,Tenkou
不良,不良,1,6,Huryou
大人,大人,1,5,Otona
末,末,1,4,Matu
南西,南西,1,6,Nansei
ザーホリエ,ザーホリエ,1,8,Zaahorie
都度,都度,1,4,Tudo
がた,がた,1,4,Gata
命令,命令,1,6,Meirei
明瞭,明瞭,1,7,Meiryou
多かっ,多かっ,1,4,Ooka
了解,了解,1,7,Ryoukai
目指す,目指す,1,6,Mezasu
望む,望む,1,6,Nozomu
皆,皆,1,4,Mina
促す,促す,1,7,Unagasu
供述,供述,1,9,Kyouzyutu
あいまい,あいまい,1,5,Aimai
礼儀,礼儀,1,5,Reigi
ボート,ボート,1,5,Booto
祭儀,祭儀,1,5,Saigi
立て,立て,1,4,Tate
履歴,履歴,1,6,Rireki
列,列,1,4,Retu
マスト,マスト,1,6,Masuto
スポット,スポット,1,7,Supotto
南北,南北,1,7,Nanboku
犯罪,犯罪,1,6,Hanzai
寡黙,寡黙,1,6,Kamoku
拘置,拘置,1,5,Kouti
正,正,1,3,Sei
ティベリウス,ティベリウス,1,9,Tiberiusu
安石,安石,1,8,Yasu isi
感心,感心,1,6,Kansin
罰金,罰金,1,6,Bakkin
圏外,圏外,1,6,Kengai
ビアン,ビアン,1,4,Bian
プレッシャー,プレッシャー,1,9,Puressyaa
駆使,駆使,1,4,Kusi
浚渫,浚渫,1,8,Syunsetu
罰,罰,1,4,Batu
特使,特使,1,6,Tokusi
宮廷,宮廷,1,7,Kyuutei
従事,従事,1,6,Zyuuzi
倫理,倫理,1,5,Rinri
力量,力量,1,8,Rikiryou
運命,運命,1,5,Unmei
嫌々,嫌々,1,6,Iyaiya
交渉,交渉,1,7,Kousyou
いき,いき,1,3,Iki
聴聞,聴聞,1,7,Tyoumon
サレルノ,サレルノ,1,8,Sareruno
祭壇,祭壇,1,6,Saidan
方形,方形,1,6,Houkei
名目,名目,1,7,Meimoku
該当,該当,1,6,Gaitou
猿,猿,1,4,Saru
周年,周年,1,7,Syuunen
当たる,当たる,1,5,Ataru
縁起,縁起,1,4,Engi
週日,週日,1,8,Syuuzitu
仏像,仏像,1,7,Butuzou
正月,正月,1,8,Syougatu
華人,華人,1,5,Kazin
饗宴,饗宴,1,6,Kyouen
こよみ,こよみ,1,6,Koyomi
計算,計算,1,6,Keisan
毎年,毎年,1,7,Maitosi
トルドー,トルドー,1,7,Torudo-
努め,努め,1,6,Tutome
利益,利益,1,5,Rieki
あれ,あれ,1,3,Are
なん,なん,1,4,Na n
伺え,伺え,1,6,Ukagae
北方,北方,1,6,Hoppou
議題,議題,1,5,Gidai
やめ,やめ,1,4,Yame
出す,出す,1,4,Dasu
曜日,曜日,1,5,Youbi
水鉢,水鉢,1,7,Suibati
月日,月日,1,7,Tuki hi
備え付け,備え付け,1,9,Sonaetuke
巨石,巨石,1,7,Kyoseki
思しき,思しき,1,7,Si siki
ホームレス,ホームレス,1,9,Hoomuresu
かど,かど,1,5,Ka do
刺殺,刺殺,1,6,Sisatu
高台,高台,1,7,Takadai
戦火,戦火,1,5,Senka
十,十,1,4,Zyuu
引き起こさ,引き起こさ,1,9,Hikiokosa
カルナック,カルナック,1,9,Karunakku
寺院,寺院,1,4,Ziin
碑文,碑文,1,5,Hibun
参考,参考,1,6,Sankou
高校,高校,1,6,Koukou
テルアマルナ,テルアマルナ,1,13,Teru ama runa
ゲゼル,ゲゼル,1,6,Gezeru
誓っ,誓っ,1,4,Tika
通,通,1,5,Doori
出生,出生,1,8,Syussyou
生年,生年,1,8,Nama nen
役人,役人,1,7,Yakunin
沈括,沈括,1,7,Tinkatu
ジュリアン,ジュリアン,1,7,Zyurian
後継,後継,1,6,Koukei
スポットライト,スポットライト,1,12,Supottoraito
適さ,適さ,1,6,Tekisa
蒙古,蒙古,1,5,Mouko
急い,急い,1,4,Isoi
捕えよう,捕えよう,1,8,Toraeyou
ラメセス,ラメセス,1,8,Ramesesu
戦術,戦術,1,8,Senzyutu
確か,確か,1,6,Tasika
中傷,中傷,1,8,Tyuusyou
マイノリティ,マイノリティ,1,9,Mainoriti
ブレステッド,ブレステッド,1,11,Buresuteddo
学術,学術,1,9,Gakuzyutu
再現,再現,1,6,Saigen
サポーター,サポーター,1,8,Sapootaa
称賛,称賛,1,7,Syousan
ロメス,ロメス,1,6,Romesu
物資,物資,1,5,Bussi
包囲,包囲,1,4,Houi
行え,行え,1,6,Gyou e
戻り,戻り,1,6,Modori
アムル,アムル,1,5,Amuru
当て,当て,1,3,Ate
世凱,世凱,1,6,Seigai
予言,予言,1,5,Yogen
袁,袁,1,2,En
ついに,ついに,1,5,Tuini
高麗,高麗,1,6,Kourai
会う,会う,1,2,Au
素朴,素朴,1,6,Soboku
ピクニック,ピクニック,1,9,Pikunikku
ベンチ,ベンチ,1,5,Benti
小道,小道,1,6,Komiti
伴い,伴い,1,7,Tomonai
カウンセラー,カウンセラー,1,9,Kaunseraa
ライ,ライ,1,3,Rai
急激,急激,1,8,Kyuugeki
築か,築か,1,6,Kizuka
地元,地元,1,6,Zimoto
公共,公共,1,7,Koukyou
現し,現し,1,7,Arawasi
姿,姿,1,6,Sugata
メラニア,メラニア,1,7,Merania
さん,さん,1,3,San
みな,みな,1,4,Mina
見なし,見なし,1,6,Minasi
総統,総統,1,6,Soutou
チューニップ,チューニップ,1,10,Tyuu nippu
項目,項目,1,7,Koumoku
経過,経過,1,5,Keika
着用,着用,1,8,Tyakuyou
定住,定住,1,7,Teizyuu
砦,砦,1,6,Toride
ラチウム,ラチウム,1,7,Ratiumu
メカニズム,メカニズム,1,10,Mekanizumu
有毒,有毒,1,7,Yuudoku
統合,統合,1,6,Tougou
基盤,基盤,1,5,Kiban
スモッグ,スモッグ,1,7,Sumoggu
詰まる,詰まる,1,6,Tumaru
喉,喉,1,4,Nodo
毎日,毎日,1,7,Mainiti
知識,知識,1,6,Tisiki
トロイ,トロイ,1,5,Toroi
木馬,木馬,1,6,Mokuba
インスピレーション,インスピレーション,1,13,Insupireesyon
平凡,平凡,1,6,Heibon
老衰,老衰,1,6,Rousui
戦場,戦場,1,7,Senzyou
若く,若く,1,6,Wakaku
中産,中産,1,7,Tyuusan
不死,不死,1,4,Husi
ヌーベル,ヌーベル,1,7,Nuuberu
霧,霧,1,4,Kiri
確定,確定,1,7,Kakutei
ピラト,ピラト,1,6,Pirato
面倒,面倒,1,6,Mendou
胴,胴,1,3,Dou
よろい,よろい,1,6,Yoro i
装着,装着,1,8,Soutyaku
ギルボー,ギルボー,1,7,Giruboo
アンティパス,アンティパス,1,9,Anti pasu
ヘロディアス,ヘロディアス,1,9,Herodiasu
目の当たり,目の当たり,1,9,Manoatari
エルサレム,エルサレム,1,9,Erusaremu
イエス,イエス,1,4,Iesu
位相,位相,1,4,Isou
試練,試練,1,5,Siren
新約,新約,1,8,Sin'yaku
アップ,アップ,1,4,Appu
コリント,コリント,1,7,Korinto
例外,例外,1,6,Reigai
閏月,閏月,1,8,Zyungetu
金曜,金曜,1,7,Kin'you
ニュートン,ニュートン,1,7,Nyuuton
低減,低減,1,6,Teigen
取材,取材,1,6,Syuzai
ビバリーヒルズ,ビバリーヒルズ,1,13,Bibariihiruzu
粗末,粗末,1,6,Somatu
セファルディム,セファルディム,1,10,Seharudimu
ポルトガル,ポルトガル,1,10,Porutogaru
ベオグラード,ベオグラード,1,10,Beoguraado
標的,標的,1,8,Hyouteki
マデドニア,マデドニア,1,9,Madedonia
東側,東側,1,10,Higasigawa
ネストゥス,ネストゥス,1,8,Nesutusu
メスタ,メスタ,1,6,Mesuta
サハリン,サハリン,1,8,Saha rin
カムチャッカ,カムチャッカ,1,11,Kamu tyakka
テッサリア,テッサリア,1,8,Tessaria
打ち破り,打ち破り,1,9,Utiyaburi
近年,近年,1,6,Kinnen
テルモピレー,テルモピレー,1,12,Teru mopiree
山道,山道,1,6,Sandou
ウラジオストク,ウラジオストク,1,12,Uraziosutoku
アカイア,アカイア,1,5,Akaia
極東,極東,1,8,Kyokutou
固く,固く,1,6,Kataku
奪取,奪取,1,6,Dassyu
マケドン,マケドン,1,7,Makedon
招集,招集,1,8,Syousyuu
武術,武術,1,7,Buzyutu
申し出,申し出,1,7,Mouside
作戦,作戦,1,7,Sakusen
施さ,施さ,1,8,Hodokosa
優位,優位,1,4,Yuui
形勢,形勢,1,6,Keisei
文節,文節,1,7,Bunsetu
退行,退行,1,6,Taikou
論ずる,論ずる,1,7,Ronzuru
ドミニコ,ドミニコ,1,8,Dominiko
喧嘩,喧嘩,1,5,Kenka
ハインリッヒ,ハインリッヒ,1,9,Hainrihhi
クレイマー,クレイマー,1,8,Kureimaa
ザルツブルク,ザルツブルク,1,12,Zarutuburuku
司教,司教,1,6,Sikyou
助手,助手,1,6,Zyosyu
務め,務め,1,6,Tutome
異端,異端,1,4,Itan
審問,審問,1,6,Sinmon
王立,王立,1,6,Ouritu
団員,団員,1,6,Dan'in
マレウス,マレウス,1,8,Mare usu
国籍,国籍,1,8,Kokuseki
セルビア,セルビア,1,7,Serubia
反し,反し,1,5,Hansi
奥,奥,1,3,Oku
女帝,女帝,1,6,Zyotei
ホテル,ホテル,1,6,Hoteru
活躍,活躍,1,8,Katuyaku
小さい,小さい,1,6,Tiisai
余り,余り,1,5,Amari
集中,集中,1,8,Syuutyuu
州兵,州兵,1,7,Syuuhei
君,君,1,4,Kimi
集結,集結,1,8,Syuuketu
兵站,兵站,1,6,Heitan
ソニー,ソニー,1,5,Sonii
幸い,幸い,1,6,Saiwai
米軍,米軍,1,6,Beigun
プエルトリコ,プエルトリコ,1,11,Puerutoriko
グアム,グアム,1,5,Guamu
フィリピン,フィリピン,1,7,Hiripin
尋ね,尋ね,1,6,Tazune
上旬,上旬,1,8,Zyouzyun
徴募,徴募,1,6,Tyoubo
大軍,大軍,1,6,Taigun
攻勢,攻勢,1,6,Kousei
道徳,道徳,1,7,Doutoku
ルネッサンス,ルネッサンス,1,10,Runessansu
成っ,成っ,1,2,Na
併合,併合,1,6,Heigou
クリミア,クリミア,1,7,Kurimia
エカチェリーナ,エカチェリーナ,1,10,Ekateriina
セーガル,セーガル,1,7,Seegaru
充填,充填,1,7,Zyuuten
パール,パール,1,5,Paaru
ハーバー,ハーバー,1,6,Haabaa
プロパガンダ,プロパガンダ,1,11,Puropaganda
ロマノフ,ロマノフ,1,8,Romanohu
ギタリスト,ギタリスト,1,10,Gitarisuto
理想,理想,1,5,Risou
ビジョン,ビジョン,1,6,Bizyon
実態,実態,1,6,Zittai
盲目,盲目,1,7,Moumoku
鋭敏,鋭敏,1,5,Eibin
きざし,きざし,1,6,Kizasi
見せ,見せ,1,4,Mise
賑わし,賑わし,1,8,Nigiwasi
集積,集積,1,8,Syuuseki
スコタイ,スコタイ,1,7,Sukotai
西洋,西洋,1,6,Seiyou
接触,接触,1,8,Sessyoku
有利,有利,1,5,Yuuri
開け,開け,1,3,Ake
つながっ,つながっ,1,6,Tunaga
負傷,負傷,1,6,Husyou
調和,調和,1,6,Tyouwa
従来,従来,1,7,Zyuurai
春分,春分,1,7,Syunbun
日の出,日の出,1,6,Hinode
最小,最小,1,7,Saisyou
偏差,偏差,1,5,Hensa
合わせ,合わせ,1,5,Awase
太陰,太陰,1,5,Taiin
膀胱,膀胱,1,6,Boukou
ユカタン,ユカタン,1,7,Yukatan
憶測,憶測,1,7,Okusoku
変異,変異,1,5,Hen'i
単に,単に,1,5,Tanni
偶然,偶然,1,6,Guuzen
弱い,弱い,1,5,Yowai
タバコ,タバコ,1,7,Ta bako
吸っ,吸っ,1,2,Su
段階,段階,1,6,Dankai
分断,分断,1,6,Bundan
カラカラ,カラカラ,1,8,Karakara
設け,設け,1,5,Mouke
ラッドヤード,ラッドヤード,1,11,Raddo yaado
美し,美し,1,7,Utukusi
秋分,秋分,1,7,Aki bun
冬至,冬至,1,5,Touzi
解消,解消,1,7,Kaisyou
夏至,夏至,1,4,Gesi
誘わ,誘わ,1,6,Sasowa
ハプスブルク,ハプスブルク,1,13,Hapusu buruku
神聖,神聖,1,6,Sinsei
わかり,わかり,1,6,Wakari
右肺,右肺,1,7,Migihai
チャールズ,チャールズ,1,8,Tyaaruzu
熱意,熱意,1,5,Netui
取り組ん,取り組ん,1,7,Torikun
スキャン,スキャン,1,6,Sukyan
公妃,公妃,1,5,Kouhi
嘆願,嘆願,1,6,Tangan
提出,提出,1,8,Teisyutu
迫害,迫害,1,7,Hakugai
アッデンブルック,アッデンブルック,1,12,Addenburukku
パップワース,パップワース,1,11,Pappu waasu
ケンブリッジシャー,ケンブリッジシャー,1,15,Kenburizzi syaa
天文,天文,1,6,Tenmon
台,台,1,3,Dai
太陽,太陽,1,6,Taiyou
観察,観察,1,7,Kansatu
標示,標示,1,6,Hyouzi
感動,感動,1,6,Kandou
生涯,生涯,1,7,Syougai
癌,癌,1,3,Gan
乗っ,乗っ,1,2,No
乱闘,乱闘,1,6,Rantou
損失,損失,1,7,Sonsitu
収益,収益,1,7,Syuueki
名乗っ,名乗っ,1,4,Nano
署,署,1,3,Syo
報じ,報じ,1,5,Houzi
解釈,解釈,1,8,Kaisyaku
言い,言い,1,2,Ii
占める,占める,1,6,Simeru
クアロン,クアロン,1,7,Kua ron
グラビティ,グラビティ,1,8,Gurabiti
納得,納得,1,7,Nattoku
給料,給料,1,8,Kyuuryou
加わる,加わる,1,8,Kuwawaru
低く,低く,1,6,Hikuku
明るい,明るい,1,6,Akarui
待っ,待っ,1,2,Ma
低,低,1,3,Tei
武力,武力,1,7,Buryoku
一因,一因,1,5,Itiin
緊張,緊張,1,7,Kintyou
要因,要因,1,5,Youin
確率,確率,1,8,Kakuritu
群集,群集,1,7,Gunsyuu
編,編,1,3,Hen
フローレンス,フローレンス,1,11,Huroo rensu
ガラード,ガラード,1,7,Garaado
出会い,出会い,1,4,Deai
落ち,落ち,1,3,Oti
スティーブン,スティーブン,1,8,Sutiibun
ウィーラー,ウィーラー,1,5,Iiraa
欲求,欲求,1,7,Yokkyuu
ラホール,ラホール,1,7,Rahooru
ガゼット,ガゼット,1,7,Gazetto
組み合わせ,組み合わせ,1,9,Kumiawase
任意,任意,1,5,Nin'i
金瓶,金瓶,1,6,Kinpei
梅,梅,1,3,Ume
昔,昔,1,6,Mukasi
取り入れ,取り入れ,1,7,Toriire
付け足し,付け足し,1,8,Tuketasi
心理,心理,1,5,Sinri
男子,男子,1,5,Dansi
集まっ,集まっ,1,5,Atuma
癒し,癒し,1,5,Iyasi
知れ,知れ,1,4,Sire
度数,度数,1,5,Dosuu
仙,仙,1,3,Sen
裕福,裕福,1,7,Yuuhuku
ルール,ルール,1,5,Ruuru
複雑,複雑,1,8,Hukuzatu
告げ,告げ,1,4,Tuge
種馬,種馬,1,7,Taneuma
シュライ,シュライ,1,6,Syurai
湾,湾,1,3,Wan
フーズム,フーズム,1,7,Huuzumu
湿地,湿地,1,5,Sitti
お腹,お腹,1,5,Onaka
凍っ,凍っ,1,3,Koo
直,直,1,4,Ziki
ボエーム,ボエーム,1,6,Boeemu
母,母,1,4,Haha
妊娠,妊娠,1,6,Ninsin
プロイセン,プロイセン,1,8,Puroisen
避難,避難,1,5,Hinan
プラノ,プラノ,1,6,Purano
火器,火器,1,4,Kaki
砲,砲,1,3,Hou
フルーツ,フルーツ,1,7,Huruutu
尾骨,尾骨,1,6,Bikotu
テキサス,テキサス,1,8,Tekisasu
ビョール,ビョール,1,6,Byooru
礎,礎,1,6,Isizue
見つかる,見つかる,1,8,Mitukaru
骨,骨,1,4,Hone
尾てい,尾てい,1,5,Bitei
マレ,マレ,1,4,Mare
ノストラム,ノストラム,1,11,Nosu toramu
呼び,呼び,1,4,Yobi
ブリリアニア,ブリリアニア,1,10,Buririania
クリスチャンサン,クリスチャンサン,1,13,Kurisutyansan
リレサン,リレサン,1,7,Riresan
脇,脇,1,4,Waki
岩礁,岩礁,1,7,Gansyou
水路,水路,1,5,Suiro
浅い,浅い,1,4,Asai
たとえば,たとえば,1,7,Tatoeba
フィヨルド,フィヨルド,1,8,Hiyorudo
淡水,淡水,1,6,Tansui
テラトーマ,テラトーマ,1,9,Teratooma
ビール,ビール,1,5,Biiru
蜂蜜,蜂蜜,1,8,Hatimitu
酒,酒,1,4,Sake
フレンスブルク,フレンスブルク,1,13,Hurensuburuku
診断,診断,1,6,Sindan
大衆,大衆,1,7,Taisyuu
待機,待機,1,5,Taiki
体内,体内,1,6,Tainai
異なり,異なり,1,8,Kotonari
アルジェリア,アルジェリア,1,8,Aruzeria
温帯,温帯,1,5,Ontai
穏やか,穏やか,1,7,Odayaka
質,質,1,4,Situ
タンパク,タンパク,1,7,Tanpaku
ミシシッピ,ミシシッピ,1,9,Misisippi
血球,血球,1,7,Kekkyuu
オハイオ,オハイオ,1,5,Ohaio
赤,赤,1,3,Aka
運ぶ,運ぶ,1,6,Hakobu
酸素,酸素,1,5,Sanso
奴隷,奴隷,1,5,Dorei
疑念,疑念,1,5,Ginen
ムード,ムード,1,5,Muudo
出来事,出来事,1,8,Dekigoto
枠組み,枠組み,1,8,Wakugumi
分裂,分裂,1,7,Bunretu
ディートリッヒ,ディートリッヒ,1,10,Diitorihhi
黄緑,黄緑,1,8,Kimidori
見なさ,見なさ,1,6,Minasa
一報,一報,1,5,Ippou
攻略,攻略,1,8,Kouryaku
困難,困難,1,6,Konnan
音波,音波,1,5,Otowa
メーザ,メーザ,1,5,Meeza
超,超,1,4,Tyou
役職,役職,1,9,Yakusyoku
速やか,速やか,1,8,Sumiyaka
ドナー,ドナー,1,5,Donaa
介し,介し,1,5,Kaisi
輸送,輸送,1,5,Yusou
物品,物品,1,6,Buppin
トン,トン,1,3,Ton
置い,置い,1,2,Oi
ルーマニア,ルーマニア,1,8,Ruumania
トゥルチャ,トゥルチャ,1,8,Turu tya
県,県,1,3,Ken
左岸,左岸,1,5,Sagan
オデッサ,オデッサ,1,6,Odessa
愛す,愛す,1,4,Aisu
地質,地質,1,6,Tisitu
称し,称し,1,6,Syousi
クヴェン,クヴェン,1,5,Kuven
爆弾,爆弾,1,7,Bakudan
本部,本部,1,5,Honbu
派生,派生,1,5,Hasei
何者,何者,1,8,Nanimono
子音,子音,1,4,Siin
階程,階程,1,8,Kai hodo
交替,交替,1,6,Koutai
チャペル,チャペル,1,7,Tyaperu
ヒルズボロ,ヒルズボロ,1,10,Hills boro
方言,方言,1,6,Hougen
両方,両方,1,7,Ryouhou
観,観,1,2,Mi
引きつけ,引きつけ,1,8,Hikituke
コーサカス,コーサカス,1,10,Koosa kasu
重力,重力,1,9,Zyuuryoku
シスコーカサス,シスコーカサス,1,13,Sisukookasasu
リング,リング,1,5,Ringu
トランスコーカシア,トランスコーカシア,1,15,Toransukookasia
赤道,赤道,1,7,Sekidou
仕掛け,仕掛け,1,6,Sikake
ボノ,ボノ,1,4,Bono
西暦,西暦,1,7,Seireki
ニトラ,ニトラ,1,7,Ni tora
初代,初代,1,6,Syodai
エコノミスト,エコノミスト,1,11,Ekonomisuto
一致,一致,1,4,Itti
レトリック,レトリック,1,9,Retorikku
ルートヴィヒ,ルートヴィヒ,1,9,Ruutovihi
座,座,1,2,Za
ラスチスラフ,ラスチスラフ,1,12,Rasutisurahu
甥,甥,1,2,Oi
ラスティス,ラスティス,1,8,Rasutisu
替え,替え,1,3,Kae
燃え上がる,燃え上がる,1,8,Moeagaru
回っ,回っ,1,4,Mawa
至る,至る,1,5,Itaru
対処,対処,1,6,Taisyo
置か,置か,1,3,Oka
キャンベル,キャンベル,1,8,Kyanberu
借用,借用,1,8,Syakuyou
可決,可決,1,6,Kaketu
メアンキエリ,メアンキエリ,1,9,Meankieri
カオス,カオス,1,5,Kaosu
起きる,起きる,1,5,Okiru
降っ,降っ,1,2,Hu
水滴,水滴,1,7,Suiteki
有能,有能,1,6,Yuunou
矮小,矮小,1,7,Waisyou
インフラ,インフラ,1,6,Inhura
改善,改善,1,6,Kaizen
ネーション,ネーション,1,7,Neesyon
意見,意見,1,4,Iken
好ましい,好ましい,1,9,Konomasii
児童,児童,1,5,Zidou
形態,形態,1,6,Keitai
まったく,まったく,1,7,Mattaku
にぎわい,にぎわい,1,7,Nigiwai
サヘル,サヘル,1,6,Saheru
渡っ,渡っ,1,4,Wata
ポジティブ,ポジティブ,1,8,Pozitibu
飢饉,飢饉,1,5,Kikin
上げ,上げ,1,3,Age
いじめ,いじめ,1,5,Izime
釣り,釣り,1,4,Turi
海産,海産,1,6,Kaisan
食糧,食糧,1,9,Syokuryou
信奉,信奉,1,6,Sinpou
公聴,公聴,1,7,Koutyou
言動,言動,1,6,Gendou
テクトニクス,テクトニクス,1,12,Tekutonikusu
残骸,残骸,1,6,Zangai
吸収,吸収,1,8,Kyuusyuu
ぜいたく,ぜいたく,1,7,Zeitaku
気象,気象,1,6,Kisyou
制御,制御,1,6,Seigyo
当てはまる,当てはまる,1,9,Atehamaru
言説,言説,1,7,Gensetu
リフト,リフト,1,6,Rihuto
コンテンツ,コンテンツ,1,8,Kontentu
キリマンジャロ,キリマンジャロ,1,12,Kirimanzyaro
バンツー,バンツー,1,7,Ban tuu
ケニア,ケニア,1,5,Kenia
峰,峰,1,4,Mine
山々,山々,1,8,Yamayama
囲ま,囲ま,1,6,Kakoma
エンターテインメント,エンターテインメント,1,14,Entaateinmento
応える,応える,1,7,Kotaeru
返答,返答,1,6,Hentou
利害,利害,1,5,Rigai
広め,広め,1,6,Hirome
青み,青み,1,4,Aomi
がかっ,がかっ,1,4,Gaka
種類,種類,1,6,Syurui
遅れ,遅れ,1,5,Okure
始める,始める,1,8,Hazimeru
ウェブ,ウェブ,1,3,Ebu
微,微,1,2,Bi
集約,集約,1,8,Syuuyaku
振動,振動,1,6,Sindou
風速,風速,1,7,Huusoku
速い,速い,1,5,Hayai
気流,気流,1,6,Kiryuu
舞い上がり,舞い上がり,1,8,Maiagari
落ちる,落ちる,1,5,Otiru
飛び交う,飛び交う,1,7,Tobikau
ぶつかり,ぶつかり,1,8,Butukari
連鎖,連鎖,1,5,Rensa
肥満,肥満,1,5,Himan
雷雨,雷雨,1,4,Raiu
カイロ,カイロ,1,5,Kairo
予算,予算,1,5,Yosan
ゲズィーラ,ゲズィーラ,1,7,Geziira
島内,島内,1,6,Tounai
ネバダ,ネバダ,1,6,Nebada
いわゆる,いわゆる,1,7,Iwayuru
吹き,吹き,1,4,Huki
合計,合計,1,6,Goukei
昼間,昼間,1,6,Hiruma
吹き飛ばさ,吹き飛ばさ,1,10,Hukitobasa
氷点,氷点,1,7,Hyouten
数千,数千,1,6,Suusen
ケベック,ケベック,1,7,Kebekku
盗ん,盗ん,1,5,Nusun
繁栄,繁栄,1,6,Han'ei
基づく,基づく,1,8,Motozuku
下水,下水,1,5,Gesui
道,道,1,4,Miti
ゴミ捨て,ゴミ捨て,1,8,Gomisute
並,並,1,4,Nami
悪化,悪化,1,4,Akka
サリアンヌ,サリアンヌ,1,8,Sariannu
アトキンソン,アトキンソン,1,9,Atokinson
イヤー,イヤー,1,4,Iyaa
ゴメリー,ゴメリー,1,7,Gomerii
リバー,リバー,1,5,Ribaa
砂,砂,1,4,Suna
シップ,シップ,1,5,Sippu
草木,草木,1,6,Kusaki
現象,現象,1,7,Gensyou
細かい,細かい,1,7,Komakai
観光,観光,1,6,Kankou
鉱業,鉱業,1,7,Kougyou
上回っ,上回っ,1,7,Uwamawa
印刷,印刷,1,6,Insatu
南側,南側,1,10,Minamigawa
ずつ,ずつ,1,4,Zutu
海路,海路,1,5,Kairo
探す,探す,1,6,Sagasu
航海,航海,1,6,Koukai
ユーラシア,ユーラシア,1,8,Yuurasia
注射,注射,1,7,Tyuusya
パッド,パッド,1,5,Paddo
処方,処方,1,6,Syohou
エッセイ,エッセイ,1,5,Essei
海底,海底,1,6,Kaitei
沿い,沿い,1,3,Zoi
巡る,巡る,1,6,Meguru
人脈,人脈,1,8,Zinmyaku
ブルックス,ブルックス,1,9,Burukkusu
選ぶ,選ぶ,1,5,Erabu
原稿,原稿,1,6,Genkou
疼痛,疼痛,1,6,Toutuu
パナマ,パナマ,1,6,Panama
南海,南海,1,6,Nankai
北側,北側,1,8,Kitagawa
カリブス,カリブス,1,9,Kari busu
幹部,幹部,1,5,Kanbu
食品,食品,1,8,Syokuhin
加工,加工,1,5,Kakou
電気,電気,1,5,Denki
設備,設備,1,6,Setubi
後半,後半,1,6,Kouhan
足,足,1,3,Asi
踏み入れ,踏み入れ,1,7,Humiire
ゲリー,ゲリー,1,5,Geri-
由来,由来,1,5,Yurai
アンティリャス,アンティリャス,1,9,Antiryasu
シー,シー,1,3,Sii
ジ,ジ,1,2,Zi
アンティレス,アンティレス,1,9,Anti resu
煽動,煽動,1,6,Sendou
共通,共通,1,7,Kyoutuu
対話,対話,1,5,Taiwa
マクニーリー,マクニーリー,1,10,Makuniirii
高温,高温,1,5,Kouon
免責,免責,1,7,Menseki
緑,緑,1,6,Midori
イン,イン,1,2,In
ポー,ポー,1,3,Poo
上流,上流,1,8,Zyouryuu
なれ,なれ,1,4,Nare
アドリア,アドリア,1,6,Adoria
アプリケーション,アプリケーション,1,12,Apurikeesyon
達し,達し,1,5,Tassi
学問,学問,1,7,Gakumon
表記,表記,1,6,Hyouki
ロジャース,ロジャース,1,8,Rozyaasu
ケイ酸,ケイ酸,1,6,Keisan
含量,含量,1,7,Ganryou
粘性,粘性,1,6,Nensei
到達,到達,1,7,Toutatu
冷える,冷える,1,5,Hieru
惨事,惨事,1,5,Sanzi
爆発,爆発,1,8,Bakuhatu
起こさ,起こさ,1,5,Okosa
変容,変容,1,7,Hen'you
野生,野生,1,5,Yasei
ティチーノ,ティチーノ,1,7,Titiino
ローヌ,ローヌ,1,5,Roonu
道路,道路,1,5,Douro
レンタル,レンタル,1,7,Rentaru
本社,本社,1,6,Honsya
デンバー,デンバー,1,6,Denbaa
処置,処置,1,5,Syoti
コロラド,コロラド,1,9,Koro rado
大いに,大いに,1,5,Ooini
眠れる,眠れる,1,8,Nemureru
主日,主日,1,7,Syuzitu
吐き気,吐き気,1,6,Hakike
腰痛,腰痛,1,6,Youtuu
柳,柳,1,6,Yanagi
飲料,飲料,1,6,Inryou
灌漑,灌漑,1,6,Kangai
合致,合致,1,5,Gatti
コンドミニアム,コンドミニアム,1,12,Kondominiamu
夏季,夏季,1,4,Kaki
ミラノ,ミラノ,1,7,Mira no
新規,新規,1,5,Sinki
超える,超える,1,5,Koeru
キロワット,キロワット,1,9,Kirowatto
電力,電力,1,8,Denryoku
開拓,開拓,1,7,Kaitaku
東部,東部,1,5,Toubu
メラネシア,メラネシア,1,9,Meranesia
ケンタッキー,ケンタッキー,1,9,Kentakkii
塩類,塩類,1,5,Enrui
圧縮,圧縮,1,7,Assyuku
栄養,栄養,1,5,Eiyou
素,素,1,2,So
枯渇,枯渇,1,6,Kokatu
劣化,劣化,1,5,Rekka
メリット,メリット,1,7,Meritto
性的,性的,1,7,Seiteki
暴力,暴力,1,8,Bouryoku
背信,背信,1,6,Haisin
烙印,烙印,1,6,Rakuin
押さ,押さ,1,3,Osa
群,群,1,3,Gun
北米,北米,1,7,Hokubei
詐欺,詐欺,1,4,Sagi
兆候,兆候,1,7,Tyoukou
西,西,1,4,Nisi
大西,大西,1,6,Oonisi
金融,金融,1,7,Kin'yuu
火付け,火付け,1,6,Hituke
遠隔,遠隔,1,6,Enkaku
侵食,侵食,1,8,Sinsyoku
嫌疑,嫌疑,1,5,Kengi
軽減,軽減,1,6,Keigen
不作,不作,1,6,Husaku
インディアナ,インディアナ,1,7,Indiana
ゲイ,ゲイ,1,3,Gei
農家,農家,1,5,Nouka
リンゼイ,リンゼイ,1,6,Rinzei
家具,家具,1,4,Kagu
大工,大工,1,5,Daiku
カスタマー,カスタマー,1,9,Kasutamaa
洪水,洪水,1,6,Kouzui
干ばつ,干ばつ,1,7,Kanbatu
病気,病気,1,6,Byouki
度合い,度合い,1,4,Doai
まん延,まん延,1,6,Man'en
水質,水質,1,7,Suisitu
脆弱,脆弱,1,8,Zeizyaku
携帯,携帯,1,6,Keitai
慣行,慣行,1,6,Kankou
途方,途方,1,5,Tohou
晴らさ,晴らさ,1,6,Harasa
悪,悪,1,3,Aku
読み上げ,読み上げ,1,7,Yomiage
