word,frequency,n_characters
w,685,1
i,353,1
z,265,1
na,264,2
się,262,3
do,186,2
jest,125,4
nie,124,3
że,114,2
r,113,1
to,95,2
jak,87,3
o,75,1
po,74,2
przez,71,5
od,63,2
a,62,1
tym,61,3
jego,61,4
ale,58,3
jako,56,4
również,55,7
dla,49,3
za,47,2
są,40,2
był,38,3
jej,38,3
może,37,4
kiedy,35,5
które,32,5
lat,31,3
który,31,5
został,31,6
było,30,4
aby,30,3
tylko,29,5
podczas,28,7
oraz,28,4
ich,27,3
pod,26,3
będzie,26,6
jednak,26,6
by,25,2
ze,25,2
tego,24,4
tak,22,3
już,22,3
czy,22,3
co,21,2
więcej,20,6
około,19,5
lub,19,3
niż,19,3
roku,19,4
być,19,3
była,18,4
wiele,18,5
ten,18,3
która,17,5
ma,17,2
jeśli,17,5
między,17,6
przed,17,5
bardzo,16,6
powiedział,16,10
były,15,4
tych,15,4
mogą,15,4
została,15,7
zostały,15,7
em,14,2
wojny,14,5
części,14,6
można,14,5
miejsce,14,7
we,14,2
swojej,14,6
latach,13,6
tam,13,3
dwóch,12,5
bez,12,3
często,12,6
którzy,12,6
przy,12,4
dwa,12,3
go,12,2
wielu,12,5
ta,12,2
wciąż,12,5
według,11,6
którego,11,7
ludzi,11,5
takie,11,5
większość,11,9
wieku,11,5
ją,11,2
bardziej,11,8
raz,11,3
miał,11,4
kilka,11,5
gdzie,11,5
zarówno,10,7
swoje,10,5
ii,10,2
takich,10,6
ostatnich,10,9
następnie,10,9
miasta,10,6
pracy,10,5
sobie,10,5
ponad,10,5
miała,10,5
osób,10,4
trzy,10,4
siebie,10,6
każdy,10,5
mówi,10,4
jednym,10,6
świecie,10,7
swojego,10,7
swoich,10,6
ponieważ,10,8
najbardziej,9,11
przeciwko,9,9
czasów,9,6
te,9,2
morze,9,5
funtów,9,6
gdy,9,3
powiedziała,9,11
mu,9,2
część,9,5
których,9,7
dolarów,9,7
wcześniej,9,9
całkowicie,9,10
jeszcze,9,7
nad,9,3
października,9,12
zostało,9,7
usa,9,3
poza,8,4
czasie,8,6
sposób,8,6
poprzez,8,7
zawsze,8,6
powodu,8,6
linii,8,5
ochrony,8,7
nawet,8,5
wielkiej,8,8
nowych,8,6
pomiędzy,8,8
później,8,7
koniec,8,6
przypadku,8,9
końcu,8,5
rząd,8,4
tymczasem,8,9
euro,8,4
mniej,8,5
pierwszy,8,8
uwagę,8,5
tej,8,3
temu,7,4
uwagi,7,5
razem,7,5
ziemi,7,5
stanie,7,6
nich,7,4
będą,7,4
wpływ,7,5
swoim,7,5
czas,7,4
historii,7,8
podobnie,7,8
życia,7,5
swoją,7,5
możliwość,7,9
głównie,7,7
przynajmniej,7,12
ludności,7,8
więc,7,4
wobec,7,5
the,7,3
prawa,7,5
dobrze,7,6
tereny,7,6
miały,7,5
rolę,7,4
danych,7,6
strony,7,6
wzrostu,7,7
szczególnie,7,11
film,7,4
brytanii,7,8
lata,7,4
partii,7,6
inne,7,4
of,7,2
policji,7,7
miliona,7,7
miejscu,7,7
nowego,6,6
miejsca,6,7
innymi,6,6
żeby,6,4
wyraźnie,6,8
ktoś,6,4
której,6,6
rozwoju,6,7
coraz,6,5
u,6,1
ponownie,6,8
niego,6,5
im,6,2
wyborów,6,7
działania,6,9
bitwy,6,5
różnych,6,7
świat,6,5
mimo,6,4
celu,6,4
dlatego,6,7
życie,6,5
początku,6,8
aż,6,2
prawdopodobnie,6,14
je,6,2
razie,6,5
sprawie,6,7
morza,6,5
czasu,6,5
jeden,6,5
nadal,6,5
małe,6,4
innych,6,6
miesięcy,6,8
m,6,1
udało,6,5
udział,6,6
rzecz,6,5
dni,6,3
system,6,6
byli,6,4
dzięki,6,6
clinton,6,7
ona,6,3
dużą,6,4
obu,6,3
pierwsze,6,8
północna,6,8
państwo,6,7
badania,6,7
nieruchomości,5,13
wiadomości,5,10
odpowiedzi,5,10
należy,5,6
ani,5,3
handel,5,6
niektóre,5,8
ogłosił,5,7
wysokości,5,9
imperium,5,8
prezydent,5,9
gdyby,5,5
poziomie,5,8
południe,5,8
drugiej,5,7
czasem,5,6
niektórzy,5,9
stała,5,5
nowej,5,5
północnej,5,9
pierwszej,5,9
nowe,5,4
dużej,5,5
stycznia,5,8
którym,5,6
oczywiście,5,10
chiny,5,5
pełni,5,5
de,5,2
natomiast,5,9
pomimo,5,6
obecnie,5,7
jaką,5,4
jednej,5,6
rok,5,3
region,5,6
brytyjskiej,5,11
czyli,5,5
zmiany,5,6
pracował,5,8
nowy,5,4
armii,5,5
wody,5,4
zgodnie,5,7
zwykle,5,6
iii,5,3
król,5,4
wyniki,5,6
swój,5,4
znajduje,5,8
regionie,5,8
głosów,5,6
kolejnym,5,8
niemal,5,6
kraje,5,5
śmy,5,3
napisał,5,7
rzeki,5,5
wśród,5,5
trumpa,5,6
wokół,5,5
członków,5,8
wyspy,5,5
wzrost,5,6
dynastii,5,8
oprócz,5,6
zrobić,5,6
powietrza,5,9
okresie,5,7
spotkał,5,7
polonu,5,6
zostali,4,7
utrzymać,4,8
miarę,4,5
roślin,4,6
bezpieczeństwa,4,14
coś,4,3
sukces,4,6
kariery,4,7
policja,4,7
teraz,4,5
francji,4,7
rdzennej,4,8
republiki,4,9
konfliktu,4,9
chce,4,4
greckie,4,7
miasto,4,6
bbc,4,3
całej,4,5
począwszy,4,9
skład,4,5
sama,4,4
rządu,4,5
wydatków,4,8
żona,4,4
kraju,4,5
szczęścia,4,9
niejasne,4,8
niewiele,4,8
europy,4,6
zimą,4,4
on,4,2
miesiąc,4,7
wreszcie,4,8
rebelii,4,7
dlaczego,4,8
dzień,4,5
porozumienie,4,12
danevirke,4,9
większości,4,10
głęboko,4,7
wschodniej,4,10
bezpośrednie,4,12
zamiast,4,7
życiu,4,5
samego,4,6
tygodnia,4,8
zostać,4,6
powierzchni,4,11
jakiej,4,6
trump,4,5
zbyt,4,4
ograniczenia,4,12
dużo,4,4
najwyższym,4,10
języku,4,6
agentów,4,7
ontario,4,7
armię,4,5
połowie,4,7
milionów,4,8
wyniku,4,6
całe,4,4
środowiska,4,10
rosji,4,5
samym,4,5
dyskusji,4,8
kwietnia,4,8
mógł,4,4
możliwości,4,10
pekinu,4,6
wspólnie,4,8
mogła,4,5
latem,4,5
domu,4,4
duża,4,4
władze,4,6
kesha,4,5
ostatecznie,4,11
reżyserii,4,9
nadzieję,4,8
kilku,4,5
zawiera,4,7
niej,4,4
głosowanie,4,10
ostatnie,4,8
czasach,4,7
dzieci,4,6
pracę,4,5
zaczął,4,6
stanowisko,4,10
uznał,4,5
tytuł,4,5
ogromną,4,7
napisane,4,8
wszystkich,4,10
prawo,4,5
klasztor,4,8
sytuacji,4,8
mieć,4,4
dotarła,4,7
bank,4,4
azji,4,4
mają,4,4
ja,4,2
teoretycznie,4,12
firmy,4,5
południowej,4,11
liczne,4,6
pochodzi,4,8
wszystkim,4,9
nową,4,4
natychmiast,4,11
cesarza,4,7
doprowadzić,4,11
samej,4,5
należą,4,6
tworząc,4,7
też,4,3
roli,4,4
uznawane,4,8
ręce,4,4
zwycięstwo,4,10
dostęp,4,6
możemy,4,6
zniszczenie,4,11
granicy,4,7
liście,4,6
wojna,4,5
hongkongu,4,9
postaci,4,7
postanowił,4,10
stan,4,4
qing,4,4
jedną,4,5
struktury,4,9
dnia,4,4
trzeciego,4,9
państwa,4,7
całą,4,4
średnią,4,7
spośród,4,7
kwietniu,4,8
celem,4,5
razy,3,4
mishima,3,7
holandii,3,8
mieszkańców,3,11
dziecko,3,7
tutaj,3,5
antykoncepcji,3,13
wtorek,3,6
przodu,3,6
guz,3,3
australii,3,9
tę,3,2
zobaczyć,3,8
american,3,8
szczególności,3,13
chińczyków,3,10
stanowisk,3,9
my,3,2
filmu,3,5
stopniu,3,7
wystąpiła,3,9
blunt,3,5
nigdy,3,5
największym,3,11
niepodległość,3,13
kto,3,3
studenci,3,8
mieście,3,7
pokoju,3,6
mężczyźni,3,9
wybory,3,6
pokazał,3,7
męskiej,3,7
władzy,3,6
wyspa,3,5
główne,3,6
v,3,1
pomocą,3,6
postać,3,6
dziś,3,4
poradzić,3,8
rynek,3,5
utwór,3,5
oddziały,3,8
skutki,3,6
chinach,3,7
trzeba,3,6
starych,3,7
ciała,3,5
disneya,3,7
ważne,3,5
czym,3,4
rozwój,3,6
jaki,3,4
wartość,3,7
ludzie,3,6
grudnia,3,7
zjednoczonych,3,13
mężczyzn,3,8
brisbane,3,8
niedawnym,3,9
kolei,3,5
książki,3,7
parady,3,6
walki,3,5
głos,3,4
zespołu,3,7
gospodarczego,3,13
ue,3,2
wrześniu,3,8
najwyższy,3,9
dziesięć,3,8
środowisk,3,9
mieszkańcy,3,10
każda,3,5
zdrowie,3,7
sił,3,3
pozwolił,3,8
użyciu,3,6
używane,3,7
możliwy,3,7
mnie,3,4
najlepszym,3,10
inwestorów,3,10
senat,3,5
odpowiednio,3,11
nasze,3,5
środków,3,7
odpowiedzialności,3,17
zeszłym,3,7
plan,3,4
miesiącu,3,8
albanii,3,7
ogromnie,3,8
populacja,3,9
wyjątkowo,3,9
średnia,3,7
tworzyć,3,7
własne,3,6
bo,3,2
dostępu,3,7
warunków,3,8
sprawy,3,6
kobiety,3,7
wprowadził,3,10
plany,3,5
morzu,3,5
wrócił,3,6
takimi,3,6
raport,3,6
chińskiej,3,9
przekracza,3,10
związane,3,8
sześć,3,5
nadzoru,3,7
każdego,3,7
wydaje,3,6
albo,3,4
ryzyka,3,6
traktat,3,7
obligacje,3,9
październiku,3,12
następnym,3,9
chciał,3,6
bezpośrednio,3,12
sześciu,3,7
dodaje,3,6
uniwersytetu,3,12
rządem,3,6
energii,3,7
posiadający,3,11
ostatni,3,7
powrót,3,6
zostanie,3,8
zdjęcia,3,7
ujawniła,3,8
pory,3,4
iż,3,2
szkole,3,6
związana,3,8
postanowili,3,11
osiem,3,5
and,3,3
dużych,3,6
rano,3,4
prezydenta,3,10
informacje,3,10
poziom,3,6
stało,3,5
niemcy,3,6
seria,3,5
zaczęły,3,7
sprawach,3,8
wszelkich,3,9
nim,3,3
dniu,3,4
prezydentem,3,11
problemów,3,9
konta,3,5
posłów,3,6
reżysera,3,8
typu,3,4
radzie,3,6
wright,3,6
kolejnego,3,9
republikanów,3,12
pokazuje,3,8
pomaga,3,6
brytyjskie,3,10
pieniędzy,3,9
kampanii,3,8
reputację,3,9
pracowników,3,11
stworzył,3,8
widownię,3,8
punktu,3,6
cztery,3,6
widzenia,3,8
pierwszych,3,10
współpracy,3,10
zatem,3,5
historia,3,8
niezbędnym,3,10
wywiadzie,3,9
duże,3,4
marca,3,5
planów,3,6
poniżej,3,7
własną,3,6
spowodowała,3,11
lipcu,3,5
informacji,3,10
dawny,3,5
one,3,3
brytyjski,3,9
węgla,3,5
emisji,3,6
analiza,3,7
pobliżu,3,7
burze,3,5
klimatu,3,7
sierpnia,3,8
cywilizacji,3,11
handlu,3,6
filmach,3,7
przemysłu,3,9
totmesa,3,7
społeczności,3,12
obie,3,4
dalej,3,5
agencji,3,7
naukowców,3,9
francja,3,7
pewnym,3,6
momencie,3,8
podróży,3,7
budynek,3,7
obecny,3,6
występuje,3,9
mld,3,3
córki,3,5
karaibskie,3,10
przesmyku,3,9
samo,3,4
szef,3,4
igrzysk,3,7
olimpijskich,3,12
kierunku,3,8
ameryki,3,7
zaczęła,3,7
winstone,3,8
sugeruje,3,8
nazwa,3,5
przemysłowa,3,11
regionu,3,7
przykład,3,8
dwie,3,4
śródziemnomorskim,3,17
cele,3,4
producenta,3,10
stał,3,4
indianie,3,8
ciągu,3,5
północno,3,8
śmierci,3,7
europie,3,7
księżyca,3,8
siedlisk,3,8
mieli,3,5
północ,3,6
pokładzie,3,9
światowej,3,9
traktatu,3,8
wojnie,3,6
wprowadzono,3,11
spółka,3,6
szwajcarii,3,10
źródła,3,6
sąd,3,3
względem,3,8
joseph,3,6
krajach,3,7
tygodniu,3,8
południu,3,8
godziny,3,7
początkowo,3,10
międzynarodowych,3,16
italii,3,6
dziedzinie,3,10
mogły,3,5
liczbą,3,6
uczniowie,3,9
stacji,3,6
liczba,3,6
przedmiotem,3,11
rynku,3,5
pozycji,3,7
drodze,3,6
biorąc,3,6
szybko,3,6
firma,3,5
wydał,3,5
uznała,3,6
sprzętu,3,7
czerwca,3,7
wysokiej,3,8
siły,3,4
języka,3,6
różne,3,5
obecne,3,6
istnieją,3,8
upadku,3,6
starał,3,6
armia,3,5
przeciągu,3,9
czterech,3,8
wyruszył,3,8
rządził,3,7
lepiej,3,6
pogody,3,6
pierwszym,3,9
proces,3,6
zachodniej,3,10
kościoła,3,8
procent,3,7
zanim,3,5
viii,3,4
pierwszą,3,8
terytorium,3,10
sam,3,3
wybrzeża,3,8
św,3,2
bogda,3,5
ogłosiła,3,8
pole,2,4
telewizyjnego,2,13
gwinei,2,6
smartfona,2,9
macedonii,2,9
artyści,2,7
wieloma,2,7
związku,2,7
artysta,2,7
członkiem,2,9
parę,2,4
modelu,2,6
mongolii,2,8
porozumienia,2,12
martwi,2,6
świata,2,6
ameryka,2,7
falę,2,4
heroda,2,6
szybkim,2,7
dalszemu,2,8
stwierdzenie,2,12
karel,2,5
kananejskie,2,11
hongkong,2,8
mieszkańcom,2,11
chana,2,5
publicznie,2,10
parlamentarnych,2,15
donalda,2,7
rozwinięte,2,10
terenów,2,7
punktów,2,7
wprowadzeniem,2,13
rzeczy,2,6
dorsza,2,6
skutkowało,2,10
prywatnych,2,10
człowieka,2,9
jedyny,2,6
stanowiło,2,9
wiem,2,4
list,2,4
zakłada,2,7
widać,2,5
poszukiwaniu,2,12
kolory,2,6
ostatnia,2,8
glasgow,2,7
katolickiego,2,12
spędzonym,2,9
ery,2,3
kręcenia,2,8
powszechne,2,10
nagród,2,6
ocean,2,5
krzysztof,2,9
wtedy,2,5
oświadczył,2,10
wojennych,2,9
kolumb,2,6
pożeglował,2,10
bass,2,4
car,2,3
wypadku,2,7
xx,2,2
brak,2,4
mówiąc,2,6
ciekawie,2,8
narodowe,2,8
władcy,2,6
celtyckim,2,9
papui,2,5
dobre,2,5
władzą,2,6
obszaru,2,7
pociągu,2,7
rządami,2,7
słońca,2,6
cesarzy,2,7
praktyki,2,8
obaj,2,4
prawie,2,6
znalazł,2,7
temat,2,5
wątek,2,5
zamierzał,2,9
zwrócić,2,7
różnic,2,6
dwoma,2,5
postawić,2,8
interwencja,2,11
wyprawy,2,7
ramach,2,6
jezusa,2,6
kawalerii,2,9
zwanych,2,7
wskazują,2,8
potencjalnie,2,12
inny,2,4
mongolia,2,8
płuca,2,5
pokolenie,2,9
jasne,2,5
miejscem,2,8
thomas,2,6
taka,2,4
barrosa,2,7
instytucji,2,10
własnych,2,8
szukać,2,6
współczesnych,2,13
tysiące,2,7
działać,2,7
łatwo,2,5
nas,2,3
oświadczenie,2,12
zostają,2,7
kursu,2,5
prezydentury,2,12
zbudowano,2,9
powrócić,2,8
wprowadzenia,2,12
rodziny,2,7
zniszczone,2,10
imienia,2,7
umiejętnościami,2,15
wschodnia,2,9
ryzyko,2,6
przeważnie,2,10
zapobiec,2,8
pośrodku,2,8
rolne,2,5
musimy,2,6
znów,2,4
epoki,2,5
meiji,2,5
powstanie,2,9
używanie,2,8
nieprzerwanie,2,13
nam,2,3
dündar,2,6
historycznych,2,13
cała,2,4
rewolucja,2,9
tytułu,2,6
gospodarka,2,10
styl,2,4
zjednoczone,2,11
długotrwałego,2,13
wystawy,2,7
najlepszych,2,11
stany,2,5
miejscach,2,9
litr,2,4
będąc,2,5
znał,2,4
opowiada,2,8
chrisa,2,6
mówił,2,5
ramzes,2,6
hiszpańska,2,10
rozwinęła,2,9
określenie,2,10
kanu,2,4
pozostali,2,9
uzyskał,2,7
tina,2,4
anselmi,2,7
naszych,2,7
karaibów,2,8
grup,2,4
wrogów,2,6
publiczną,2,9
mną,2,3
wojną,2,5
hiszpania,2,9
nocie,2,5
zawierają,2,9
grze,2,4
pokojowym,2,9
amerykańską,2,11
milicji,2,7
wschód,2,6
południowy,2,10
umiejętności,2,12
yuan,2,4
urodzenia,2,9
przejawy,2,8
okresu,2,6
datę,2,4
faktach,2,7
firm,2,4
brytyjskiego,2,12
papież,2,6
naukowcami,2,10
wojnę,2,5
obrony,2,6
xiv,2,3
north,2,5
godzinę,2,7
zadowolona,2,10
braku,2,5
gubernator,2,10
uber,2,4
liczby,2,6
franciszek,2,10
xvi,2,3
królów,2,6
konflikt,2,8
absolutnie,2,10
kampanię,2,8
rozpoczęła,2,10
przewidzieć,2,11
szefa,2,5
kadesz,2,6
historię,2,8
handlowych,2,10
demokraci,2,9
zawieszenie,2,11
tajskie,2,7
wersję,2,6
listy,2,5
kolonie,2,7
brązu,2,5
posiadaczy,2,10
utwory,2,6
obszar,2,6
dotyczy,2,7
żywą,2,4
stopa,2,5
egipskiego,2,10
przede,2,6
znaną,2,5
zrozumiał,2,9
trakcie,2,7
otrzymują,2,9
zwierzęta,2,9
podkreśla,2,9
pyłowe,2,6
klienci,2,7
kart,2,4
religijne,2,9
wówczas,2,7
skóry,2,5
myślę,2,5
catalano,2,8
you,2,3
rzymskiego,2,10
przerażające,2,12
socjalistów,2,11
prostu,2,6
otwartym,2,8
minister,2,8
ogłoszony,2,9
narodowym,2,9
rokiem,2,6
burmistrz,2,9
szybki,2,6
wyzwania,2,8
udomowione,2,10
przewagę,2,8
spadła,2,6
zachód,2,6
park,2,4
założony,2,8
równie,2,6
egiptu,2,6
nimi,2,4
obejrzeć,2,8
faraona,2,7
ludzkości,2,9
uzyskać,2,7
filip,2,5
dokładnie,2,9
nic,2,3
school,2,6
produkcja,2,9
city,2,4
zewnętrznej,2,11
francuska,2,9
brakiem,2,7
mi,2,2
urbanizacja,2,11
zabezpieczona,2,13
założyć,2,7
materiał,2,8
stronę,2,6
znaczące,2,8
kontekście,2,10
monarchii,2,9
uważał,2,6
znaleźć,2,7
władzę,2,6
cząstki,2,7
paweł,2,5
grecy,2,5
znanych,2,7
długów,2,6
shen,2,4
samochodów,2,10
programie,2,9
określa,2,7
norwegii,2,8
korei,2,5
golfa,2,5
turniej,2,7
dostało,2,7
wymiana,2,7
siedmiu,2,7
dotrzeć,2,7
drugim,2,6
oscara,2,6
południowa,2,10
duży,2,4
majowie,2,7
produkty,2,8
głowę,2,5
wyraźnych,2,9
starlin,2,7
disney,2,6
branży,2,6
liao,2,4
dwaj,2,4
sami,2,4
meksyk,2,6
rafferty,2,8
trix,2,4
anaya,2,5
gonzález,2,8
regionów,2,8
kontrolą,2,8
późniejszych,2,12
kiedyś,2,6
żadnej,2,6
zmarł,2,5
dochód,2,6
carson,2,6
fińskiego,2,9
sprzedany,2,9
albumie,2,7
wysokie,2,7
snowman,2,7
nagrania,2,8
rywalizować,2,11
żonę,2,4
otaczającego,2,12
kobiet,2,6
afryce,2,6
znajdują,2,8
valentino,2,9
powodem,2,7
lord,2,4
dopiero,2,7
rady,2,4
prywatnie,2,9
lokalne,2,7
richard,2,7
listopadzie,2,11
australijskich,2,14
europejskich,2,12
rynkach,2,7
precyzyjne,2,10
daty,2,4
serii,2,5
przejść,2,7
wschodni,2,8
wbrew,2,5
kontroli,2,8
teatralnej,2,10
przygotowania,2,13
chin,2,4
usługi,2,6
letnich,2,7
tempo,2,5
mówiono,2,7
działalność,2,11
takim,2,5
wielki,2,6
zapisał,2,7
najważniejszych,2,15
mój,2,3
odcinków,2,8
cnn,2,3
filmie,2,6
święto,2,6
znaczący,2,8
boku,2,4
ojca,2,4
dokładny,2,8
źródłem,2,7
labeoufa,2,8
really,2,6
sierpniu,2,8
zboża,2,5
zależne,2,7
geyer,2,5
wiatr,2,5
większy,2,7
przeszły,2,8
morawy,2,6
dolnej,2,6
nabór,2,5
skupić,2,6
świętej,2,7
rządowy,2,7
programem,2,9
uniwersytet,2,11
wysp,2,4
album,2,5
pacyfiku,2,8
zainteresowania,2,15
bitwie,2,6
podbojów,2,8
miliony,2,7
odniósł,2,7
ministra,2,8
dżasminy,2,8
stanu,2,5
książka,2,7
jednostka,2,9
wchodziło,2,9
niebawem,2,8
tymi,2,4
wykorzystywana,2,14
dominację,2,9
anglii,2,6
egzemplarzy,2,11
wybrzeżu,2,8
mas,2,3
przyszłości,2,11
trację,2,6
achemenidów,2,11
vi,2,2
przykładami,2,11
dobrej,2,6
pjongjangu,2,10
umiera,2,6
decyzję,2,7
zastąpił,2,8
młodą,2,5
stanowić,2,8
architektura,2,12
publicznego,2,11
transportu,2,10
stóp,2,4
traktowane,2,10
techniki,2,8
sukcesem,2,8
zakończyły,2,10
przemiany,2,9
wszystkie,2,9
dodatkowo,2,9
stephen,2,7
przyczyniło,2,11
starości,2,8
henryk,2,6
zbadania,2,8
południowo,2,10
znaczną,2,7
zachodem,2,8
wybrany,2,7
mułu,2,4
terenach,2,8
powrocie,2,8
żył,2,3
szkół,2,5
zajął,2,5
brat,2,4
dalsze,2,6
nadziei,2,7
posiada,2,7
przywództwem,2,12
cen,2,3
statut,2,6
średnich,2,8
znaczenie,2,9
musi,2,4
kamerunu,2,8
liczbie,2,7
republikanie,2,12
technologią,2,11
podzielony,2,10
finansowe,2,9
wsparcie,2,8
wykorzystywane,2,14
national,2,8
zwykłych,2,8
bonds,2,5
premium,2,7
chodzi,2,6
lamarr,2,6
otrzyma,2,7
ameryk,2,6
taryfa,2,6
używali,2,7
wraz,2,4
podstawowego,2,12
chrześcijańskich,2,16
użytkowników,2,12
kansas,2,6
funkcjonariusze,2,15
najważniejszym,2,14
powstrzymania,2,13
mechanizmy,2,10
dziesięciu,2,10
delty,2,5
wzięcia,2,7
leży,2,4
mocarstwa,2,9
cześć,2,5
oporu,2,5
albania,2,7
oznacza,2,7
zawierał,2,8
strefie,2,7
odmawiał,2,8
popyt,2,5
produkcji,2,9
muszą,2,5
zmienić,2,7
względu,2,7
cena,2,4
otwarcie,2,8
używano,2,7
zaczynają,2,9
odbyło,2,6
dziesiątki,2,10
politycznego,2,12
opium,2,5
finansowych,2,11
wzrósł,2,6
generalny,2,9
cup,2,3
von,2,3
możliwe,2,7
grając,2,6
kolejne,2,7
jesteśmy,2,8
rzędu,2,5
sąsiednie,2,9
składały,2,8
tworzenie,2,9
muzyki,2,6
martina,2,7
stoi,2,4
ustanowił,2,9
zapewniają,2,10
szwedzkie,2,9
potrzeby,2,8
przyjęcia,2,9
rosyjskiej,2,10
brexitu,2,7
alpy,2,4
mgłą,2,4
przedsiębiorstwa,2,16
przewodniczącego,2,16
turecki,2,7
otrzymał,2,8
el,2,2
pracuje,2,7
edukację,2,8
wycofać,2,7
czerwcu,2,7
rozpoczęło,2,10
prawnych,2,8
złych,2,5
zdobycia,2,8
uznawała,2,8
jutting,2,7
wrażenie,2,8
pochówku,2,8
pustyni,2,7
północy,2,7
przegrała,2,9
szkołę,2,6
pojawiają,2,9
stanął,2,6
ściśle,2,6
sahelu,2,6
ryszarda,2,8
iv,2,2
budynków,2,8
inni,2,4
tower,2,5
hitchcocka,2,10
niedaleko,2,9
występował,2,10
rzadko,2,6
reguł,2,5
cotton,2,6
silnie,2,6
bezpośredniego,2,14
domowej,2,7
mogło,2,5
ulepszyła,2,9
odwiedził,2,9
próbki,2,6
pracownikom,2,11
utrzymał,2,8
republikę,2,9
dysk,2,4
środki,2,6
najgorszych,2,11
badaniu,2,7
szkodliwych,2,11
cesarz,2,6
uznanie,2,7
klimat,2,6
instytutu,2,9
zdobyli,2,7
ludzkiego,2,9
gotów,2,5
pytanie,2,7
gca,2,3
ground,2,6
rejonie,2,7
podbite,2,7
całym,2,5
pebe,2,4
spowodowało,2,11
dać,2,3
wiadomość,2,9
rodzinną,2,8
żoną,2,4
energia,2,7
skąd,2,4
hrabstwie,2,9
szpitala,2,8
wykorzystano,2,12
kilkakrotnie,2,12
pozostaje,2,9
filmów,2,6
niezależnie,2,11
śródziemnego,2,12
dossa,2,5
oktawian,2,8
august,2,6
drugi,2,5
urzędującym,2,11
nazwali,2,7
historycy,2,9
problemy,2,8
kryzys,2,6
frontu,2,6
wino,2,4
niektórych,2,10
doświadczenia,2,13
zaczyna,2,7
działał,2,7
źródło,2,6
cel,2,3
jeziora,2,7
głębokie,2,8
dobry,2,5
świadczy,2,8
założenie,2,9
powietrze,2,9
pojawiać,2,8
donald,2,6
międzynarodowej,2,15
miastach,2,8
innego,2,6
wydarzeń,2,8
analitycy,2,9
francuskiej,2,11
sugerują,2,8
napoleon,2,8
pomóc,2,5
transport,2,9
skorzystać,2,10
krajów,2,6
przyznawanie,2,12
lewym,2,5
mamy,2,4
nauczycieli,2,11
mierze,2,6
analizy,2,7
metra,2,5
musiał,2,6
współpracować,2,13
sięgała,2,7
szacuje,2,7
trzykrotnie,2,11
większą,2,7
reprezentowane,2,14
onz,2,3
żelaza,2,6
politycznym,2,11
kanady,2,6
polityczne,2,10
hiszpański,2,10
gospodarcze,2,11
południowokoreańska,2,19
finansowego,2,11
przyczynę,2,9
wsparcia,2,8
andy,2,4
potrzeba,2,8
ukształtowane,2,13
zapewnić,2,8
własny,2,6
wspólnych,2,9
przekroczenie,2,13
telefony,2,8
otwartej,2,8
budowa,2,6
konieczna,2,9
wymiar,2,6
końca,2,5
swoimi,2,6
ogród,2,5
powiązanie,2,10
polityczny,2,10
raczej,2,6
karę,2,4
działu,2,6
street,2,6
głosi,2,5
klubie,2,6
komisji,2,7
prywatnym,2,9
zaplanowane,2,11
pierwotnie,2,10
leive,2,5
post,2,4
wpływu,2,6
trzydziestoletniej,2,18
przewodniczący,2,14
samolotu,2,8
ostrzegł,2,8
spowodowały,2,11
wyjaśnia,2,8
spotify,2,7
rpa,2,3
idei,2,4
indie,2,5
okolicy,2,7
klasy,2,5
najmniej,2,8
tarlo,2,5
stron,2,5
pugh,2,4
związany,2,8
pani,2,4
średniej,2,8
przywrócić,2,10
kaplice,2,7
stwierdził,2,10
san,2,3
kobietę,2,7
przestrzeni,2,11
wieków,2,6
naszym,2,6
stanowią,2,8
życiem,2,6
miejsc,2,6
klientów,2,8
data,2,4
daleki,2,6
paryskie,2,8
próbowała,2,9
obecnym,2,7
pozwala,2,7
pomoże,2,6
stopnia,2,7
siedziby,2,8
twarz,2,5
grecja,2,6
potrzebna,2,9
morską,2,6
inwestycji,2,10
paryżu,2,6
punta,2,5
aplikację,2,9
klein,2,5
niedawno,2,8
miedzi,2,6
inaczej,2,7
niedawna,2,8
szkołą,2,6
opuszczenia,2,11
ważną,2,5
programu,2,8
dyrektor,2,8
inwestorzy,2,10
przekroczyć,2,11
amerykańskiej,2,13
sądu,2,4
ucieczki,2,8
własnym,2,7
właśnie,2,7
mam,2,3
komunikacji,2,11
wzrosły,2,7
potem,2,5
poziomu,2,7
jedna,2,5
reprezentujące,2,14
najpierw,2,8
warto,2,5
dwiema,2,6
ziemię,2,6
początek,2,8
rewolucji,2,9
zachowania,2,10
widoczne,2,8
pytań,2,5
imię,2,4
gwiazdy,2,7
kolumbii,2,8
żywych,2,6
rzadkie,2,7
szczytu,2,7
pomoc,2,5
towarzystwa,2,11
alfabet,2,7
antarktykę,2,10
stanów,2,6
próby,2,5
josepha,2,7
dzisiaj,2,7
wynosi,2,6
wskazuje,2,8
oddanych,2,8
kolonii,2,7
narodowych,2,10
najwyraźniej,2,12
największy,2,10
nasion,2,6
hemoglobiny,2,11
dowództwem,2,10
większych,2,9
dowództwa,2,9
osiągnąć,2,8
endurance,2,9
royal,2,5
opuścić,2,7
abbotsford,2,10
wytwarzania,2,11
referendum,2,10
wyhodowanych,2,12
ws,2,2
reco,2,4
twierdzi,2,8
generała,2,8
stwierdziła,2,11
nadzoruje,2,9
nieco,2,5
c,2,1
oskarżonego,2,11
ruiny,2,5
publiczne,2,9
walka,2,5
osobę,2,5
uzyskania,2,9
września,2,8
szkoły,2,6
naukowych,2,9
najnowsze,2,9
trwała,2,6
karolina,2,8
trudnościami,2,12
przejęli,2,8
pojawiła,2,8
matka,2,5
podstawy,2,8
indian,2,6
konsultacji,2,11
dawnej,2,6
zgromadzenia,2,12
planie,2,6
seagal,2,6
mailis,2,6
trafił,2,6
internet,2,8
zajścia,2,7
miejskiego,2,10
wiosną,2,6
ludziom,2,7
dalekim,2,7
temperament,2,11
hormonalnej,2,11
niestety,2,8
finansowane,2,11
pojedynczy,2,10
kolejny,2,7
północnego,2,10
australia,2,9
treści,2,6
mediach,2,7
przyniósł,2,9
złotego,2,7
długiej,2,7
kontakt,2,7
zwrócił,2,7
szkolenie,2,9
premii,2,6
pozostał,2,8
zajęcia,2,7
trochę,2,6
badań,2,5
decyzja,2,7
właściwie,2,9
odmówił,2,7
zachowanie,2,10
nicolai,2,7
miliarda,2,8
określił,2,8
oni,2,3
los,2,3
ambicje,2,7
religijnych,2,11
news,2,4
sprzeciwia,2,10
liczbę,2,6
zdjęć,2,5
oficjalnych,2,11
otrzymali,2,9
departamentu,2,12
mejli,2,5
centrum,2,7
przybyli,2,8
kim,2,3
gitarzysta,2,10
imigrantów,2,10
oparciu,2,7
association,2,11
latynoamerykanów,2,16
zdaniem,2,7
osiągnięcie,2,11
przejęcia,2,9
program,2,7
dna,2,3
pytania,2,7
podobno,2,7
lotniczej,2,9
marek,2,5
konwencji,2,9
tacy,2,4
pozostałości,2,12
poglądach,2,9
publicznym,2,10
spotkała,2,8
stronie,2,7
prawdziwe,2,9
ograniczaniu,2,12
internecie,2,10
facebooku,2,9
szefowie,2,8
koncert,2,7
przestarzałe,2,12
antoniusz,2,9
dzielnicy,2,9
kawaler,1,7
hechler,1,7
william,1,7
herzla,1,6
henryka,1,7
anglikański,1,11
zatwardziały,1,12
dość,1,4
kapelan,1,7
lenny,1,5
późnym,1,6
biegły,1,6
pokazany,1,8
symboliczne,1,11
istniało,1,8
ambasady,1,8
wielebny,1,8
wojsko,1,6
ukończony,1,9
dzielnic,1,8
nadchodzi,1,9
używana,1,7
apulia,1,6
światami,1,8
przewidzieli,1,12
gaulle,1,6
walter,1,6
poznał,1,6
trzynastym,1,10
stracony,1,8
elaine,1,6
olivia,1,6
that,1,4
szkolona,1,8
basilicata,1,10
ruchu,1,5
summer,1,6
ścigającej,1,10
paramilitarnej,1,14
przewodził,1,10
upadłość,1,8
ss,1,2
oficerem,1,8
darnand,1,7
goffredo,1,8
finansową,1,9
wzbudził,1,8
molise,1,6
dowiedział,1,10
autorów,1,7
instrukcje,1,10
półwyspu,1,8
carangi,1,7
aids,1,4
tajnym,1,6
agentem,1,7
śmierć,1,6
staczanie,1,9
homer,1,5
zdecydowany,1,11
pewna,1,5
teatralną,1,9
protestanckiego,1,15
heroiny,1,7
uzależnienie,1,12
zrezygnował,1,11
relacjonuje,1,11
mężczyzna,1,9
stefan,1,6
zgody,1,5
crouch,1,6
uprzedniej,1,10
david,1,5
churchilla,1,10
sympatii,1,8
historyk,1,8
akademii,1,8
przesadne,1,9
corona,1,6
hammersmith,1,11
apenińskiego,1,12
karierę,1,7
przynieść,1,9
episkopalnym,1,12
nakierować,1,10
oczywisty,1,9
przyczynia,1,10
ochłodzenia,1,11
samolot,1,7
własności,1,9
przeciwnym,1,10
austerlitz,1,10
gorący,1,6
podupadające,1,12
zmusiło,1,7
lądujący,1,8
ograniczyło,1,11
twórczość,1,9
wyświetlacze,1,12
lubumbashi,1,10
specjalne,1,9
dekadach,1,8
obserwującym,1,12
marengo,1,7
naziemnych,1,10
radarów,1,7
generalnego,1,11
francuskie,1,10
bohaterowie,1,11
zmagający,1,9
relacją,1,7
operatorom,1,10
matką,1,5
wysokość,1,8
pas,1,3
koalicji,1,8
słowne,1,6
korzystało,1,10
pilotami,1,8
inwazji,1,7
rezygnację,1,10
nieprzeszkolonymi,1,17
wypadków,1,8
kontynencie,1,11
pewien,1,6
bezpośredni,1,11
wzrostem,1,8
prosty,1,6
floty,1,5
populacji,1,9
tworzono,1,8
austriaków,1,10
dzielnice,1,9
komendy,1,7
pilotom,1,7
rebelianci,1,10
blokada,1,7
włoch,1,5
sojuszu,1,7
przekazywane,1,12
demokratycznych,1,15
wyzwolenia,1,10
zrezygnowania,1,13
konga,1,5
lotniska,1,8
hitchcock,1,9
kątowej,1,7
rozdzielczości,1,14
jakiegokolwiek,1,14
sławę,1,5
znany,1,5
alvarez,1,7
wiernie,1,7
filmy,1,5
radarowym,1,9
herzl,1,5
doświadczał,1,11
systemem,1,8
wewnętrznego,1,12
taki,1,4
późno,1,5
działało,1,8
pragnieniem,1,11
pokojowego,1,10
sukcesu,1,7
literackiego,1,12
eagle,1,5
chęcią,1,6
aleksander,1,10
zdobył,1,6
osoba,1,5
publiczna,1,9
wyposażona,1,10
fiorello,1,8
ukształtowany,1,13
antyfrancuskiej,1,15
kościele,1,8
odegrał,1,7
lotnictwie,1,10
powojennym,1,10
moście,1,6
wolał,1,5
alvareza,1,8
pracować,1,8
rozstrzygnęło,1,13
dipolowej,1,9
największymi,1,12
anteny,1,6
nadzieje,1,8
talentami,1,9
autorami,1,8
plakatów,1,8
filmowych,1,9
approach,1,8
bonaparte,1,9
bill,1,4
gold,1,4
controlled,1,10
saul,1,4
oficer,1,6
tworzyli,1,8
korsykański,1,11
młody,1,5
berlina,1,7
rozwiane,1,8
premier,1,7
plakaty,1,7
powietrznym,1,11
universal,1,9
dotacji,1,7
intelektualnej,1,14
glindy,1,6
gmin,1,4
izba,1,4
wydalony,1,8
morzem,1,6
wilkes,1,6
symbolizują,1,11
wiz,1,3
musicalu,1,8
miłość,1,6
pobożności,1,10
darzą,1,5
czarownicy,1,10
przyjęła,1,8
peninston,1,9
zwolnieniu,1,10
tygodnie,1,8
wystąpienie,1,11
wspiął,1,6
kandydatura,1,11
nieważna,1,8
pochylające,1,11
zwycięzcą,1,9
romans,1,6
dziewczyną,1,10
spędzał,1,7
pobożny,1,7
grzegorz,1,8
northa,1,6
lorda,1,5
przyznał,1,8
torysom,1,7
pozwoliło,1,9
rozpadł,1,7
graftona,1,8
drugie,1,6
niedługo,1,8
niższej,1,7
palmy,1,5
kandydata,1,9
knew,1,4
thought,1,7
billboard,1,9
odpowiadający,1,13
wydany,1,6
love,1,4
płyt,1,4
indyjskiej,1,10
humanitarnej,1,12
działalności,1,12
uznania,1,7
dalszego,1,8
polsce,1,6
komunistycznych,1,15
rządów,1,6
dążenie,1,7
australijskiej,1,14
wolność,1,7
hipotezą,1,8
tą,1,2
społeczna,1,9
pięćdziesiątki,1,14
singiel,1,7
wyspie,1,6
shaky,1,5
zatrzymaniu,1,11
muzycznej,1,9
sceny,1,5
huraganów,1,9
tamtejszej,1,10
położone,1,8
podboju,1,7
uskoku,1,6
angeles,1,7
zamieszkała,1,11
rodzimej,1,8
osiągnięciu,1,11
indoaustralijskim,1,17
uskok,1,5
powstał,1,7
zderzenia,1,9
pojawił,1,7
modlitwie,1,9
pozamałżeński,1,13
samnium,1,7
kenseth,1,7
belgii,1,6
pogrzebie,1,9
uczestniczył,1,12
elliott,1,7
wyścigu,1,7
kinową,1,6
odszedł,1,7
adaptację,1,9
płomieniach,1,11
podzielali,1,10
samochód,1,8
ról,1,3
nazwał,1,6
dispatch,1,8
louis,1,5
nago,1,4
tintina,1,7
udziałem,1,8
prowadził,1,9
punktach,1,8
rankingowych,1,12
wyścigów,1,8
przeprowadzkę,1,13
kolegą,1,6
prayer,1,6
wing,1,4
albumu,1,6
utworach,1,8
formy,1,5
robinson,1,8
dala,1,4
tom,1,3
muzyk,1,5
albumy,1,6
powojennej,1,10
kierowca,1,8
winston,1,7
nascar,1,6
zdobywcą,1,8
belgijski,1,9
píanó,1,5
fjögur,1,6
anne,1,4
rosane,1,6
przyjaciółek,1,12
germaine,1,8
ożenił,1,6
cudzołóstwie,1,12
przyłapany,1,10
strathearn,1,10
cumberland,1,10
książę,1,6
wakacji,1,7
nawiązał,1,8
moralność,1,9
słabą,1,5
postrzegał,1,10
oburzało,1,8
grzegorza,1,9
bracia,1,6
wdową,1,5
horton,1,6
utworu,1,6
wild,1,4
teledysk,1,8
rós,1,3
walta,1,5
sigur,1,5
bezskutecznie,1,13
prosząc,1,7
zespół,1,6
islandzki,1,9
georges,1,7
zrujnowały,1,10
nietrafionych,1,13
rozrzutność,1,11
sprzedających,1,13
wrócili,1,7
towarzystwie,1,12
najlepiej,1,9
west,1,4
przemawiał,1,10
hierarchia,1,10
rasowa,1,6
paliwa,1,6
lubi,1,4
oper,1,4
skomponował,1,11
biografii,1,9
oficjalnej,1,10
scenicznych,1,11
cofanie,1,7
monet,1,5
charakter,1,9
fakt,1,4
numizmatyczny,1,13
zwiększeniu,1,11
przeznaczeniem,1,14
sprzedaży,1,9
kolekcjonerom,1,13
yudhoyono,1,9
wewnętrzna,1,10
odchodzącego,1,12
reżyserować,1,11
emisja,1,6
wypracowane,1,11
musicale,1,8
edinburgh,1,9
teatralne,1,9
recenzje,1,8
pisał,1,5
edynburski,1,10
barrie,1,6
literaturę,1,10
studiował,1,9
stajniami,1,9
pójdzie,1,7
kompromis,1,9
usunął,1,6
watykańskiego,1,13
uchylił,1,7
alexandra,1,9
przestępstw,1,11
rad,1,3
skłonić,1,7
płaska,1,6
jokowi,1,6
mundurki,1,8
pomocy,1,6
zakupu,1,6
bankomacie,1,10
wypłacić,1,8
ustanowiono,1,11
pieniężny,1,9
dodatek,1,7
oferuje,1,7
karta,1,5
miniaturowych,1,13
apulii,1,6
pełnowymiarowej,1,15
statuetki,1,9
składał,1,7
kalabrii,1,8
honorowego,1,10
oswalda,1,7
szkolnych,1,9
dolmenów,1,8
pagórkowata,1,11
zbudował,1,8
urzędu,1,6
poszczególnymi,1,14
obszarami,1,9
objęciem,1,8
obywateli,1,9
artefaktów,1,10
indonezyjskich,1,14
dezorientując,1,13
subianto,1,8
prabowo,1,7
prehistorycznych,1,16
rywal,1,5
menhirów,1,8
bazarów,1,7
tradycyjnych,1,12
pięć,1,4
wyremontował,1,12
evening,1,7
courant,1,7
ukończył,1,8
sesto,1,5
hodowla,1,7
dylematów,1,9
królewskich,1,11
podobnych,1,9
uniknąć,1,7
umysł,1,5
koni,1,4
otwarty,1,7
zachować,1,8
uczenia,1,7
łatwe,1,5
okazało,1,7
fikcji,1,6
skalę,1,5
przejście,1,9
lennox,1,6
hrabinie,1,8
giovanni,1,8
twórcy,1,6
torze,1,5
wykonać,1,7
tolerancja,1,10
villa,1,5
obywatelskie,1,12
tematy,1,6
pochodzeniu,1,11
nieeuropejskim,1,14
jasnej,1,6
pelucca,1,7
mającą,1,6
terenie,1,7
księżniczką,1,11
dżasmina,1,8
wizerunkiem,1,11
ukończono,1,9
studio,1,6
księżniczki,1,11
animację,1,8
parku,1,5
wyścigowym,1,10
uczelnię,1,8
zniszczył,1,9
całkowitą,1,9
liczyło,1,7
wydanie,1,7
kirriemuir,1,10
journal,1,7
nottingham,1,10
drewnianych,1,11
dziennikarz,1,11
trybun,1,6
półtora,1,7
rozebrane,1,9
scotsman,1,8
siostrę,1,7
znalezione,1,10
ogłoszenie,1,10
odpowiedziawszy,1,15
magistra,1,8
pozostało,1,9
sprzedaż,1,8
douglas,1,7
potęgi,1,6
małgorzacie,1,11
poświęcona,1,10
golfowe,1,7
najnowsza,1,9
uczeniu,1,7
prowadziła,1,10
chwalą,1,6
hipodrom,1,8
nauki,1,5
krytykują,1,9
chrześcijańscy,1,14
uczeni,1,6
używany,1,7
pożar,1,5
szacowano,1,9
ameryce,1,7
teraźniejszości,1,15
żaden,1,5
rezultacie,1,10
projektów,1,9
filipa,1,6
arabskie,1,8
harmonii,1,8
pełne,1,5
przemianę,1,9
społecznościami,1,15
ludwika,1,7
napięć,1,6
x,1,1
rozładowanie,1,12
powodzić,1,8
obiecywano,1,10
swobód,1,6
gwarancjach,1,11
zbrojnej,1,8
popychającego,1,13
rozgoryczenia,1,13
uznano,1,6
karola,1,6
przechyliło,1,11
szalę,1,5
angielskie,1,10
niekorzyść,1,10
heinrich,1,8
ksiądz,1,6
dominikański,1,12
odniesienia,1,11
hiszpańskiego,1,13
skutkach,1,8
kulturowo,1,9
społecznie,1,10
skupia,1,6
fragmentach,1,11
losów,1,5
społecznego,1,11
zdawali,1,7
użycia,1,6
środkowowschodnim,1,17
froncie,1,7
osmanów,1,7
niski,1,5
rozsądnie,1,9
pomocnikiem,1,11
wyższe,1,6
odpowiadające,1,13
buenos,1,6
czynniki,1,8
zinterpretowano,1,15
obniżeniem,1,10
aires,1,5
rozszerzeniu,1,12
kodeksu,1,7
ograniczał,1,10
zarabiają,1,9
przekraczający,1,14
handlowego,1,10
zmniejszenie,1,12
mianowaniu,1,10
generałów,1,9
przyjaciółką,1,12
pracowała,1,9
psychologią,1,11
federalizacji,1,13
królestwo,1,9
zarobkom,1,8
inwazję,1,7
większe,1,7
dołączyć,1,8
tronu,1,5
skłonni,1,7
domowych,1,8
wojnach,1,7
pierwszeństwem,1,14
walczących,1,10
młodzi,1,6
sprzyja,1,7
stracenia,1,9
zysk,1,4
ciotki,1,6
mniejszy,1,8
izabeli,1,7
zrealizować,1,11
utraconym,1,9
kramer,1,6
arcybiskupa,1,11
zmianie,1,7
osadnicy,1,8
dzieli,1,6
termopile,1,9
coup,1,4
macedońska,1,10
grâce,1,5
zachęta,1,7
ścisłą,1,6
tesalii,1,7
pokonał,1,7
koloniści,1,9
wrogom,1,6
potrzebowali,1,12
mestę,1,5
branta,1,6
nestus,1,6
rzekę,1,5
poparli,1,7
brytyjczyków,1,12
grecję,1,6
jork,1,4
zdobyć,1,6
saratoga,1,8
wyidealizowana,1,14
propagandzie,1,12
harbor,1,6
pearl,1,5
johna,1,5
katarzyna,1,9
długą,1,5
macedońską,1,10
zebrał,1,6
regiony,1,7
opanowawszy,1,11
achajów,1,7
spartan,1,7
ateńczyków,1,10
poddały,1,7
połączone,1,9
strzeżony,1,9
tracją,1,6
przywłaszczali,1,14
salzburga,1,9
chrzest,1,7
legalnie,1,8
stanowi,1,7
siłą,1,4
ochrzczony,1,10
etap,1,4
przepisom,1,9
pośredni,1,8
hiszpańskim,1,11
przymusowy,1,10
granica,1,7
średniowiecznym,1,15
nowożytnym,1,10
malleus,1,7
zagranicznej,1,12
wszystkiemu,1,11
wierzyli,1,8
ostrzegła,1,9
inkwizycja,1,10
wariant,1,7
judaizmu,1,8
wczesnonowożytny,1,16
hiszpanii,1,9
ziem,1,4
wyprawa,1,7
poprowadzona,1,12
albany,1,6
zatrzymani,1,10
musieli,1,7
stanąć,1,6
freeman,1,7
prześladowani,1,13
hudson,1,6
portugalii,1,10
przeniosło,1,10
żydów,1,5
hiszpańskich,1,12
sefardyjską,1,11
ludność,1,7
wygnano,1,7
wytwórni,1,8
rocket,1,6
kompozycji,1,10
śródziemnym,1,11
rebeliantom,1,11
trybuna,1,7
zajmował,1,8
użyć,1,4
militarną,1,9
siłę,1,4
ograniczyła,1,11
znacznie,1,8
osmańskim,1,9
parmeńskiej,1,11
definitywnie,1,12
zabraniając,1,11
wrócą,1,5
kandydowania,1,12
konsula,1,7
dopóki,1,6
prześladowań,1,12
dając,1,5
skończył,1,8
obserwatorium,1,13
astronomiczne,1,13
służyło,1,7
cezarian,1,8
minimalne,1,9
cezar,1,5
równonocy,1,9
osobiście,1,9
zimowego,1,8
poinformowany,1,13
letniego,1,8
przesilenia,1,11
działaniach,1,11
pompejusza,1,10
oznaczenia,1,10
kuriona,1,7
wschodu,1,7
obserwacji,1,10
żyjącej,1,7
urzędowania,1,11
petycję,1,7
małgorzaty,1,10
niezależnej,1,11
hills,1,5
żonaty,1,6
adrin,1,5
kosmosie,1,8
dziecięcego,1,11
japońskiego,1,11
wywiadu,1,7
pretekstem,1,10
odczytał,1,8
beverly,1,7
wyboru,1,6
hotelu,1,6
zwabiony,1,8
aldrin,1,6
dolnego,1,7
cezara,1,6
kontrolowali,1,12
prokonsul,1,9
zadeklarował,1,12
władcą,1,6
politycznych,1,12
habsburgów,1,10
bezbronny,1,9
wycofanie,1,9
wojsk,1,5
wrogiem,1,7
którąkolwiek,1,12
skierowała,1,10
szlachty,1,8
liga,1,4
składająca,1,10
wrażliwy,1,8
władca,1,6
postrzegany,1,11
karol,1,5
postępowania,1,12
surowego,1,8
wybierze,1,8
odda,1,4
świętego,1,8
maksymalne,1,10
deklinacje,1,10
mierzą,1,6
powróciła,1,9
znaczącym,1,9
kiplinga,1,8
breaking,1,8
pisania,1,7
heart,1,5
wymagał,1,7
wydawca,1,7
wheeler,1,7
southsea,1,8
długość,1,7
pompejusz,1,9
objął,1,5
mieszkała,1,9
garrard,1,7
florence,1,8
dowództwo,1,9
pokochał,1,8
legionów,1,8
lahore,1,6
okaże,1,5
trzydzieści,1,11
nagrać,1,6
tendencji,1,9
wcześniejszy,1,12
record,1,6
mei,1,3
company,1,7
ping,1,4
jin,1,3
opublikowana,1,12
myślał,1,6
czerwcem,1,8
kiki,1,4
listopadem,1,10
gazette,1,7
ukazało,1,7
dee,1,3
opowiadań,1,9
dziewięć,1,8
kipling,1,7
urodziło,1,8
rudyard,1,7
niepewnych,1,10
pobór,1,5
podobieństwach,1,14
oparte,1,6
postępowaniem,1,13
spekulacji,1,10
poszczególnych,1,14
wykorzystywał,1,13
przesłanki,1,10
mocno,1,5
hispania,1,8
słowa,1,5
pochodzenie,1,11
systemu,1,7
jukatanie,1,9
względy,1,7
zasadza,1,7
księżycowych,1,12
przypadkowe,1,11
dodatkowych,1,11
okolic,1,6
dowodach,1,8
pięknem,1,7
poruszeni,1,9
krótki,1,6
kapui,1,5
podziału,1,8
dokonał,1,7
karakalla,1,9
administracyjnych,1,17
celach,1,6
rzymian,1,7
półwysep,1,8
romanizacji,1,11
rozpoczął,1,9
etapów,1,6
nielegalny,1,10
przybyszów,1,10
hispanii,1,8
wizja,1,5
romanowów,1,9
telewizyjnych,1,13
zwiększonej,1,11
weller,1,6
chandler,1,8
konnej,1,6
szermierki,1,10
doskonałe,1,9
żołnierze,1,9
łączenia,1,8
mobilności,1,10
charakteryzowały,1,16
okupacyjne,1,10
statycznych,1,11
zmieniła,1,8
lądzie,1,6
artystów,1,8
gospodarczą,1,11
znaczącą,1,8
antonio,1,7
alianci,1,7
twierdzą,1,8
brytyjska,1,9
ciężka,1,6
kawaleria,1,9
zależy,1,6
rozwiązań,1,9
pochodzenia,1,11
wyjaśnienie,1,11
zachodnie,1,9
korzeni,1,7
południowoazjatyckich,1,21
stylistycznych,1,14
romów,1,5
autosomalnej,1,12
genetycznym,1,11
badaniem,1,8
szarży,1,6
imponującej,1,11
aranżacjach,1,11
użyteczna,1,9
rozbita,1,7
wybuchem,1,8
japońskie,1,9
zapałem,1,7
żydowskich,1,10
nazwą,1,5
zgodne,1,6
zmieniać,1,8
pośmiertnie,1,11
erę,1,3
celowo,1,6
przypisywać,1,11
zwyczaju,1,8
niestosowne,1,11
gaudí,1,5
niezwykle,1,9
uważane,1,7
cesarskiej,1,10
nazwiska,1,8
konwertytów,1,11
przyjaciół,1,10
używać,1,6
zaleca,1,6
cesarzem,1,8
nazwy,1,5
motyw,1,5
er,1,2
reformę,1,7
zabitych,1,8
cywilów,1,7
równoległe,1,10
imionami,1,8
nazywano,1,8
shōwa,1,5
japonią,1,7
wybierano,1,9
absydzie,1,8
imiona,1,6
boczne,1,6
pośmiertne,1,10
częściej,1,8
przyporami,1,10
tradycja,1,8
zmieniano,1,9
definiujemy,1,11
śpiewają,1,8
czyniła,1,7
cecilia,1,7
konserwatorium,1,14
specjalistami,1,13
santa,1,5
rozmawiał,1,9
biznesowych,1,11
spotkaniach,1,11
mandlowi,1,8
towarzyszyła,1,12
głąb,1,4
kinowych,1,8
długotrwała,1,11
relacja,1,7
zawodowa,1,8
przyjacielska,1,13
podróżować,1,10
cudzoziemcom,1,12
pozwalał,1,8
portów,1,6
spotkali,1,8
zajmującymi,1,11
wojskową,1,8
najwcześniejszych,1,17
petrassiego,1,11
reklam,1,6
scenariuszy,1,11
zaproponowano,1,13
ennio,1,5
gazowany,1,8
morricone,1,9
napój,1,5
daje,1,4
wodzie,1,6
rozpuszczeniu,1,13
pastylka,1,8
bruno,1,5
świetlna,1,8
sygnalizacja,1,12
ulepszona,1,9
wynalazków,1,10
współpracuje,1,12
ścieżkach,1,9
pewnych,1,7
opiumowej,1,9
rozpadła,1,8
zagranicznego,1,13
zakazał,1,7
zexu,1,4
lin,1,3
hubei,1,5
hunanu,1,6
nieoficjalnej,1,13
doprowadziła,1,12
zakładał,1,8
brytanią,1,8
wielką,1,6
starły,1,6
sporów,1,6
toku,1,4
społeczną,1,9
czynnością,1,10
pomysłodawcą,1,12
pokonane,1,8
przystały,1,9
warunki,1,7
nankińskiego,1,12
pekińskiej,1,10
tiencin,1,7
zmuszeni,1,8
pokonani,1,8
dźwiękowych,1,11
morriconego,1,11
miłosny,1,7
chińczycy,1,9
opiumowa,1,8
wybuchła,1,8
rezydentów,1,10
otwarte,1,7
kanton,1,6
szanghaj,1,8
porty,1,5
krąg,1,4
przekazana,1,10
rozluźniona,1,11
nieznacznie,1,11
mieszkali,1,9
przekazała,1,10
ofensywę,1,8
filipinach,1,10
guam,1,4
portoryko,1,9
banków,1,6
zjednoczonym,1,12
stanom,1,6
doprowadziły,1,12
traktatem,1,9
żywieniowymi,1,12
kapitału,1,8
okupacji,1,8
kubę,1,4
wyzwoliły,1,9
powodując,1,9
bankructwo,1,10
florydzie,1,9
stacjonowania,1,13
ogromnej,1,8
wystawionej,1,11
wenecję,1,7
poprowadzono,1,12
dokładnej,1,9
dokonano,1,8
zrozumienie,1,11
moralności,1,10
wykład,1,6
klasycznych,1,11
dziełach,1,8
uwolnieni,1,9
uważano,1,7
starożytna,1,10
literatura,1,10
załamanie,1,9
renesansu,1,9
epoce,1,5
interwencje,1,11
dziesiątkach,1,12
wenecji,1,7
przedsiębiorstw,1,15
szkoleniowymi,1,13
konwencja,1,9
jedności,1,8
dochodowych,1,11
otwarciu,1,8
intensywnego,1,12
doprowadził,1,11
sukhothai,1,9
pojawiło,1,8
światową,1,8
poprzedzających,1,15
rasa,1,4
logistycznymi,1,13
ulegać,1,6
istotne,1,7
wykazywała,1,10
etnicznych,1,10
mozaiką,1,7
rosyjskie,1,9
faktyczny,1,9
ślepym,1,6
latarnią,1,8
szlaków,1,7
este,1,4
del,1,3
problemami,1,10
borykały,1,8
stanowej,1,8
wyobrażonej,1,11
łączy,1,5
jednostkach,1,11
ochotnikach,1,11
latarnię,1,8
opierała,1,8
zamorski,1,8
przygotowana,1,12
zachodzie,1,9
posterunki,1,10
nastawiona,1,10
kubie,1,5
walce,1,5
sprawdziła,1,10
statystycznej,1,13
demograficznych,1,15
polityczni,1,10
sparta,1,6
skorupy,1,7
rozdania,1,8
oceanicznej,1,11
grecji,1,6
pozostałej,1,10
peloponezie,1,11
potęgą,1,6
lokalną,1,7
meseńskiej,1,10
więźniowie,1,10
maszynach,1,9
metalowe,1,8
linaresem,1,9
stworzyła,1,9
watt,1,4
james,1,5
szkot,1,5
zarzucenie,1,10
subdukcję,1,9
century,1,7
ford,1,4
t,1,1
palma,1,5
niedużych,1,9
zachodni,1,8
kraniec,1,7
forda,1,5
orogenez,1,8
gm,1,2
skłonił,1,7
środkowe,1,8
andów,1,5
motors,1,6
produkowanych,1,13
rambler,1,7
modeli,1,6
kompaktowych,1,12
andyjskiego,1,11
samochodem,1,10
zasadach,1,8
fundamentalne,1,13
progresywnej,1,12
sycylii,1,7
partie,1,6
rozszerzyli,1,11
pastwisk,1,8
rolniczych,1,10
dobrych,1,7
dyspozycji,1,10
pozwolono,1,9
mających,1,8
rodzin,1,6
czterdzieści,1,12
mieszkało,1,9
pogrzebowych,1,12
darów,1,5
znalezionych,1,12
wygnańcom,1,9
macierzyńskiej,1,14
uwzględniających,1,16
zalegalizowano,1,14
pithekoussae,1,12
nawóz,1,5
cumae,1,5
futra,1,5
sprowokowały,1,12
wełnę,1,5
rewolucję,1,9
zwaną,1,5
revolución,1,10
pożywienia,1,10
reivindicadora,1,14
służenia,1,8
obaliła,1,7
najprawdopodobniej,1,18
południowowschodniej,1,20
dopuszczono,1,11
plantany,1,8
banany,1,6
sięgnął,1,7
alfabetu,1,8
przyjaźń,1,8
majańskich,1,10
stealers,1,8
prawicy,1,7
zdarzeniu,1,9
paryża,1,6
nicolasa,1,8
kandydaturę,1,11
pogorszenie,1,11
popiera,1,7
dati,1,4
rachida,1,7
nastrojów,1,9
oskarżył,1,8
prawybory,1,9
zawarte,1,7
zawiesić,1,8
stale,1,5
listopada,1,9
czwartek,1,8
ceny,1,4
wymaganych,1,10
sprawiedliwości,1,15
hortefeux,1,9
wsi,1,3
wyrażaniu,1,9
wolno,1,5
bezkonfliktowo,1,14
rozstrzygnąć,1,12
pojawiających,1,13
zaniepokoiły,1,12
firmach,1,7
zgromadzenie,1,12
przekonań,1,9
granice,1,7
bycie,1,5
jakie,1,5
wersalu,1,7
bandytą,1,7
wewnętrznych,1,12
spraw,1,5
idiotą,1,6
ministrem,1,9
faszystą,1,8
chleba,1,6
zaopatrzenia,1,12
ogłoszenia,1,10
wybrana,1,7
nuklearnymi,1,11
kodami,1,6
twitterze,1,9
kontem,1,6
radzi,1,5
śledztwa,1,8
nieustające,1,11
paraliżowana,1,12
hymn,1,4
powziął,1,7
demokratycznej,1,14
przyjęty,1,8
rywalka,1,7
zapewnił,1,8
komentowany,1,11
comeya,1,6
widownia,1,8
odróżnieniu,1,11
drwił,1,5
obama,1,5
przemawiać,1,10
wybrać,1,6
głosy,1,5
szczególnych,1,12
ostrożności,1,11
trzecich,1,8
interpelacji,1,12
uzasadnienie,1,12
odmowę,1,6
traktują,1,8
konserwatyści,1,13
islamscy,1,8
rozpoznany,1,10
życzenia,1,8
pozostawiają,1,12
dwudziestu,1,10
kontynentem,1,11
pobytu,1,6
relacje,1,7
trzymać,1,7
biurkach,1,8
spoczywać,1,9
minutom,1,7
takiego,1,7
istnienie,1,9
zasięg,1,6
czyni,1,5
strona,1,6
pokonana,1,8
kompletnie,1,10
eta,1,3
równy,1,5
konsekwencje,1,12
przepracowany,1,13
faktycznego,1,11
zmierzyć,1,8
ekspansywnych,1,13
kultur,1,6
da,1,2
fakcie,1,6
szacowany,1,9
dokumentu,1,9
czarnym,1,7
przedmioty,1,10
projekty,1,8
le,1,2
transportowi,1,12
donosi,1,6
ocenić,1,6
cyfrową,1,7
sferą,1,5
prawne,1,6
zapotrzebowanie,1,15
osmańskiemu,1,11
prawdopodobne,1,13
opiniuje,1,8
odmówiono,1,9
cyfrowa,1,7
pozwolenia,1,10
stacjonowanie,1,13
marynarek,1,9
rada,1,4
nieakceptowalne,1,15
świadczenia,1,11
odjęty,1,6
archeologicznych,1,16
przemoc,1,7
klauzula,1,8
nadzwyczajnej,1,13
opracowana,1,10
pozłacania,1,10
problematyczna,1,14
zasługuje,1,9
instrukcja,1,10
technologicznego,1,16
objęcie,1,7
przejazdu,1,9
gillard,1,7
naprawdę,1,8
uwzględnione,1,12
instrukcji,1,10
ubolewa,1,7
ouvrière,1,8
force,1,5
rewolucją,1,9
włączała,1,8
naliczanych,1,11
godzin,1,6
metoda,1,6
okazuje,1,7
znalezisko,1,10
kasacyjny,1,9
datuje,1,6
odrzucona,1,9
apelację,1,8
złożyły,1,7
organizacje,1,11
postacią,1,8
klienta,1,7
ötzi,1,4
zamrożona,1,9
dotarcie,1,8
mumia,1,5
znajdowały,1,10
wzgórzach,1,9
poświęcony,1,10
kontraktem,1,10
koalicyjnym,1,11
przypieczętowały,1,16
brzeg,1,5
zlikwidowany,1,12
dalszym,1,7
popadł,1,6
aresztowania,1,12
poruszenie,1,10
wywołała,1,8
ruinę,1,5
tanzanii,1,8
wyrzucona,1,9
ciągiem,1,7
boeinga,1,7
skrzydła,1,8
klapy,1,5
wnioski,1,7
wyciągnęli,1,10
biegli,1,6
australijscy,1,12
zatonął,1,7
disibodenbergu,1,14
machinacji,1,10
priorytecie,1,11
obecnej,1,7
józef,1,5
ułaskawił,1,9
dokładał,1,8
hillary,1,7
białego,1,7
starań,1,6
równo,1,5
kandydatki,1,10
mąż,1,3
reformacji,1,10
frakcje,1,7
wrogie,1,6
zbliżyła,1,8
haririm,1,7
aounem,1,6
ugoda,1,5
traktować,1,9
monarchie,1,9
oceanu,1,6
samolotem,1,9
rozległe,1,8
budowli,1,7
pisarza,1,7
eibingen,1,8
głupi,1,5
przebudowane,1,12
niepodrabialnie,1,15
zapytali,1,8
niemczech,1,9
promowania,1,10
kredowej,1,8
wylądować,1,9
skale,1,5
osadzony,1,8
grób,1,4
spoczynku,1,9
ostatecznego,1,12
sukcesach,1,9
wierzeń,1,7
odpowiedzialność,1,16
güntera,1,7
bruyna,1,6
klasztoru,1,9
intelektualnie,1,14
pilotów,1,7
przekonany,1,10
spiegel,1,7
der,1,3
tygodnikowi,1,11
lotniczą,1,8
katastrofę,1,10
badający,1,8
rupertsbergu,1,12
zniszczony,1,10
zakonnice,1,9
vance,1,5
larry,1,5
przeniesiono,1,12
śledczy,1,7
kanadyjski,1,10
spokrewnieni,1,12
richa,1,5
ostatniego,1,10
europę,1,6
zmieniającym,1,12
nastąpiła,1,9
youtube,1,7
sueski,1,6
potęg,1,5
kolonialnych,1,12
wielka,1,6
gema,1,4
brytania,1,8
wytwórnia,1,9
wzrok,1,5
przejęciu,1,9
niespójne,1,9
włączane,1,8
prasowej,1,8
informacją,1,10
znikną,1,6
znaki,1,5
irytujące,1,9
zanieczyszczenia,1,16
atakują,1,7
najmłodszych,1,12
upośledzenia,1,12
ogólnokrajowe,1,13
przedsięwzięcie,1,15
przyrodnicze,1,12
zażądała,1,8
dziedzictwo,1,11
bisu,1,4
ogłaszam,1,8
światowa,1,8
przyniosła,1,10
zaklasyfikowały,1,15
polityce,1,8
kolonialnej,1,11
stanowe,1,7
federalne,1,9
zaskoczeniem,1,12
mózgu,1,5
nastoletniego,1,13
odzyskania,1,10
przyciągają,1,11
zbytnią,1,7
irena,1,5
nacisku,1,7
węgry,1,5
groźba,1,6
narzucenia,1,10
stać,1,4
wiatrowa,1,8
morska,1,6
wątpliwości,1,11
odnawialnej,1,11
starszego,1,9
powszechnych,1,12
amin,1,4
adnan,1,5
erdogana,1,8
obranego,1,8
wolnych,1,7
ugodzie,1,7
wyrozumiałością,1,15
wiodącym,1,8
gospodarce,1,10
wolnej,1,6
węglowej,1,8
cranacha,1,8
lucasa,1,6
obrazy,1,6
wystawione,1,10
federalnymi,1,11
finlandia,1,9
polska,1,6
wydatkami,1,9
bałtyckie,1,9
rosnącymi,1,9
zyskały,1,7
rozwojem,1,8
spowodowanego,1,13
wstrząsu,1,8
oczekiwać,1,9
giełdowych,1,10
zwyżki,1,6
figaro,1,6
uwolnić,1,7
reputacji,1,9
krytyki,1,7
báñez,1,5
fátima,1,6
ustawy,1,6
uchylenia,1,9
wzywały,1,7
nieraz,1,6
bojowe,1,6
związki,1,7
oszczędzono,1,11
departament,1,11
pracownicy,1,10
zarządzaniu,1,11
zatrudnionych,1,13
związek,1,7
nielicznych,1,11
bezrobocia,1,10
ominęło,1,7
skarbnika,1,9
dumna,1,5
nowymi,1,6
piotra,1,6
stwierdziły,1,11
teatru,1,6
claret,1,6
barón,1,5
przekazać,1,9
wczoraj,1,7
lalkowego,1,9
pozostawionego,1,14
cospedal,1,8
zapytane,1,8
aktorzy,1,7
rękach,1,6
generalnym,1,10
sekretarzem,1,11
pozostać,1,8
gminy,1,5
ziemniakiem,1,11
gorącym,1,7
wyzwaniami,1,10
pintado,1,7
ángel,1,5
rzecznika,1,9
osiedlali,1,9
fabryka,1,7
bawełny,1,7
wydarzeniu,1,10
wyznania,1,8
wezmą,1,5
snapchat,1,8
muzułmańskiego,1,14
tesla,1,5
exxonmobil,1,10
durán,1,5
turcji,1,6
wyprzedzając,1,12
rynkowej,1,8
opactwa,1,7
kapitalizacji,1,13
największej,1,11
firmą,1,5
czwartą,1,7
zastrzeżeniem,1,13
towarzyszącym,1,13
mountain,1,8
view,1,4
wirtembergię,1,12
progresywnych,1,13
reprezentują,1,12
fabrykantowi,1,12
maroto,1,6
javier,1,6
wicesekretarz,1,13
przywódcy,1,9
konserwatywnych,1,15
reprezentuje,1,12
cifuentes,1,9
cristina,1,8
madrytu,1,7
georgowi,1,8
wspólnoty,1,9
summit,1,6
reichenbachowi,1,14
członek,1,7
tytułem,1,7
szlacheckim,1,11
czekając,1,8
łez,1,3
zachodzą,1,8
świętują,1,8
plaza,1,5
las,1,3
victorias,1,9
may,1,3
źrenice,1,7
krytyką,1,7
pasują,1,6
czeka,1,5
nikt,1,4
wierzy,1,6
slapstikowa,1,11
komedia,1,7
rzucanie,1,8
unikanie,1,8
mediów,1,6
sylaba,1,6
ujawnia,1,7
fsln,1,4
żniwo,1,5
głosem,1,6
przedterminowe,1,14
zagłosuje,1,9
kształtują,1,10
pewności,1,8
umysłem,1,7
jasnym,1,6
protesty,1,8
mundo,1,5
duchem,1,6
opozycja,1,8
zwolenników,1,11
powitane,1,8
wodom,1,5
spętanym,1,8
tajemnicę,1,9
oddaje,1,6
przemów,1,7
werbalne,1,8
pedro,1,5
prawach,1,7
różnorodną,1,10
uroczysta,1,9
inauguracja,1,11
cień,1,4
klaun,1,5
fellini,1,7
federico,1,8
telegraficzny,1,13
stronami,1,8
jasnych,1,7
narodów,1,7
sygnały,1,7
narodem,1,7
évolego,1,7
alarmu,1,6
pożarowego,1,10
sánchez,1,7
dawnego,1,7
staje,1,5
przyciąga,1,9
michała,1,7
widownią,1,8
sprawdzone,1,10
podteksty,1,9
śmiałe,1,6
orzeczeniu,1,10
ironia,1,6
wyszukana,1,9
emfaza,1,6
sądowym,1,7
bijatyki,1,8
indianach,1,9
rozrywka,1,8
kowbojach,1,9
teatr,1,5
plenerowy,1,9
schodach,1,8
śmiechu,1,7
najlepsze,1,9
amazon,1,6
krzemowej,1,9
chcieli,1,7
mestre,1,6
wyborczych,1,10
przypadkach,1,11
przebieg,1,8
vat,1,3
podwyżki,1,8
żywiołowej,1,10
erdogan,1,7
ogłosiło,1,8
cgi,1,3
okręgach,1,8
napędowego,1,10
oleju,1,5
benzyny,1,7
podwyżka,1,8
zakładające,1,11
nastąpi,1,7
kasie,1,5
okazać,1,6
odnoszą,1,7
ubiegłego,1,9
dolinie,1,7
wyższa,1,6
wycofuje,1,8
passera,1,7
corrado,1,7
luthera,1,7
walutę,1,6
wspólną,1,7
przyjęły,1,8
kinga,1,5
znacząco,1,8
mówią,1,5
porównaniu,1,10
zwalnia,1,7
kosztuje,1,8
napędowy,1,8
olej,1,4
tempie,1,6
nasz,1,4
wygrać,1,6
smartfonie,1,10
zapisać,1,7
voucher,1,7
katolickiej,1,11
prawami,1,7
zajmowała,1,9
blisko,1,6
socjalistycznego,1,16
działacza,1,9
prześladowaniami,1,16
doświadczonej,1,13
antyfaszystowskich,1,18
rodzinie,1,8
odciążenie,1,10
dorastała,1,9
veneto,1,6
castelfranco,1,12
ń,1,1
przyszła,1,8
kanału,1,6
stambulskiego,1,13
osmanowie,1,9
włókienniczego,1,14
trudno,1,6
uwierzyć,1,8
włochy,1,6
generowany,1,10
bosforu,1,7
wydania,1,7
otrzymają,1,9
starsi,1,6
sheppard,1,8
budowę,1,6
geronimo,1,8
przebojem,1,9
etapu,1,5
równoległego,1,12
ocenimy,1,7
włochom,1,7
podążać,1,7
podkreślone,1,11
madryt,1,6
kilometrów,1,10
ofertę,1,6
postawy,1,7
pomnik,1,6
jedno,1,5
konkurować,1,10
zdolnym,1,7
golden,1,6
robotem,1,7
humanoidalnym,1,13
zaowocowało,1,11
bezpieczeństwem,1,15
przykładowych,1,13
gate,1,4
kask,1,4
kierowcy,1,8
botaniczny,1,10
pomagając,1,9
myślach,1,7
planetarium,1,11
czytać,1,6
potrafi,1,7
motocyklowy,1,11
długości,1,8
valentinem,1,10
kilometry,1,9
rossi,1,5
większym,1,8
kiedykolwiek,1,12
pawła,1,5
zabytkowy,1,9
wall,1,4
ratusz,1,6
liczy,1,5
zajmujących,1,11
obermarsbergu,1,13
dyrektorów,1,10
xiii,1,4
odnowiony,1,9
doinwestowanie,1,14
teorie,1,6
przyczynach,1,11
zamian,1,6
liczącym,1,8
japoński,1,8
opracowali,1,10
całkowitego,1,11
niewłaściwie,1,12
alternatyw,1,10
szukania,1,8
wykluczając,1,11
buena,1,5
imieniu,1,7
gardens,1,7
zbudowane,1,9
dachu,1,5
wyglądało,1,9
tre,1,3
ebc,1,3
moscone,1,7
przywilejem,1,11
powiedziano,1,11
convention,1,10
okazał,1,6
zamknięcia,1,10
cente,1,5
oto,1,3
decyzji,1,7
byłego,1,6
opuszczeniu,1,11
roma,1,4
czterej,1,7
marty,1,5
zuckerbergiem,1,13
oceanarium,1,10
markiem,1,7
służy,1,5
rzymie,1,6
francisco,1,9
wypoczynku,1,10
zebraniu,1,8
poinformowani,1,13
luiss,1,5
ocenie,1,6
relaksu,1,7
yerba,1,5
poddany,1,7
większa,1,7
mężczyznach,1,11
wheel,1,5
motywem,1,7
irène,1,5
meyer,1,5
informacyjnych,1,14
technologii,1,11
prekursorzy,1,11
skylark,1,7
podzielona,1,10
powieści,1,8
małych,1,6
współpracę,1,10
smitha,1,6
zapomniane,1,10
niezależnych,1,12
ulicy,1,5
śpiewały,1,8
mômone,1,6
piaf,1,4
model,1,5
sugerując,1,9
roną,1,4
ekspert,1,7
izolowaniem,1,11
zyskawszy,1,9
alfa,1,4
źródeł,1,6
metodę,1,6
opracowała,1,10
rona,1,4
curie,1,5
instytucie,1,10
przyjazd,1,8
laboratorium,1,12
zgodziła,1,8
rony,1,4
opłacenie,1,9
pozyskać,1,8
pettersson,1,10
hans,1,4
pozyskiwać,1,10
teksty,1,6
zostawała,1,9
marcelle,1,8
granicznej,1,10
górskie,1,7
przemówieniu,1,12
odcięta,1,7
sąsiadów,1,8
państwowymi,1,11
łańcuchy,1,8
urzędnikami,1,11
niemieckimi,1,11
hitlerem,1,8
niezależne,1,10
zatrzymania,1,11
terytoria,1,9
własnymi,1,8
systemami,1,9
halifax,1,7
politycznymi,1,12
julii,1,5
romea,1,5
ekranizacji,1,11
wkrótce,1,7
równina,1,7
przekroczeniu,1,13
niemców,1,7
czechosłowacką,1,14
podyktowany,1,11
uwarunkowania,1,13
próbowali,1,9
pasterzy,1,8
sudetoniemieckich,1,17
zastrzelili,1,11
graniczni,1,9
strażnicy,1,9
geograficzne,1,12
czescy,1,6
maju,1,4
austrię,1,7
winą,1,4
obarczył,1,8
chamberlain,1,11
dolina,1,6
ix,1,2
wróciła,1,7
budzikiem,1,9
rozwiódł,1,8
uczucia,1,7
żywił,1,5
ciemnych,1,8
małżeństwa,1,10
rozpadzie,1,9
holden,1,6
glorią,1,6
aktorką,1,7
wtrącony,1,8
bogarta,1,7
sprzymierzeniec,1,15
nastąpiły,1,9
uwolniony,1,9
lyvet,1,5
rycerz,1,6
gandawy,1,7
jan,1,3
yorków,1,6
młodszy,1,7
beztroski,1,9
grecki,1,6
tłem,1,4
wewnętrzne,1,10
zmuszony,1,8
carterem,1,8
jimmym,1,6
sycylię,1,7
zająć,1,5
reaganem,1,8
prezydenckiej,1,13
sprawami,1,8
wychodzić,1,9
kadencję,1,8
trzecią,1,7
kandydować,1,10
tytułowej,1,9
hepburn,1,7
audrey,1,6
sabrinie,1,8
playboy,1,7
babką,1,5
mykeńskiej,1,10
joanna,1,6
ctv,1,3
sarą,1,4
mistrza,1,7
broniącą,1,8
zmierzyła,1,9
prezenterka,1,11
gościnna,1,8
montreal,1,8
fenicki,1,7
sezonem,1,7
piśmiennictwo,1,13
badaniach,1,9
laboratoryjne,1,13
stworzyć,1,8
ronie,1,5
modyfikując,1,11
niewielki,1,9
przynosząc,1,10
radowego,1,8
errani,1,6
zapomnieniu,1,11
bouchard,1,8
doznała,1,7
edwarda,1,7
potomstwa,1,9
licznego,1,8
doczekała,1,9
yorku,1,5
księcia,1,7
plantageneta,1,12
pismo,1,5
wyszła,1,6
mykeńskie,1,9
cecylia,1,7
córka,1,5
sety,1,4
tracąc,1,6
porażki,1,7
uległy,1,6
szokującej,1,10
średniowieczu,1,13
talmadge,1,8
normę,1,5
równoważącą,1,11
umiejscowienie,1,14
pozwoliły,1,9
uaxactun,1,8
petén,1,5
schematy,1,8
siłowych,1,8
resortach,1,9
berii,1,5
siatkę,1,6
procesie,1,8
mgb,1,3
wewnątrz,1,8
terror,1,6
abakumowa,1,9
rewolucyjny,1,11
podjął,1,6
zachęcać,1,8
stalin,1,6
łagodząc,1,8
kulturowego,1,11
obsadzić,1,8
żagle,1,5
wodnego,1,7
środka,1,6
teoria,1,6
istnieje,1,8
tekstach,1,8
ikonografii,1,11
mezoamerykańskiej,1,17
prehistorycznej,1,15
obronnych,1,9
piękna,1,6
struktur,1,8
styczeń,1,7
posiadali,1,9
ludem,1,5
luty,1,4
thompsona,1,9
artykuł,1,7
nizin,1,5
techników,1,9
uwolnienia,1,10
podejrzanych,1,12
wokalistą,1,9
umieścił,1,8
światowym,1,9
records,1,7
decca,1,5
dystrybutorem,1,13
współpracował,1,13
tekstów,1,7
autorem,1,7
jimem,1,5
zaangażowanych,1,14
bratem,1,6
tekstyliów,1,10
niemiecka,1,9
środowisko,1,10
remi,1,4
eganem,1,6
spędzili,1,8
rozważali,1,9
bycia,1,5
over,1,4
head,1,4
nagranej,1,8
wyłącznie,1,9
bernarda,1,8
murphym,1,7
hugh,1,4
wyprodukowane,1,13
tapie,1,5
anyway,1,6
me,1,2
zamknięte,1,9
like,1,4
ogłoszeniu,1,10
father,1,6
her,1,3
piosenki,1,8
humblebums,1,10
zespołem,1,8
bankructwa,1,10
starożytni,1,10
pluviôse,1,8
fabułą,1,6
statków,1,7
nicholasa,1,9
zaręczyny,1,9
dłuższe,1,7
segela,1,6
jasona,1,6
piggy,1,5
panny,1,5
recepcjonistka,1,14
muppety,1,7
kristin,1,7
wystarczająco,1,13
rozwijany,1,9
epizodyczną,1,11
hallströma,1,10
lasse,1,5
jemenie,1,7
połów,1,5
komedii,1,7
zbudowania,1,10
stollera,1,8
terytoriów,1,10
styczniu,1,8
chrześcijan,1,11
schenck,1,7
araba,1,5
wizerunku,1,9
stereotypowego,1,14
zdystansować,1,12
biblii,1,6
premierę,1,8
willis,1,6
bruce,1,5
wystąpili,1,9
johnsona,1,8
riana,1,5
looper,1,6
amerykańskiego,1,14
ojczystym,1,9
poszerzali,1,10
scott,1,5
mcgregorem,1,10
rewolucjonisty,1,14
wydawanej,1,9
bezpośrednim,1,12
zdarzenie,1,9
postrzegać,1,10
babkę,1,5
reach,1,5
star,1,4
skrajnego,1,9
antologii,1,9
opowieści,1,9
ewanem,1,6
równocześnie,1,12
marvela,1,7
seriach,1,7
przewijający,1,12
thanosa,1,7
nikczemnego,1,11
rozbudowany,1,11
numerze,1,7
potomkiem,1,9
ieyasu,1,6
sposobem,1,8
tokugawy,1,8
zakładanie,1,10
laurent,1,7
saint,1,5
yves,1,4
placówek,1,8
zapachu,1,7
ambasadorką,1,11
mianowana,1,9
nieznanym,1,9
nacjonalizmu,1,12
odmianę,1,7
indywidualną,1,12
przyjął,1,7
treningów,1,9
przestrzegał,1,12
ciężarami,1,9
ćwiczyć,1,7
trwający,1,8
pyrrus,1,6
zakładnikami,1,12
bremy,1,5
nagrodami,1,9
koszty,1,6
sankcje,1,7
wszelkie,1,8
nato,1,4
weszły,1,6
literackimi,1,11
miast,1,5
musiały,1,7
poniesione,1,10
springer,1,8
aktywnie,1,8
pojednania,1,10
spełnienie,1,10
kontraktu,1,9
żydami,1,6
rosja,1,5
odbył,1,5
uhonorowany,1,11
sankcji,1,7
la,1,2
doniesienia,1,11
głową,1,5
kręcić,1,6
kühn,1,4
opisywały,1,9
kondycji,1,8
złej,1,4
zagraniczny,1,11
edukacja,1,8
zdrowotna,1,9
zdecydował,1,10
opieka,1,6
morderstwa,1,10
elita,1,5
tureckie,1,8
wkraczają,1,9
pracownik,1,9
weiss,1,5
odchodzi,1,8
aktywna,1,7
izraela,1,7
służby,1,6
wykluczył,1,9
przyjazny,1,9
stosunek,1,8
prasy,1,5
osoby,1,5
objęte,1,6
dzielnicach,1,11
zostaną,1,7
śledztwem,1,9
rzecznik,1,8
parkera,1,7
emeryt,1,6
banku,1,5
przyglądały,1,11
biernie,1,7
śledztwo,1,8
prowadzi,1,8
essen,1,5
viguier,1,7
medal,1,5
zaoszczędzić,1,12
zdjęciu,1,7
wąski,1,5
rozrodczym,1,10
szałas,1,6
okresem,1,7
dwumiesięcznym,1,14
lądują,1,6
ogóle,1,5
pokazały,1,8
spłonął,1,7
dramaturdzy,1,11
wiadomo,1,7
odznaczony,1,10
pogłosek,1,8
friendship,1,10
oczekiwany,1,10
klawiaturą,1,10
dotykowy,1,8
wyświetlacz,1,11
dziennik,1,8
die,1,3
zeit,1,4
zasługiwało,1,11
sekund,1,6
mieszkał,1,8
sztuką,1,6
vine,1,4
milionową,1,9
zdobywa,1,7
sytuacja,1,8
idiotyczna,1,10
atenach,1,7
medalu,1,6
ulrich,1,6
podbiła,1,7
kaczek,1,6
zakończona,1,10
zwycięzca,1,9
biegu,1,5
ulicznego,1,9
dążył,1,5
mistrzem,1,8
badenii,1,7
kerber,1,6
sezonu,1,6
kłócicie,1,8
williams,1,8
podpisał,1,8
serenie,1,7
mecz,1,4
kontrakt,1,8
finałowy,1,8
team,1,4
open,1,4
australian,1,10
sensacji,1,8
niewiarygodnego,1,15
telecom,1,7
wyznacza,1,8
przeniósł,1,9
partnerką,1,9
merdingen,1,9
drugiego,1,8
zajmuje,1,7
wypytywał,1,9
odzywają,1,8
niemożliwy,1,10
ogłaszają,1,9
mash,1,4
ślady,1,5
monster,1,7
hicie,1,5
organy,1,6
krwi,1,4
niewypłacalności,1,16
wyspecjalizowany,1,16
groźbę,1,6
gotówki,1,7
ubraniach,1,9
przepływy,1,9
wątpliwe,1,8
kształt,1,7
zgodny,1,6
nieruchomościami,1,16
praktycznie,1,11
czarownic,1,9
opinii,1,6
beust,1,5
cud,1,3
baraku,1,6
złowieszczym,1,12
zrujnowanym,1,11
omacku,1,6
błądzi,1,6
cenzura,1,7
samotnie,1,8
pozbywała,1,9
krätschmer,1,10
simon,1,5
niepożądanych,1,13
planowania,1,10
szczegółowego,1,13
kosztów,1,7
wzrosty,1,7
usprawiedliwił,1,14
debetowych,1,10
korzystając,1,11
iranie,1,6
ernesta,1,7
trzecim,1,7
nadchodzącym,1,12
wydać,1,5
zgodził,1,7
podziwiała,1,10
politti,1,7
scritti,1,7
sir,1,3
gamsona,1,7
okręt,1,5
davida,1,6
piosenkę,1,8
napisały,1,8
shackletona,1,11
tennessee,1,9
nashville,1,9
rodziną,1,7
przeniosła,1,10
studyjnym,1,9
urodził,1,7
dfb,1,3
opracowuje,1,10
przyjacielem,1,12
edgara,1,6
promocyjne,1,10
koncepcyjne,1,11
ląd,1,3
grafiki,1,7
scenorysy,1,9
dostrzegł,1,9
komiksów,1,8
poole,1,5
rysownikiem,1,11
brata,1,5
bransfield,1,10
somerset,1,8
wells,1,5
dorastał,1,8
dorset,1,6
palmerowi,1,9
piosenek,1,8
wydawcą,1,7
umowy,1,5
zamach,1,6
spełnić,1,7
darował,1,7
bóg,1,3
wierzył,1,7
reagan,1,6
palnej,1,6
broni,1,5
użyciem,1,7
przeżył,1,7
uzyskaniu,1,9
stając,1,6
rzymskiej,1,9
wypisany,1,8
mos,1,3
maiorum,1,7
wyzdrowiał,1,10
utrzymali,1,9
opanowali,1,9
ważniejszy,1,10
fundament,1,9
bloch,1,5
stara,1,5
dwudziestoma,1,12
ośmioma,1,7
przyszły,1,8
teologię,1,8
odpowiednią,1,11
skonstruować,1,12
mistycznej,1,10
ludźmi,1,6
spisanie,1,8
tradycji,1,8
inherentny,1,10
humanizm,1,8
niejawny,1,8
marksizmu,1,9
zasadą,1,6
przewodnią,1,10
uczynić,1,7
gartha,1,6
jenningsa,1,9
ujrzał,1,6
fortyfikacji,1,12
mohammedem,1,10
szefem,1,6
weterana,1,8
historią,1,8
salaman,1,7
niedzielę,1,9
obezwładnić,1,11
zdołali,1,7
centralnych,1,11
maja,1,4
ograniczając,1,12
sojuszników,1,11
bałkańskich,1,11
miejskich,1,9
wczesnych,1,9
etniczny,1,8
przypadało,1,10
rościła,1,7
ropa,1,4
złoto,1,5
spożywcze,1,9
powiązana,1,9
conte,1,5
strzelonych,1,11
bramek,1,6
rekord,1,6
mieści,1,6
lokali,1,6
meczach,1,7
socjalnych,1,10
golami,1,6
miliardy,1,8
inwestuje,1,9
naturalne,1,9
imigranci,1,9
surowce,1,7
pszenica,1,8
potomkowie,1,10
carcasonne,1,10
podzielił,1,9
podpisany,1,9
bellingshausen,1,14
zabójstwo,1,9
mocarstw,1,8
ambasadorzy,1,11
grudniu,1,7
londyńskiej,1,11
konferencji,1,11
próśb,1,5
spełniły,1,8
opisujące,1,9
rambow,1,6
londyński,1,9
syn,1,3
galaktykę,1,9
pięćdziesięciu,1,14
autostopem,1,10
oskarżonych,1,11
czary,1,5
epizodycznych,1,13
rolach,1,6
odrzucili,1,9
prasowe,1,7
ustanowienia,1,12
niepodległej,1,12
sprawę,1,6
zdały,1,5
albanią,1,7
terytorialną,1,12
łączność,1,8
macedonię,1,9
pięciu,1,6
straci,1,6
osmańskie,1,9
oczywiste,1,9
lekarzy,1,7
autonomicznym,1,13
amnesty,1,7
osmańską,1,8
international,1,13
cytuje,1,6
artykuły,1,8
powody,1,6
wodę,1,4
niekompletność,1,14
pójść,1,5
ekipę,1,5
świetną,1,7
subtelny,1,8
twardy,1,6
gry,1,3
determinacją,1,12
podobną,1,7
wykazać,1,7
cofnąć,1,6
anglię,1,6
pokonać,1,7
odkupienie,1,10
szansę,1,6
zapewnione,1,10
boskie,1,6
czyżby,1,6
drużynę,1,7
zatrzyma,1,8
ty,1,2
szansa,1,6
musisz,1,6
nikogo,1,6
sprzeciwić,1,10
zmęczoną,1,8
złagodzona,1,10
wojowniczą,1,10
niepewnym,1,9
niepokojącym,1,12
uczyniło,1,8
formie,1,6
najwyższej,1,10
championship,1,12
rugby,1,5
mecze,1,5
bojach,1,6
zaprawiona,1,10
kubki,1,5
piłkę,1,5
przekładały,1,11
unika,1,5
konfrontuje,1,11
wolę,1,4
afrykańskiego,1,13
zachwyciło,1,10
wolmar,1,6
wściekłości,1,11
męsku,1,5
zniósł,1,6
elegancko,1,9
zachował,1,8
stanowiska,1,10
partyjnej,1,9
dyscypliny,1,10
rządowego,1,9
olney,1,5
sarah,1,5
kandydatce,1,10
poparcie,1,8
odzyskać,1,8
przedmieść,1,10
zamożnych,1,9
reprezentujący,1,14
liberalni,1,9
konkursie,1,9
wystartuje,1,10
posiadam,1,8
statku,1,6
sformułowanie,1,13
załogi,1,6
postów,1,6
żałobnych,1,9
dekadę,1,6
house,1,5
bush,1,4
service,1,7
world,1,5
radia,1,5
dieslowskie,1,11
generatory,1,10
przestanie,1,10
delhi,1,5
badarpur,1,8
węglowa,1,7
elektrownia,1,11
zabijano,1,8
nieświadomych,1,13
zasugerował,1,11
vega,1,4
opinię,1,6
opowiedział,1,11
torturami,1,9
zatrudnienie,1,12
zabezpieczenie,1,14
niewystarczające,1,16
podaje,1,6
powód,1,5
zmiana,1,6
nagła,1,5
opanowania,1,10
chwilowo,1,8
zapożyczenie,1,12
kredyt,1,6
sięga,1,5
głównodowodzącego,1,17
kwalifikacji,1,12
niewiarygodnym,1,14
seksizmem,1,9
rasizmem,1,8
trumpowi,1,8
donaldowi,1,9
przypadła,1,9
amerykańskich,1,13
standard,1,8
trudności,1,9
zagrożone,1,9
zainteresowanych,1,16
nectar,1,6
lojalnościowych,1,15
dowolnym,1,8
vantage,1,7
opcję,1,5
bezpłatną,1,9
konto,1,5
wyposażą,1,8
tysięcy,1,7
sald,1,4
odsetek,1,7
scotland,1,8
odsetki,1,7
tesco,1,5
para,1,4
sens,1,4
handlowi,1,8
przeciwstawianie,1,16
prezydentura,1,12
pozwolić,1,8
beze,1,4
chciała,1,7
kolejną,1,7
biorę,1,5
niepozorna,1,10
dżinsach,1,8
chuście,1,7
dziewczyna,1,10
rogu,1,4
nazistowskiego,1,14
reżimu,1,6
dzisiejsze,1,10
oddzielić,1,9
rozumiem,1,8
tekstem,1,7
opatrzonych,1,11
budujących,1,10
publikowane,1,11
historie,1,8
zwane,1,5
hasłami,1,7
asystentkę,1,10
sięgają,1,7
ludzkich,1,8
new,1,3
postąpić,1,8
mogę,1,4
business,1,8
harvard,1,7
corporation,1,11
hospitals,1,9
health,1,6
york,1,4
ambasadora,1,10
serc,1,4
światowego,1,10
wyróżnień,1,9
niecodziennych,1,14
różnicach,1,9
zapomnieć,1,9
zgromadzić,1,10
chwila,1,6
jedyna,1,6
poświęcone,1,10
christian,1,9
okres,1,5
wyraziła,1,8
cech,1,4
pomniejsza,1,10
podobieństw,1,11
stanami,1,7
rzymem,1,6
trumpem,1,7
sullą,1,5
efekty,1,6
trwałe,1,6
tamtym,1,6
lincolna,1,8
waszyngtona,1,11
pkb,1,3
nieudolności,1,12
gospodarczej,1,12
dowodu,1,6
traktowaniem,1,12
przestrzegają,1,13
ekonomiści,1,10
przyznała,1,9
żal,1,3
znajomy,1,7
krytyka,1,7
chcą,1,4
bzdury,1,6
poważniejszego,1,14
prezydenckich,1,13
histeria,1,8
narasta,1,7
domenico,1,8
di,1,2
john,1,4
parodiujący,1,11
wyjaśnił,1,8
silny,1,5
czuję,1,5
wcielając,1,9
empatii,1,7
okazywała,1,9
złośliwa,1,8
stawała,1,7
damy,1,4
republikańscy,1,13
powinien,1,8
podatników,1,10
hillsborough,1,12
pozostają,1,9
księżyc,1,7
grawitację,1,10
ściągnięte,1,10
równika,1,7
pierścień,1,9
utworzyły,1,9
narzędziem,1,10
luksusem,1,8
politycznej,1,11
debaty,1,6
najważniejsze,1,13
edukacji,1,8
rozrywkowych,1,12
dotyczyło,1,9
społeczeństwa,1,13
przemysłowych,1,13
reakcji,1,7
zebranie,1,8
miasteczku,1,10
chapel,1,6
dyskursem,1,9
hill,1,4
gospodarczymi,1,13
danymi,1,6
rozdźwięk,1,9
ścierania,1,9
przedziwnego,1,12
konfliktów,1,10
wybuchających,1,13
wyczuwał,1,8
rejestracji,1,11
wyjaśniając,1,11
kościoły,1,8
objeżdżał,1,9
campbell,1,8
wyborcze,1,8
restrykcyjne,1,12
wprowadziła,1,11
zapalającą,1,10
bombę,1,5
wrzucił,1,7
reklama,1,7
kończy,1,6
producenci,1,10
zaniedbał,1,9
próbował,1,8
elektronicznie,1,14
woodsem,1,7
korespondując,1,13
offsetowa,1,9
kopia,1,5
brudnopis,1,9
przypominająca,1,14
zniechęcała,1,11
przystępną,1,10
traum,1,5
zecersko,1,8
złożoną,1,7
wydała,1,6
fundacja,1,8
zachowaniu,1,10
artystycznego,1,13
wylał,1,5
nil,1,3
etymologii,1,10
donosiła,1,8
miami,1,5
alice,1,5
uzyskiwania,1,11
brakować,1,8
wyjściem,1,8
opowiedziało,1,12
wyborców,1,8
kesteven,1,8
okręgu,1,6
koncentruje,1,11
elektorat,1,9
wojskowej,1,9
egzaminów,1,9
hipotetyczne,1,12
przedstawiające,1,15
zimnej,1,6
ministerstwa,1,12
mapy,1,4
wystawiono,1,10
opartą,1,6
mapa,1,4
zabijanie,1,9
racjonalne,1,10
określili,1,9
cytując,1,7
masę,1,4
łączący,1,7
nerwowy,1,7
wyraźny,1,7
dodają,1,6
towarzyszące,1,12
laptopie,1,8
domowym,1,7
buck,1,4
if,1,2
knuck,1,5
wersji,1,6
nagrywaniu,1,10
opowiedzieli,1,12
zayion,1,6
zay,1,3
zainteresowanie,1,15
tyłkami,1,7
ekspertami,1,10
ziarnistych,1,11
klipów,1,6
wideo,1,5
miesiące,1,8
retrospektywne,1,14
odrzuca,1,7
caplan,1,6
sondaże,1,7
śledząc,1,7
przerażeniem,1,12
późna,1,5
siedział,1,8
strażnikom,1,10
przywołanie,1,11
przygotowanym,1,13
starannie,1,9
powierzyć,1,9
bezpieczniej,1,12
platon,1,6
dyskomfort,1,10
artystyczną,1,11
solidnego,1,9
pożyczką,1,8
siarka,1,6
target,1,6
słabość,1,7
przewadze,1,9
remis,1,5
zakończenie,1,11
marzeniem,1,9
show,1,4
marr,1,4
andrew,1,6
szczerze,1,8
protestów,1,9
przygotowuje,1,12
paraliżowi,1,10
prawodawczemu,1,13
urzędów,1,7
objąć,1,5
powinna,1,7
dwójka,1,6
zwolennicy,1,10
przewodzą,1,9
któremu,1,7
zbagatelizować,1,14
rozczarowani,1,12
hongkongowi,1,11
spadli,1,6
gwałtownego,1,11
ignorować,1,9
zobowiązań,1,10
podejmowaniem,1,13
związanego,1,10
niepokoju,1,9
gwałtownie,1,10
ujawniły,1,8
coroczne,1,8
davis,1,5
zastanawiam,1,11
rozsypce,1,8
wszystko,1,8
carlo,1,5
monte,1,5
paire,1,5
benoît,1,6
grał,1,4
zdecydowanie,1,12
ludowej,1,7
wierność,1,8
lista,1,5
wzdłuż,1,6
młotkiem,1,8
czapce,1,6
czerwonej,1,9
strażnik,1,8
przechadza,1,10
peronie,1,7
każdej,1,6
minaretami,1,10
miasteczko,1,10
mijamy,1,6
podróż,1,6
kontynuujemy,1,12
kanadą,1,6
tuż,1,3
belingham,1,9
przystankiem,1,12
moim,1,4
zauważył,1,8
rozrosła,1,8
przechodzi,1,10
delikatnie,1,10
przysięgają,1,11
ostukując,1,9
prawodawcy,1,10
przysięgi,1,9
najpoważniejsza,1,15
sumy,1,4
ropuchy,1,7
żywe,1,4
betelu,1,6
kora,1,4
bawole,1,6
przysmak,1,8
poczwarki,1,9
os,1,2
kokony,1,6
lizaki,1,6
ryżowe,1,6
targu,1,5
porannym,1,8
rozejrzeć,1,9
podwozie,1,8
dodała,1,6
hopley,1,6
ujawnienie,1,10
obligacjach,1,11
dozie,1,5
przedpłatą,1,10
standardowa,1,11
droga,1,5
select,1,6
simple,1,6
taryfę,1,6
płacili,1,7
energy,1,6
avro,1,4
eonu,1,4
zużyciem,1,8
zwiększonym,1,11
rosła,1,5
oczekuje,1,8
zmieniał,1,8
koszt,1,5
budżetowym,1,10
deficytem,1,9
inwestor,1,8
spodziewać,1,10
trwającego,1,10
rocznie,1,7
multi,1,5
investors,1,9
aviva,1,5
fundusze,1,8
następne,1,8
funduszach,1,10
lokowaniem,1,10
masowym,1,7
powstrzymało,1,12
rządowych,1,9
investments,1,11
savings,1,7
zainwestowane,1,13
pieniądze,1,9
oszczędnościowych,1,17
kont,1,4
różniły,1,7
uczynili,1,8
zysku,1,5
poważnym,1,8
zmaga,1,5
ograniczone,1,11
konsumenckich,1,13
dochodzenie,1,11
rezerw,1,6
mln,1,3
stracił,1,7
działań,1,7
odszkodowania,1,13
ogromne,1,7
wniosków,1,8
perspektywą,1,11
volkswagen,1,10
winterkorna,1,11
naczelnego,1,10
dyrektora,1,9
kosztowało,1,10
miliardów,1,9
volkswagena,1,11
obniżyło,1,8
oszustwa,1,8
latami,1,6
skoncentrowane,1,14
winterkornie,1,12
szefie,1,6
notować,1,7
usług,1,5
rozwinął,1,8
optymizmowi,1,11
utrzymującemu,1,13
hurtowy,1,7
detaliczny,1,10
stały,1,5
spadki,1,6
zaczną,1,6
marki,1,5
głosowaniu,1,10
lipca,1,5
spodziewały,1,11
skandalu,1,8
ujawnieniu,1,10
awans,1,5
diessie,1,7
herbercie,1,9
nieproporcjonalnie,1,18
moja,1,4
kluczowych,1,10
przeciwsłoneczne,1,16
wywiadem,1,8
nagraniu,1,8
krótko,1,6
wintour,1,7
jedzenia,1,8
ubrań,1,5
spotyka,1,7
biurowym,1,8
środowisku,1,10
śmieje,1,6
modela,1,6
franka,1,6
zatrudniła,1,10
sugeruję,1,8
talentów,1,8
northampton,1,11
uniwersytecie,1,13
dyplomowe,1,9
odwiedzam,1,9
okulary,1,7
przyglądała,1,11
uwielbiał,1,9
motocrossowi,1,12
służb,1,5
łowieckie,1,9
lobby,1,5
zwolniło,1,8
znowu,1,5
najgorszym,1,10
naiwne,1,6
kolekcję,1,8
znajdę,1,6
muzy,1,4
wpisującej,1,10
szukam,1,6
pomysłem,1,8
bawić,1,5
lubię,1,5
zrobione,1,8
wyglądały,1,9
zdjęciach,1,9
powracała,1,9
tropikalne,1,10
art,1,3
dyskusyjny,1,10
wściekłość,1,10
absurdalny,1,10
słońce,1,6
przeświecać,1,11
deszczem,1,8
kwaśnym,1,7
chmury,1,6
wydawać,1,7
zaskakujące,1,11
jakkolwiek,1,10
godne,1,5
przeskok,1,8
pierwiastek,1,11
ważny,1,5
ubogie,1,6
natury,1,6
gleby,1,5
zdrowego,1,8
odżywczych,1,10
składników,1,10
budzić,1,6
tyle,1,4
biżuterii,1,9
szacunku,1,8
projektowania,1,13
uczył,1,5
londynie,1,8
kolorach,1,8
wzorach,1,7
zanurzyli,1,9
retro,1,5
rocco,1,5
oddech,1,6
praca,1,5
powiedzieć,1,10
uczciwie,1,8
autentycznie,1,12
nadejdzie,1,9
irytujesz,1,9
hałasu,1,6
nasłuchujesz,1,12
uważniej,1,8
protestować,1,11
jeff,1,4
knott,1,5
zaskoczony,1,10
niezbędnymi,1,11
emicro,1,6
przesiadła,1,10
bezpodstawnie,1,13
potworem,1,8
nazywam,1,7
rodzicielstwa,1,13
nowoczesnego,1,12
nienawiść,1,9
wyraża,1,6
bezdzietnych,1,12
niechęć,1,7
lee,1,3
dr,1,2
wie,1,3
dostępnych,1,10
targowisk,1,9
zaproszeniem,1,12
agorę,1,5
wstęp,1,5
brakuje,1,7
stworzenia,1,10
zakazu,1,6
skutecznej,1,10
szeroki,1,7
odkrył,1,6
obroną,1,6
aktywną,1,7
nazywana,1,8
koncepcja,1,9
przeciwnika,1,11
spowolnić,1,9
zdezorientować,1,14
pułapki,1,7
zastawić,1,8
działa,1,6
siłami,1,6
obcymi,1,6
systemy,1,7
newralgiczne,1,12
chroniącego,1,11
firewalla,1,9
próbować,1,8
targowiska,1,10
stanowiły,1,9
przyjęli,1,8
działacze,1,9
wypytywać,1,9
sobota,1,6
środkowa,1,8
maroku,1,6
przewidzianych,1,14
pozycją,1,7
racji,1,5
powiedzmy,1,9
packhama,1,8
prezentera,1,10
marka,1,5
petycji,1,7
autora,1,6
działaczami,1,11
wiodącymi,1,9
skonfliktowało,1,14
ptaków,1,6
królewskiego,1,12
licencjonowania,1,15
przypisuje,1,10
poważnie,1,8
rozważamy,1,9
przewidziano,1,12
irlandzkim,1,10
morzach,1,7
rdzawca,1,7
flądry,1,6
gładzicy,1,8
soli,1,4
dotyczące,1,9
poważne,1,7
załamać,1,7
dostępne,1,8
limitów,1,7
proponowanych,1,13
urzędników,1,10
projekcie,1,9
faktyczną,1,9
grających,1,9
sporu,1,5
sposoby,1,7
crtc,1,4
kanadyjskich,1,12
kultury,1,7
reddit,1,6
wyłączenie,1,10
krótkotrwałe,1,12
ataki,1,5
zdarzenia,1,9
niedawne,1,8
zamknięcie,1,10
uzasadniającej,1,14
forums,1,6
hack,1,4
założyciel,1,10
labrocca,1,8
jesse,1,5
szkodę,1,6
wyrządzili,1,10
nieliczni,1,9
obronności,1,10
cywilnego,1,9
lotnictwa,1,9
pokazać,1,7
popularnych,1,11
twitter,1,7
pokaz,1,5
wykazały,1,8
właściwym,1,9
zmierzamy,1,9
usuwanie,1,8
pozwalająca,1,11
technologia,1,11
postawione,1,10
temperatury,1,11
globalnego,1,10
utrzymania,1,10
niezbędnych,1,11
poziomów,1,8
dalekie,1,7
przeprowadzona,1,14
ilości,1,6
dotąd,1,5
niespotykanych,1,14
użyto,1,5
zakłóceń,1,8
wywołania,1,9
okazją,1,6
dekadzie,1,8
zawodny,1,7
agencję,1,7
certyfikowane,1,13
reklamom,1,8
sponsorom,1,9
zarabia,1,7
supermoc,1,8
wysyłania,1,9
lotnisku,1,8
uzna,1,4
przydatny,1,9
należała,1,8
opłaty,1,6
pasażerów,1,9
wprowadzeniu,1,12
niezawodnego,1,12
zaoferować,1,10
uporały,1,7
iag,1,3
ba,1,2
podróżnych,1,10
brytyjską,1,9
szpiegowską,1,11
następnej,1,9
gchq,1,4
lotniczym,1,9
wiodącej,1,8
hydroplanach,1,12
kończąc,1,7
szturmowych,1,11
śmigłowców,1,10
poczynając,1,10
wojskowego,1,10
mnóstwo,1,7
zaprezentują,1,12
blogerzy,1,8
poprzednio,1,10
widzieli,1,8
samoloty,1,8
szkolenia,1,9
potrzebę,1,8
zakwestionowali,1,15
ds,1,2
eksperci,1,8
spowolni,1,8
klimatyczne,1,11
poprawka,1,8
debacie,1,7
niekonwencjonalne,1,17
shenzhen,1,8
drogowa,1,7
drogowych,1,9
świateł,1,7
wymierzamy,1,10
wieczorem,1,9
włosów,1,6
międzynarodowy,1,14
oskórek,1,7
usunąć,1,6
chemicznemu,1,11
płukaniu,1,8
poddaje,1,7
włosy,1,5
noszenia,1,8
kupowania,1,9
odpychającego,1,13
eksperymencie,1,13
kary,1,4
demokratów,1,10
kigali,1,6
poświęcono,1,10
pochodziła,1,10
zagrał,1,6
zapalony,1,8
rozsądne,1,8
krymie,1,6
nią,1,3
anektowanym,1,11
nagłówków,1,9
pall,1,4
ście,1,4
zauważyli,1,9
drogą,1,5
sony,1,4
szczęście,1,9
wznieść,1,7
zagłosować,1,10
rozumie,1,7
zapytał,1,7
tożsamości,1,10
biorących,1,9
uczniów,1,7
nadesłane,1,9
zebrało,1,7
objęły,1,6
zmian,1,5
naturę,1,6
poznać,1,6
pozwoli,1,7
meksykańskiego,1,14
przeprowadzone,1,14
docelowego,1,10
wkład,1,5
osiągnęli,1,9
fantastycznie,1,13
obszarze,1,8
inwestycje,1,10
solheim,1,7
erik,1,4
środowiskowego,1,14
hfc,1,3
redukcji,1,8
dotycząca,1,9
odesłały,1,8
gatunków,1,8
dinozaury,1,9
dowód,1,5
rhs,1,3
kiełkowania,1,11
wyraźnego,1,9
kosmicznej,1,10
przechowywane,1,13
transportowane,1,14
rukoli,1,6
nasiona,1,7
eksperymentu,1,12
niebyt,1,6
kosmosu,1,7
dniach,1,6
irydu,1,5
zawartość,1,9
wysoka,1,6
meteorytu,1,9
materiału,1,9
charakterystyczna,1,17
wybór,1,5
internetu,1,9
trywializowanie,1,15
wiedzę,1,6
zagadnieniu,1,11
odrębnym,1,8
naukowej,1,8
metodzie,1,8
uczyć,1,5
sztywny,1,7
code,1,4
dress,1,5
przecznic,1,9
h,1,1
metropolitan,1,12
waszyngtońskim,1,14
spotkanie,1,9
technology,1,10
consumer,1,8
america,1,7
picture,1,7
motion,1,6
ubera,1,5
przyswajają,1,11
naukową,1,7
zapraszając,1,11
używając,1,8
gondolą,1,7
potomac,1,7
wyliczeń,1,8
podstawie,1,9
sternlieb,1,9
joe,1,3
bid,1,3
georgetown,1,10
uważamy,1,7
konkurencją,1,11
czynienia,1,9
kosztowała,1,10
noma,1,4
porównania,1,10
krajową,1,7
przekraczają,1,12
krajowej,1,8
mieszczą,1,8
praktyce,1,8
przedstawicieli,1,15
technologicznych,1,16
ekspertów,1,9
kandydat,1,8
retoryki,1,8
odchodząc,1,9
kapitolińskim,1,13
wzgórzu,1,7
społecznościowych,1,17
śledzą,1,6
schulman,1,8
kori,1,4
obamy,1,5
asystent,1,8
specjalny,1,9
blogu,1,5
poniedziałek,1,12
precedensu,1,10
stanach,1,7
przejęcie,1,9
pokojowe,1,8
cyfrowej,1,8
sfery,1,5
imigracji,1,9
dopuści,1,7
lobbystami,1,10
legalnych,1,9
ekipa,1,5
maksimum,1,8
dopuszczalne,1,12
tys,1,3
niewiarygodne,1,13
robi,1,4
zasobnego,1,9
wydatki,1,7
karoliny,1,8
boisku,1,6
zgromadzonym,1,12
tłumom,1,6
barkach,1,7
waszych,1,7
spoczywa,1,8
presji,1,6
was,1,3
wywierać,1,8
zasług,1,6
zajęło,1,6
pasażerom,1,9
minut,1,5
najczęstszej,1,12
knightley,1,9
szkocji,1,7
niepodległości,1,14
sprzed,1,6
navy,1,4
clyde,1,5
stoczniowego,1,12
obietnica,1,9
wyspecjalizowanych,1,18
setki,1,5
zapewni,1,7
zdobyciu,1,8
prac,1,4
rozpoczęcia,1,11
oznajmił,1,8
fallon,1,6
michael,1,7
zwolniony,1,9
mówców,1,6
popularności,1,12
pięćdziesiątce,1,14
świadek,1,7
nazwanych,1,9
siri,1,4
assistant,1,9
google,1,6
inteligencję,1,12
sztuczną,1,8
opartego,1,8
interfejsu,1,10
posiadają,1,9
mate,1,4
huawei,1,6
samsunga,1,8
kłopotach,1,9
baterię,1,7
komponent,1,9
zamieniła,1,9
baterii,1,7
wadę,1,4
kiera,1,5
keira,1,5
zatrudniającej,1,14
osborne,1,7
przyjaciółka,1,12
jezydek,1,7
zoo,1,3
powiększeniu,1,12
poprosili,1,9
świnią,1,6
samotną,1,7
khanzir,1,7
wzrośnie,1,8
dniem,1,5
bureau,1,6
census,1,6
powiększał,1,10
stopniowo,1,9
codziennym,1,10
grami,1,5
paralele,1,8
wskazać,1,7
podejrzanego,1,12
zaatakowała,1,11
ofiara,1,6
gatunki,1,7
zwierząt,1,8
świnię,1,6
wciskając,1,9
płakać,1,6
więzienia,1,9
idę,1,3
angel,1,5
córką,1,5
salonie,1,7
dmuchany,1,8
materac,1,7
andre,1,5
saqib,1,5
zabiła,1,6
dwuletniej,1,10
zabójstwa,1,9
próbę,1,5
oskarżona,1,9
powinni,1,7
poczuł,1,6
panvalkar,1,9
władywostoku,1,12
wschodzie,1,9
odwiedzał,1,9
klientom,1,8
rogers,1,6
wskazał,1,7
nieograniczonego,1,16
korzystająca,1,12
sasktel,1,7
klientka,1,8
gay,1,3
lindsay,1,7
niesamowite,1,11
dzisiejszych,1,12
komórki,1,7
senatu,1,6
regulaminu,1,10
naruszały,1,9
zaufania,1,8
nadużycie,1,9
oszustwo,1,8
rozstrzygający,1,14
sędzia,1,6
pozwalającą,1,11
śledzić,1,7
oczyszczając,1,12
wykorzystanie,1,13
nocy,1,4
spać,1,4
produkt,1,7
mdłości,1,7
pleców,1,6
bóle,1,4
łagodzi,1,7
odmiana,1,7
gta,1,3
pełnią,1,6
miejscowi,1,9
wskazując,1,9
trafiających,1,12
kondominium,1,11
odsetkiem,1,9
pokrywają,1,9
szacunki,1,8
wracamy,1,7
sprawia,1,7
zarzutów,1,8
wytycznych,1,10
rosję,1,5
gomery,1,6
bonusów,1,7
kwota,1,5
łączna,1,6
dotyczą,1,7
opublikowane,1,12
dane,1,4
dodatków,1,8
poziomy,1,7
łączne,1,6
raportuje,1,9
proaktywnie,1,11
federalny,1,9
zatrudnia,1,9
budżet,1,6
roczny,1,6
średnio,1,7
dzieląc,1,7
premię,1,6
burzę,1,5
wyniosła,1,8
badającej,1,9
przeczytać,1,10
skandal,1,7
partiom,1,7
politykom,1,9
udzieliły,1,9
organizacji,1,11
jednostek,1,9
takiej,1,6
pozory,1,6
kontaktach,1,10
uprzywilejowanej,1,16
powinno,1,7
prowincjonalnej,1,15
quebecu,1,7
dziennikarzy,1,12
ujawnienia,1,10
doprowadziło,1,12
zaufanie,1,8
konieczne,1,9
federalnym,1,10
sponsorowaniem,1,14
dietrich,1,8
spółki,1,6
denver,1,6
ślad,1,4
opowieściami,1,12
pozostawiła,1,11
wspaniałą,1,9
kochającą,1,9
nadzwyczajną,1,12
opisał,1,6
urodzeń,1,7
występujący,1,11
niemowląt,1,9
najczęstszy,1,11
dziecka,1,7
ogonowej,1,8
kości,1,5
urodzeniem,1,10
rozwijający,1,11
potworniak,1,10
operacja,1,8
chorobę,1,7
rzadką,1,6
trwały,1,6
literatury,1,10
colorado,1,8
rozumieją,1,9
zarzuca,1,7
grupy,1,5
komentarzy,1,10
niepochlebnych,1,14
zagotowały,1,10
społecznościowe,1,15
media,1,5
imprezy,1,7
opublikowaniu,1,13
okrążył,1,7
dosłownie,1,9
urody,1,5
ideał,1,5
zaakceptować,1,12
dziewczętom,1,11
nękaniu,1,7
głośno,1,6
zaledwie,1,8
bono,1,4
cierpi,1,6
nienarodzone,1,12
dowiedziała,1,11
teksasie,1,8
tlenu,1,5
odpowiedzialnego,1,16
krwinkach,1,9
obecnego,1,8
białka,1,6
organizmowi,1,11
potrzebnym,1,10
pierwiastkiem,1,13
żelazo,1,6
robić,1,5
wiedzą,1,6
psychotropowej,1,14
substancji,1,10
popularnej,1,10
konopi,1,6
utrwaloną,1,9
prawnego,1,8
legalny,1,7
marihuaną,1,9
tkanek,1,6
oczekiwania,1,11
tygodni,1,7
standardowe,1,11
plano,1,5
miejscowości,1,12
boemer,1,6
margaert,1,8
ciężarna,1,8
skomplikowało,1,13
usg,1,3
badanie,1,7
dawców,1,6
kanadyjskiego,1,13
oznaczają,1,9
normy,1,5
ogólnym,1,7
obniżonym,1,9
jednoczesnym,1,12
prawidłowy,1,10
cbs,1,3
krwiodawstwa,1,12
wywołały,1,8
publikacje,1,10
funkcjonariuszom,1,16
płucu,1,5
tomografia,1,10
cambridgeshire,1,14
papworth,1,8
szpitalach,1,10
leczona,1,7
moczowy,1,7
pęcherz,1,7
działanie,1,9
niewystawionych,1,15
tkankach,1,8
schematu,1,8
występowania,1,12
stwierdzili,1,11
guza,1,4
mutacji,1,7
papierosów,1,10
wypalonych,1,10
nowotworów,1,10
przyczyn,1,8
wykazała,1,8
powiększa,1,9
sądzimy,1,7
musiała,1,7
ogólne,1,6
prawem,1,6
zatargów,1,8
wygląda,1,7
oświadczyła,1,11
nastolatki,1,10
zranienie,1,9
śmiertelne,1,10
mężczyzny,1,9
bezdomnego,1,10
opublikowania,1,13
ktokolwiek,1,10
zaproszenie,1,11
wystosuje,1,9
trudeau,1,7
waszyngtonie,1,12
interesy,1,8
tutejszy,1,8
wykluczona,1,10
wyjaśnieniu,1,11
guzach,1,6
występującego,1,13
prawodawstwu,1,12
zgłoszono,1,9
słów,1,4
wymianą,1,7
poprzedzona,1,11
sprzeczka,1,9
press,1,5
associated,1,10
przekazał,1,9
przedstawiciel,1,14
belgradzie,1,10
stołecznym,1,10
sztuk,1,5
zaoferował,1,10
serbskie,1,8
obywatelstwo,1,12
przyznano,1,9
seagalowi,1,9
sachalinie,1,10
kamczatce,1,9
uszkodzeń,1,9
cuaron,1,6
ostatnim,1,8
krok,1,4
nowemu,1,6
wszelkiemu,1,10
zakorzenionych,1,14
ustawodawczego,1,14
dodał,1,5
połączenia,1,10
właściwego,1,10
ustalenia,1,9
badają,1,6
filmem,1,6
naukowcy,1,8
przedstawiających,1,17
grupa,1,5
wywiązała,1,9
nieobecny,1,9
chwili,1,6
grawitacja,1,10
oscarowa,1,8
przebywania,1,11
podejrzany,1,10
przypisywane,1,12
przyjaciółmi,1,12
najwięcej,1,9
wydarzyło,1,9
rozmawiać,1,9
psychologami,1,12
spotykali,1,9
rai,1,3
lipcowej,1,8
trasie,1,6
melania,1,7
potrzebujemy,1,12
urząd,1,5
kandydatem,1,10
niewłaściwym,1,12
czynią,1,6
mniejszościach,1,14
kobietach,1,9
obraźliwe,1,9
przekonując,1,11
starają,1,7
pociechy,1,8
katastrofa,1,10
powiązania,1,10
pacjentów,1,9
analizuje,1,9
funkcjonariuszy,1,15
niepokojących,1,13
pojawieniu,1,10
raportu,1,7
przedstawił,1,11
niezależny,1,10
mcneilly,1,8
gerry,1,5
zastrzyk,1,8
receptę,1,7
wypisać,1,7
środkami,1,8
dysponują,1,9
lekarze,1,7
cbc,1,3
czwartkowym,1,11
bólem,1,5
chronicznym,1,11
sojusznicy,1,10
wycofania,1,9
paryskim,1,8
porozumieniu,1,12
grzywny,1,7
prowincji,1,9
śledczym,1,8
wykonawczym,1,11
zakresie,1,8
uprawnień,1,9
przyznania,1,10
nieetyczne,1,10
udowodniono,1,11
ukarania,1,8
stowarzyszenie,1,14
przesłuchaniu,1,13
uczestniczyć,1,12
budynku,1,7
niższym,1,7
celi,1,4
niechętny,1,9
okolicą,1,7
dziewczynkami,1,13
nałożyć,1,7
agenta,1,6
ostatnio,1,8
przyczyniające,1,14
zapisanej,1,9
kadencji,1,8
poczekać,1,8
guilbeault,1,10
odgrywać,1,8
gotowych,1,8
china,1,5
brazylia,1,8
widzimy,1,7
liczniejsza,1,11
pekin,1,5
smogiem,1,7
duszącym,1,8
nękany,1,6
trujące,1,7
dobitnie,1,8
narzeka,1,7
klasa,1,5
strategy,1,8
return,1,6
piętnaście,1,10
farmer,1,6
kentucky,1,8
rodzinę,1,7
spędzonych,1,10
podróżowali,1,11
melanezyjczycy,1,14
zaczęło,1,7
osadnictwo,1,10
wyspę,1,5
trwają,1,6
przyrody,1,8
dzikiej,1,7
rezerwat,1,8
uznana,1,6
wyschniętą,1,10
lagunę,1,6
malutką,1,7
deszczowych,1,11
pór,1,3
cyklu,1,5
lincoln,1,7
stolarz,1,7
ocieplenie,1,10
cieśla,1,6
ucierpieć,1,9
realnie,1,7
szkodliwe,1,9
łagodzą,1,7
zdarzeń,1,7
zmniejszają,1,11
zarządzania,1,11
ekosystem,1,9
zdrowy,1,6
zanieczyszczenie,1,16
chorób,1,6
rozprzestrzenianie,1,18
nieurodzaj,1,10
susza,1,5
powódź,1,6
żywiołowe,1,9
klęski,1,6
podatność,1,9
zwiększa,1,8
zmianę,1,6
globalne,1,8
energię,1,7
bieg,1,4
ticino,1,6
inn,1,3
rodan,1,5
ren,1,3
prądu,1,5
kilowatów,1,9
generujących,1,12
wodnych,1,7
elektrowniach,1,13
rzek,1,4
woda,1,4
alp,1,3
spływającej,1,11
mediolan,1,8
suchym,1,6
obszarom,1,8
nizinnej,1,8
jedynie,1,7
zajmują,1,7
pad,1,3
alpach,1,6
katastrofalny,1,13
płyną,1,5
wybuchają,1,9
zastyga,1,7
powierzchnię,1,12
dociera,1,7
krzemu,1,6
zawartości,1,10
lepka,1,5
magma,1,5
vulcanology,1,11
pisowni,1,7
volcanology,1,11
angielsku,1,9
wulkanologią,1,12
nazywa,1,6
wulkanach,1,9
naukę,1,5
czarnego,1,8
adriatyckiego,1,13
ujść,1,4
zniszczeniu,1,11
krajobrazu,1,10
otaczających,1,12
wywiany,1,7
roślinności,1,11
warstwę,1,7
gleba,1,5
suchych,1,7
występującymi,1,13
naturalnymi,1,11
zjawiskami,1,10
piaskowe,1,8
atkinson,1,8
sallyanne,1,9
ówczesną,1,8
wysypiskiem,1,11
ściekiem,1,8
pogarszał,1,9
rozwijało,1,9
aborygenów,1,10
pozostawione,1,12
ukradli,1,7
europejczyków,1,13
drobniejszy,1,11
obrzeżach,1,9
degradacji,1,10
wiać,1,4
masowy,1,6
tajlandii,1,9
łańcuchową,1,10
reakcję,1,7
rozpoczynając,1,13
wypchnięte,1,10
cząstkami,1,9
zderzają,1,8
opadają,1,7
strumień,1,8
uniesione,1,9
wiatru,1,6
prędkościach,1,12
wibracje,1,8
wpadają,1,7
odsłoniętej,1,11
leżące,1,6
drobne,1,6
jednostajny,1,11
przybyciem,1,10
alaskę,1,6
zamieszkiwały,1,13
ludy,1,4
siedmiokontynentowym,1,20
płci,1,4
tle,1,3
przemocy,1,8
najgorsze,1,9
uznawana,1,8
gwinea,1,6
nowa,1,4
papua,1,5
naturalnych,1,11
wykorzystania,1,13
tracą,1,5
urbanizację,1,11
skażenie,1,8
wyjałowienie,1,12
zagęszczenie,1,12
zasolenie,1,9
erozję,1,6
uprawnej,1,8
osobne,1,6
kontynenty,1,10
atlantycki,1,10
reszta,1,6
rdzenne,1,7
zimowych,1,8
miesiącach,1,10
temperatura,1,11
dzienna,1,7
alaski,1,6
własnością,1,10
stanowiąca,1,10
dróg,1,4
indii,1,5
położenie,1,9
odległe,1,7
popularne,1,9
eksploracji,1,11
europejskiej,1,12
epokę,1,5
otwierając,1,10
zachodnich,1,10
hydroelektryczną,1,16
irygację,1,8
notuje,1,6
słowo,1,5
lillesand,1,9
ciągnie,1,7
kristiansand,1,12
wodny,1,5
szlak,1,5
szkierami,1,9
osłonięty,1,9
blindleia,1,9
nostrum,1,7
mare,1,4
śródziemne,1,10
rzymianie,1,9
rzymskie,1,8
cesarstwo,1,9
założył,1,7
fenicjanie,1,10
kolonizowały,1,12
intensywnie,1,11
antyku,1,6
duńskim,1,7
odnosić,1,7
śródziemnomorskich,1,18
płytkich,1,8
mokradła,1,8
schlei,1,6
ogierów,1,7
jednego,1,7
śmiercią,1,8
kończyły,1,8
importowane,1,11
zamożniejszych,1,14
owocowe,1,7
mocne,1,5
bjórr,1,5
miód,1,4
piwo,1,4
alkoholowe,1,10
napoje,1,6
podawano,1,8
słodkowodne,1,11
fiordy,1,6
lagun,1,5
klasycznego,1,11
kulturę,1,7
pitną,1,5
zapanował,1,9
położonej,1,9
sahara,1,6
podobny,1,7
łączyło,1,7
pracowało,1,9
donosił,1,7
dziecięcej,1,10
form,1,4
dotyczący,1,9
francuskim,1,10
kamerunem,1,9
połączył,1,8
kamerun,1,7
przymusowej,1,11
zmieniając,1,10
wykwalifikowanym,1,16
kapitałowym,1,11
inwestycjom,1,11
infrastrukturę,1,14
ekstremalny,1,11
głód,1,4
przeplatającą,1,13
śródziemnomorskiego,1,19
śródziemnomorskie,1,17
cywilizacje,1,11
geologii,1,8
wspólnego,1,9
licznych,1,8
owoców,1,6
zbierania,1,9
rybołówstwa,1,11
pożywienie,1,10
wojen,1,5
kolonizacji,1,11
komunikacyjne,1,13
szlaki,1,6
zapewniało,1,10
wieki,1,5
bliskość,1,8
ogromny,1,7
starożytnych,1,12
rozwinęło,1,9
husum,1,5
zamarzły,1,8
postępującą,1,11
kraj,1,4
wydarzenia,1,10
narodu,1,6
reakcja,1,7
niewolniczy,1,11
wolny,1,5
unii,1,4
dołączy,1,7
sednem,1,6
ohio,1,4
rzeka,1,5
missisipi,1,9
wpadająca,1,9
klimatem,1,8
łagodnym,1,8
cieszy,1,6
umiarkowanej,1,12
algieria,1,8
odpowiadają,1,11
topografii,1,10
pokazała,1,8
kolor,1,5
niemiecką,1,9
wykazują,1,8
przeciwieństwie,1,15
nizinom,1,7
europejskim,1,11
palmowej,1,8
niedzieli,1,9
obrzędach,1,9
palm,1,4
wierzbowych,1,11
witek,1,5
ukrainy,1,7
kościołach,1,10
medycynie,1,9
tradycyjnej,1,11
składnika,1,9
niebieskawy,1,11
żółtawego,1,9
zieleni,1,7
odcieni,1,7
różnorodność,1,12
elementy,1,8
różni,1,5
sahary,1,6
równiny,1,7
generał,1,7
opinią,1,6
duńską,1,6
wstrząsnęły,1,11
odwrocie,1,8
historyków,1,10
flensburga,1,10
kolejowej,1,9
ewakuacji,1,9
artyleryjskiego,1,15
ciężkiego,1,9
ważnego,1,7
porzucenie,1,10
ewakuować,1,9
duńskiej,1,8
pruską,1,6
austriacko,1,10
zaskoczył,1,9
odwrót,1,6
meza,1,4
pozbawiony,1,10
tamtej,1,6
okręg,1,5
suchy,1,5
odeski,1,6
obwód,1,5
ukrainie,1,8
kilia,1,5
ramienia,1,8
brzegu,1,6
tulcz,1,5
rumunii,1,7
posiadaniu,1,10
dunaju,1,6
ton,1,3
wzrosła,1,7
dunajem,1,7
transportowanego,1,16
towaru,1,6
ilość,1,5
niemiec,1,7
otyłość,1,7
pioruny,1,7
income,1,6
kitańskiej,1,10
wysłany,1,7
dworze,1,6
zyskał,1,6
nawozu,1,6
zebranego,1,9
kanał,1,5
oczyścił,1,8
skutecznie,1,10
nowatorskiej,1,12
stolicą,1,7
bian,1,4
kanale,1,6
złogów,1,6
dotyczącym,1,10
wanga,1,5
nadzór,1,6
zlecono,1,7
shenowi,1,7
agent,1,5
emisariusz,1,10
kitanowie,1,9
zdolnościami,1,12
agresywnie,1,10
tyberiusz,1,9
salerno,1,7
islamska,1,8
medycyna,1,8
włoszech,1,8
południowych,1,12
medycynę,1,8
studiowano,1,10
królestwa,1,9
żądania,1,7
przystawali,1,11
ambasadorami,1,12
chińskimi,1,9
niekompetentnymi,1,16
kilkoma,1,7
manipulując,1,11
granic,1,6
przesunięcie,1,12
negocjowali,1,11
zarządca,1,8
anshim,1,6
przestępny,1,10
intelektualiści,1,15
wiekach,1,7
poematów,1,8
lacjum,1,6
stosowane,1,9
sądowe,1,6
państwowe,1,9
integracji,1,10
zasiedlone,1,10
częściach,1,9
starszych,1,9
budowano,1,8
forty,1,5
chmurami,1,8
przysłonięty,1,12
konkretnym,1,10
fazy,1,4
ustalenie,1,9
newton,1,6
skłaniał,1,8
dramatopisarze,1,14
dzieła,1,6
wang,1,4
inspirowane,1,11
wywarł,1,6
kuo,1,3
zorganizowane,1,13
olimpijskie,1,11
igrzyska,1,8
uznaje,1,6
zginął,1,6
julian,1,6
odwrócony,1,9
poezję,1,6
nieśmiertelność,1,15
zyska,1,5
polu,1,4
młodo,1,5
zginie,1,6
spokojnym,1,9
umrze,1,5
przepowiedziane,1,15
trojańską,1,9
żałował,1,7
wyjazdu,1,7
prosił,1,6
przypadły,1,9
urodziny,1,8
sześćdziesiąte,1,14
małpa,1,5
zodiakalnym,1,11
zwierzęciem,1,11
zodiaku,1,7
znak,1,4
księżycowego,1,12
kalendarza,1,10
akty,1,4
faraonowi,1,9
egipskiemu,1,10
lojalność,1,9
przysięgających,1,15
gezer,1,5
listów,1,6
datowane,1,8
amarneńskie,1,11
karnaku,1,7
tradycyjnie,1,11
pomyślne,1,8
powrotu,1,7
spisane,1,7
mury,1,4
wznosząc,1,8
azją,1,4
egiptem,1,7
obronne,1,7
wzmocnił,1,8
chińskim,1,8
kalendarzem,1,11
wyznaczane,1,10
ruchome,1,7
tajskich,1,8
obchodzone,1,10
święta,1,6
chiński,1,7
buddy,1,5
wizerunków,1,10
link,1,4
którą,1,5
tabeli,1,6
świątyni,1,8
wymieniającej,1,13
inskrypcji,1,10
historyczną,1,11
odpowiednie,1,11
ofiary,1,6
rytuały,1,7
przypisywano,1,12
skrupulatnie,1,12
codziennego,1,11
praktyczne,1,10
reprezentowali,1,14
bogowie,1,7
praw,1,4
intencjami,1,10
faktycznymi,1,11
wywołując,1,9
rozkazy,1,7
działały,1,8
życzył,1,6
prośbom,1,7
każdym,1,6
rzymu,1,5
łodziami,1,8
kontynentalnej,1,14
odkryte,1,7
misą,1,4
wzmiankę,1,8
najstarszą,1,10
ogień,1,5
środkowej,1,9
niepewne,1,8
megalitów,1,9
przeznaczenie,1,13
dokładne,1,8
kamienną,1,8
kultem,1,6
ołtarzowego,1,11
strukturą,1,9
metry,1,5
osi,1,3
zorientowanych,1,14
massebot,1,8
kamieni,1,7
stojących,1,9
ku,1,2
piątek,1,6
siedem,1,6
town,1,4
miejska,1,7
gmina,1,5
kapsztadu,1,9
samorządową,1,11
jednostką,1,9
deweloperskie,1,13
ekosystemów,1,11
zamieniły,1,9
przyrost,1,8
morskiej,1,8
drogi,1,5
eurazji,1,7
nieznane,1,8
północne,1,8
panamskiego,1,11
spokojny,1,8
południowe,1,10
wyróżniali,1,10
odwiedzający,1,12
cape,1,4
esej,1,4
niekwestionowana,1,16
opublikowany,1,12
wybranym,1,8
manuskrypt,1,10
wysyłając,1,9
promocji,1,8
przygotowywali,1,14
tekstu,1,6
redakcję,1,8
ukończyli,1,9
brooks,1,6
poufne,1,6
udostępniali,1,12
rządowymi,1,9
powiązań,1,8
osobistych,1,10
korzystała,1,10
dnie,1,4
morskim,1,7
opowieścią,1,10
undersea,1,8
europejczycy,1,12
pozostawała,1,11
wypaść,1,6
elektrycznym,1,12
żywności,1,8
przetwarzaniem,1,14
wydawniczą,1,10
drukarską,1,9
branżą,1,6
mechaniką,1,9
górnictwem,1,10
turystyką,1,9
nevady,1,6
nabrzeża,1,8
gezira,1,6
ułatwiło,1,8
nilu,1,4
uregulowanie,1,12
dodatkowe,1,9
miastem,1,7
czyniąc,1,7
pół,1,3
kairu,1,5
sprzętem,1,8
karaiby,1,7
dominacja,1,9
głównych,1,8
stulecia,1,8
pierwszego,1,10
językach,1,8
karaibskiego,1,12
określeniem,1,11
zamiennym,1,9
antylskie,1,9
wywodząca,1,9
lądu,1,4
odnosiło,1,8
antillas,1,8
hiszpańskie,1,11
kolumba,1,7
krzysztofa,1,10
odkryciu,1,8
xv,1,2
europejczykami,1,14
kontaktu,1,8
zamieszkujących,1,15
osobom,1,6
prośbą,1,6
ostateczne,1,10
widziano,1,8
tunip,1,5
daleko,1,6
faraon,1,6
egipski,1,7
oblężenia,1,9
rekonstrukcję,1,13
wiarygodną,1,10
umożliwiły,1,10
chwaliło,1,8
breasteda,1,9
jamesa,1,6
autorstwa,1,9
opracowanie,1,11
naukowe,1,7
taktyczny,1,9
błąd,1,4
poważny,1,7
popełnił,1,8
podbić,1,6
amurru,1,6
żadnego,1,7
zwróciło,1,8
żołnierza,1,9
druga,1,5
nawróceniu,1,10
siedemnaście,1,12
koryncie,1,8
spędził,1,7
testamentu,1,10
wysłać,1,6
piłat,1,5
jerozolimie,1,11
przebywał,1,9
herod,1,5
badaczami,1,9
herodiady,1,9
antypasa,1,8
ślubu,1,5
napierśnika,1,11
założywszy,1,10
walczył,1,7
utrzymywał,1,10
spiesząc,1,8
odpowiadał,1,10
kontrolowany,1,12
obowiązywać,1,11
australijski,1,12
ścieżki,1,7
ławki,1,5
piknikowe,1,9
strukturami,1,11
prostymi,1,8
transformację,1,13
radykalną,1,9
ekonomiczne,1,11
goryeo,1,6
zreformować,1,11
swobodnie,1,9
gongmin,1,7
załamywać,1,9
dynastia,1,8
amerykanów,1,10
lobbystów,1,9
chemicznego,1,11
książkę,1,7
oficjalnie,1,10
ustanowionym,1,12
parkiem,1,7
spadkobiercę,1,12
przestała,1,9
mandżurom,1,9
podległości,1,11
umowa,1,5
mandżurską,1,10
pozostawały,1,11
chan,1,4
quing,1,5
shikai,1,6
najważniejszą,1,13
mongolię,1,8
chińska,1,7
republika,1,9
ustanowiona,1,11
nowo,1,4
rozwijającego,1,13
lokalnej,1,8
zapewnienie,1,11
gospodarkę,1,10
zintegrowała,1,12
afrykańskiej,1,12
dream,1,5
winds,1,5
wymieniane,1,10
uznanej,1,7
tomy,1,4
pozostałe,1,9
ukończyć,1,8
martin,1,6
tron,1,4
gra,1,3
wynosiła,1,8
przewaga,1,8
całkowita,1,9
korespondencyjnie,1,17
prowadzenie,1,11
zyskali,1,7
przedterminowego,1,16
głosowania,1,10
dwutygodniowego,1,15
oddało,1,6
winter,1,6
spring,1,6
szkodliwy,1,9
holenderscy,1,11
agencja,1,7
amerykańska,1,11
poruszona,1,9
sprawa,1,6
nagromadzonych,1,14
ogromnych,1,9
regulowaniu,1,11
zasługą,1,7
obligacji,1,9
rządowe,1,7
wyprzedają,1,10
terminowe,1,9
kontrakty,1,9
pojawiające,1,11
przedstawicielka,1,16
motocykl,1,8
elektryczny,1,11
komercjalizować,1,15
zdecydowali,1,11
florydy,1,7
dba,1,3
opanowanego,1,11
zabezpieczeń,1,12
podejrzeń,1,9
zgłaszanie,1,10
ułatwić,1,7
sieci,1,5
bronić,1,6
nauczyć,1,7
konsekwencjach,1,14
myśląc,1,6
odnośniki,1,9
linki,1,5
klika,1,5
zastanowienia,1,13
mejle,1,5
otwiera,1,7
efekcie,1,7
przestrzegamy,1,13
bezpieczni,1,10
mierzone,1,8
organizacyjne,1,13
złamaniu,1,8
terroru,1,7
człowiekiem,1,11
nowym,1,5
roszczeniowym,1,13
aroganckim,1,10
napuszonym,1,10
zero,1,4
strefą,1,6
wyborach,1,8
chaos,1,5
zapanuje,1,8
rejonach,1,8
skonfliktowanych,1,16
figuruje,1,8
wyborca,1,7
zarejestrowany,1,14
zdobycie,1,8
chodziło,1,8
znaczeniu,1,9
narodowego,1,10
kwestia,1,7
miękkim,1,7
zaalarmowała,1,12
nienasycony,1,11
apetyt,1,6
technicznie,1,11
wybrały,1,7
martwą,1,6
uznaniem,1,8
wstrzymują,1,10
jednostkę,1,9
motorem,1,7
głównym,1,7
internetowa,1,11
barratt,1,7
trwa,1,4
rozpoczęli,1,10
kontynuować,1,11
będziemy,1,8
dead,1,4
talking,1,7
emitowany,1,9
odcinkach,1,9
emocjonalnym,1,12
oglądać,1,7
zaawansowane,1,12
podejście,1,9
smażonego,1,9
kontrolowania,1,13
ruchem,1,6
podkreśliła,1,11
twittera,1,8
odczytywać,1,10
naklejki,1,8
memy,1,4
gify,1,4
emoji,1,5
przesyłać,1,9
platformy,1,9
pośrednictwem,1,13
slackiem,1,8
ulubieńcem,1,10
przeznaczony,1,12
komunikator,1,11
zapowiedział,1,12
microsoft,1,9
środę,1,5
dronów,1,6
okropnie,1,8
kolega,1,6
norman,1,6
swobodą,1,7
loving,1,6
akcja,1,5
brali,1,5
lovingowie,1,10
najwyższego,1,11
trafiła,1,7
państwu,1,7
przeciwstawili,1,14
union,1,5
liberties,1,9
civil,1,5
zainteresowaniem,1,16
ogromnym,1,8
cieszyła,1,8
brands,1,6
yum,1,3
kfc,1,3
ważnym,1,6
kurczaka,1,8
rozpoczyna,1,10
mildred,1,7
parą,1,4
obejrzał,1,8
pewną,1,5
dysponuje,1,9
morgan,1,6
dean,1,4
jeffrey,1,7
negana,1,6
rozdzwonił,1,10
telefon,1,7
things,1,6
pomija,1,6
stranger,1,8
przebierają,1,11
reporterzy,1,10
fani,1,4
tegoroczne,1,10
pokrótce,1,8
zalotów,1,7
czasy,1,5
osiągnięcia,1,11
sprawiał,1,8
religii,1,7
geście,1,6
naprężającym,1,12
szyję,1,5
wyciąga,1,7
uderzeniową,1,11
wzbudzić,1,8
bierze,1,6
współczesnym,1,12
stylu,1,5
suknia,1,6
sade,1,4
marat,1,5
obłąkanych,1,10
pacjentkę,1,9
rsc,1,3
zaczynała,1,9
lepszy,1,6
jestem,1,6
niewiarygodny,1,13
sobotę,1,6
żyły,1,4
konfrontacji,1,12
mroźnie,1,7
trzęsą,1,6
radykalnie,1,10
zmieniło,1,8
kino,1,4
rachuby,1,7
mikrofon,1,8
upuść,1,5
niewykrywalny,1,13
przeprowadzony,1,14
aktualnościami,1,14
wiadomościami,1,13
zajmując,1,8
telewizji,1,9
radiu,1,5
dziesięciolecia,1,15
złe,1,3
popis,1,5
wspaniały,1,9
glenda,1,6
skoro,1,5
zagrają,1,7
zdaje,1,5
sądzie,1,6
podejmie,1,8
zwiększyć,1,9
konsumenci,1,10
obuwia,1,6
odpadki,1,7
pływające,1,9
wykorzystując,1,13
oceany,1,6
oczyścić,1,8
adidas,1,6
szterlinga,1,10
funta,1,5
wartości,1,8
spadek,1,6
aktywom,1,7
zagranicznym,1,12
przysporzył,1,11
hossie,1,6
skorzystali,1,11
zainwestowano,1,13
obszerny,1,8
radykalnych,1,11
dziewięciu,1,10
zaśmiecania,1,11
pogodowych,1,10
poszkodowanych,1,14
dorosłych,1,9
większej,1,8
społeczeństwo,1,13
zachęcał,1,8
obciążony,1,9
nhs,1,3
ostrzegając,1,11
zdrowia,1,7
wrócić,1,6
rehabilitacji,1,13
trudnej,1,7
operacji,1,8
wyjątkowej,1,10
ryb,1,3
plastiku,1,8
oceanach,1,8
mórz,1,4
hollywood,1,9
wykluczyło,1,10
zachowuje,1,9
charakterystycznych,1,19
siedemdziesiątych,1,17
reliktem,1,8
mody,1,4
wróciło,1,7
materiałem,1,10
pokrywanie,1,10
flokowanie,1,10
martwić,1,7
długo,1,5
będę,1,4
znaczenia,1,9
miało,1,5
sunderland,1,10
wiosce,1,6
urodziła,1,8
zabijania,1,9
przymusem,1,9
jakimś,1,6
spowodowane,1,11
south,1,5
londynu,1,7
chwiejną,1,8
zlecił,1,6
wybrał,1,6
przeszkodzenia,1,14
morderstw,1,9
zarzutami,1,9
sądem,1,5
wykonywania,1,11
samodzielnego,1,13
obsesją,1,7
rosnącą,1,7
naszą,1,5
faktury,1,7
moda,1,4
apartamentu,1,11
pokazowego,1,10
urządzenie,1,10
winham,1,6
rachel,1,6
wnętrz,1,6
projektantce,1,12
czyny,1,5
mroczne,1,7
zimmer,1,6
dramat,1,6
ideału,1,6
rezultat,1,8
uciechy,1,7
stałe,1,5
bob,1,3
popołudnie,1,10
sobotnie,1,8
seans,1,5
ciepła,1,6
pełen,1,5
bezpretensjonalny,1,17
przyjemny,1,9
sprawdza,1,8
społecznym,1,10
dramatem,1,8
przejmującym,1,12
błazenadą,1,9
wesołą,1,6
równowagę,1,9
współczesnej,1,12
widowni,1,7
obce,1,4
uznali,1,6
potraktował,1,11
częścią,1,7
superbohaterowie,1,16
udany,1,5
sezon,1,5
odiego,1,6
nerwowego,1,9
wadliwego,1,9
millican,1,8
dokonania,1,9
umarł,1,5
uzbrojeni,1,9
sanitariusze,1,12
wszyscy,1,7
atrakcyjności,1,13
niewiarygodna,1,13
niewyobrażalne,1,14
wydają,1,6
użytkownicy,1,11
traktowali,1,10
narzędzia,1,9
najszerzej,1,10
klasyfikacja,1,12
walii,1,5
irlandii,1,8
obowiązującymi,1,14
procedurami,1,11
przepisami,1,10
różnice,1,7
fontvieille,1,11
powiększenie,1,12
obejmują,1,8
gruntu,1,6
pozyskiwania,1,12
obserwacyjne,1,12
patrolowe,1,9
łodzie,1,6
obsługująca,1,11
specjalna,1,9
wchodzi,1,7
rządowej,1,8
bergerona,1,9
przyjętą,1,8
składa,1,6
formą,1,5
germańskie,1,10
plemiona,1,8
danym,1,5
deszczową,1,9
porę,1,4
poprzedzający,1,13
utrzymujący,1,11
dominujący,1,10
sezonowy,1,8
monsun,1,6
ideę,1,4
synoptyczne,1,11
klimatologie,1,12
ustalać,1,7
zaczęli,1,7
klimatolodzy,1,12
prognozowaniu,1,13
identyfikacja,1,13
klasyfikacji,1,12
pięcioosobowej,1,14
wykonawcza,1,10
sprzyjające,1,11
żołnierzy,1,9
wieloetnicznej,1,14
persji,1,6
wasalem,1,7
uczynił,1,7
amyntas,1,7
macedoński,1,10
peonię,1,6
greckim,1,7
podbiły,1,7
bałkanach,1,9
dokonanie,1,9
powierzono,1,10
megabazusowi,1,12
dariusza,1,8
dowódcy,1,7
poważanemu,1,10
bizancjum,1,9
kolonią,1,7
megaryjską,1,10
achemenidzkiej,1,14
bałkanów,1,8
władza,1,6
elitami,1,7
ochronę,1,7
ograniczoną,1,11
monako,1,6
zapewniający,1,12
monakijski,1,10
francusko,1,9
podpisano,1,9
smaragdisa,1,10
yannisa,1,7
greco,1,5
asty,1,4
athina,1,6
filmowa,1,7
pierwsza,1,8
założona,1,8
małżeństw,1,9
mieszanych,1,10
perskimi,1,8
macedońskimi,1,12
słowiańskie,1,11
wędrówki,1,8
ludów,1,5
dwutlenek,1,9
wchłaniają,1,10
krople,1,6
deszczu,1,7
opadów,1,6
cały,1,4
chaotycznym,1,11
układem,1,7
atmosfera,1,9
zakaukazie,1,10
przedkaukazie,1,13
znana,1,5
kaukazu,1,7
odrębnej,1,8
język,1,5
uznawanym,1,9
lapońskim,1,9
południowym,1,11
lapońskich,1,10
dialektów,1,9
rozpuszczają,1,12
przykładem,1,10
słowianie,1,9
ukształtowanej,1,14
pozostała,1,9
zetknęła,1,8
wyznaniem,1,9
bantu,1,5
nabrzeżnym,1,10
pasie,1,5
islam,1,5
rozpowszechnili,1,15
ci,1,2
afryki,1,6
szczyty,1,7
najwyższe,1,9
kenia,1,5
góra,1,4
kilimandżaro,1,12
rów,1,3
stworzyły,1,9
tektoniczne,1,11
ruchy,1,5
północnych,1,10
cechą,1,5
kven,1,4
szwecji,1,7
niemiecki,1,9
ludwik,1,6
mojmir,1,6
królem,1,6
wielkomorawskie,1,15
przekształciło,1,14
nitrzańskiego,1,13
księstwa,1,8
podbojowi,1,9
morawskie,1,9
księstwo,1,8
powstało,1,8
austrii,1,7
słowacji,1,8
zagórza,1,7
moraw,1,5
wschodnich,1,10
obecnych,1,8
osiedlili,1,9
najechał,1,8
mojmira,1,7
bratankiem,1,10
wpływów,1,7
meänkieli,1,9
znane,1,5
osobno,1,6
rozwinęły,1,9
wywodzące,1,9
języki,1,6
duńskiego,1,9
zapożyczeń,1,10
islandzkim,1,10
rastizem,1,8
danii,1,5
polityczną,1,10
islandii,1,8
pozostawania,1,12
metropolitalnych,1,16
okręgów,1,7
rościsławem,1,11
późniejszym,1,11
cieśniny,1,8
kontrolującymi,1,14
miastami,1,8
móc,1,3
przygotowaniem,1,14
ochotników,1,10
wydarzenie,1,10
zorganizować,1,12
moment,1,6
wyjaśniła,1,9
artystycznych,1,13
kierowników,1,11
alejandra,1,9
brazylii,1,8
karnawałem,1,10
wydarzeniem,1,11
butach,1,6
zabłoconych,1,11
chłopcem,1,8
zwykłym,1,7
plecami,1,7
dosiadł,1,7
drabinkę,1,8
wspaniale,1,9
ocalić,1,6
listopad,1,8
nadać,1,5
stolicę,1,7
chcecie,1,7
circuit,1,7
marina,1,6
yas,1,3
internetowej,1,12
harmonogram,1,11
wstępu,1,6
upoważnia,1,9
bilet,1,5
japonii,1,7
większego,1,9
spodziewa,1,9
magnetycznej,1,12
ukończeniu,1,10
meksykan,1,8
tradycję,1,8
format,1,6
świeży,1,6
johnny,1,6
zdziwił,1,7
facetem,1,7
żartował,1,8
niesłychane,1,11
pogratulować,1,12
muszę,1,5
honory,1,6
oddał,1,5
doprowadzając,1,13
secie,1,5
wyrównując,1,10
formę,1,5
szczytową,1,9
isner,1,5
technologicznej,1,15
trend,1,5
szerszy,1,7
wpisuje,1,7
narzędzi,1,8
zwrot,1,5
niedawny,1,8
produktywności,1,14
amerykanin,1,10
podstępem,1,9
głosił,1,6
przeskakiwał,1,12
stodole,1,7
mojej,1,5
pojawiał,1,8
czuł,1,4
wracał,1,6
posesje,1,7
oddzielające,1,12
ogrodzenie,1,10
golfowy,1,7
nagłówek,1,8
pierwszoligowy,1,14
dostali,1,7
oszustwem,1,9
gracze,1,6
fatalni,1,7
określają,1,9
australijczycy,1,14
nine,1,4
okazałości,1,10
świetnym,1,8
sojusze,1,7
zimowej,1,7
gospodarzem,1,11
syberii,1,7
terenu,1,6
pokrywająca,1,11
tajga,1,5
dominuje,1,8
północnym,1,9
molibdenu,1,9
kobaltu,1,7
niklu,1,5
cynku,1,5
ołowiu,1,6
manganu,1,7
diamentów,1,9
złota,1,5
złoża,1,5
minerały,1,8
bogata,1,6
dzielnicę,1,9
uniwersjady,1,11
krasnojarsk,1,11
wycieczkę,1,9
line,1,4
niezbędne,1,9
utrzymywało,1,11
scytii,1,6
dostaw,1,6
ateny,1,5
meksyku,1,7
kalifornii,1,10
wybrzeży,1,8
wysepki,1,7
bezludnych,1,10
heleny,1,6
wulkaniczne,1,11
tioman,1,6
seszele,1,7
granitowych,1,11
indyjskim,1,9
oceanie,1,7
malediwy,1,8
islands,1,7
przejeżdżających,1,16
podatki,1,7
ściągającej,1,11
kupieckiej,1,10
pomost,1,6
smartfonami,1,11
widziała,1,8
style,1,5
ccn,1,3
rozmawiała,1,10
doświadczeniu,1,13
systemów,1,8
najgłębszych,1,12
metro,1,5
ziemią,1,6
metrów,1,6
ukryte,1,6
bangkoku,1,8
mahanaknon,1,10
wizjonerski,1,11
wieżowców,1,9
nowoczesnych,1,12
pojawienia,1,10
żywymi,1,6
zmarłymi,1,8
pewnego,1,7
rzeźbę,1,6
gildii,1,6
mieszczan,1,9
miejscowych,1,11
kierowanej,1,10
wspomnień,1,9
ułatwia,1,7
zmarłym,1,7
szczegół,1,8
myśl,1,4
zatrzeć,1,7
przywodzi,1,9
salasa,1,6
carlosa,1,7
juana,1,5
zaprojektowany,1,14
nagrodzony,1,10
indiach,1,7
granicę,1,7
przyjaciel,1,10
