,word,frequency,n_characters
के,के,998,2
में,में,825,3
है,है,533,2
की,की,509,2
और,और,438,2
से,से,398,2
को,को,371,2
का,का,319,2
ने,ने,255,2
एक,एक,229,2
कि,कि,211,2
पर,पर,200,2
हैं,हैं,193,3
था,था,190,2
किया,किया,165,4
लिए,लिए,146,3
गया,गया,144,3
करने,करने,126,4
नहीं,नहीं,124,4
यह,यह,104,2
कर,कर,99,2
जो,जो,99,2
इस,इस,97,2
रूप,रूप,93,3
साथ,साथ,86,3
तक,तक,86,2
बाद,बाद,82,3
भी,भी,80,2
हो,हो,77,2
थी,थी,72,2
वह,वह,70,2
लेकिन,लेकिन,69,5
अपने,अपने,68,4
दिया,दिया,67,4
थे,थे,62,2
कहा,कहा,61,3
वर्ष,वर्ष,59,4
उसने,उसने,57,4
हुए,हुए,56,3
उसके,उसके,55,4
गयी,गयी,52,3
ही,ही,52,2
कई,कई,52,2
लोगों,लोगों,52,5
द्वारा,द्वारा,49,6
वाले,वाले,48,4
ज्यादा,ज्यादा,48,6
समय,समय,47,3
पहले,पहले,46,4
गए,गए,44,2
क्षेत्र,क्षेत्र,42,7
जाता,जाता,42,4
उसे,उसे,42,3
अपनी,अपनी,42,4
होने,होने,41,4
कम,कम,41,2
या,या,40,2
बहुत,बहुत,38,4
सकता,सकता,38,4
करते,करते,37,4
तरह,तरह,37,3
तो,तो,36,2
दो,दो,36,2
शुरू,शुरू,36,4
हुआ,हुआ,35,3
बीच,बीच,34,3
काम,काम,33,3
कारण,कारण,33,4
इसके,इसके,33,4
रहा,रहा,33,3
उसकी,उसकी,32,4
जब,जब,32,2
लिया,लिया,32,4
सबसे,सबसे,31,4
लगभग,लगभग,30,4
बारे,बारे,30,4
वे,वे,28,2
हुई,हुई,28,3
दी,दी,28,2
साल,साल,28,3
रहे,रहे,28,3
होता,होता,28,4
कुछ,कुछ,28,3
जाने,जाने,28,4
उसका,उसका,27,4
करता,करता,26,4
उस,उस,26,2
जा,जा,26,2
केवल,केवल,25,4
युद्ध,युद्ध,25,5
बार,बार,25,3
करना,करना,24,4
प्रति,प्रति,24,5
शामिल,शामिल,24,5
नये,नये,23,3
तौर,तौर,23,3
कोई,कोई,22,3
फिर,फिर,22,3
प्राप्त,प्राप्त,22,7
इसका,इसका,22,4
वहां,वहां,22,4
मैं,मैं,22,3
जिसमें,जिसमें,22,6
किए,किए,22,3
व्यक्ति,व्यक्ति,22,7
उपयोग,उपयोग,21,5
पूर्व,पूर्व,21,5
दिन,दिन,21,3
जैसे,जैसे,21,4
अमेरिका,अमेरिका,21,7
शहर,शहर,21,3
होती,होती,21,4
किसी,किसी,21,4
उन्हें,उन्हें,20,6
उन्होंने,उन्होंने,20,8
दोनों,दोनों,20,5
पास,पास,20,3
राज्य,राज्य,20,5
दक्षिण,दक्षिण,20,6
दौरान,दौरान,20,5
स्थापित,स्थापित,19,7
लोग,लोग,19,3
अन्य,अन्य,19,4
वाली,वाली,19,4
इसे,इसे,19,3
अमेरिकी,अमेरिकी,19,7
जहां,जहां,19,4
क्योंकि,क्योंकि,19,7
हालांकि,हालांकि,18,7
बताया,बताया,18,5
संबंधी,संबंधी,18,6
तरीके,तरीके,18,5
दशक,दशक,18,3
ये,ये,18,2
उनके,उनके,18,4
होगा,होगा,18,4
अभी,अभी,18,3
सकते,सकते,18,4
सरकार,सरकार,17,5
नाम,नाम,17,3
बात,बात,17,3
दुनिया,दुनिया,17,6
रही,रही,17,3
उनकी,उनकी,16,4
वाला,वाला,16,4
यदि,यदि,16,3
इन,इन,16,2
सभी,सभी,16,3
रहने,रहने,16,4
चीन,चीन,16,3
हर,हर,16,2
पूरी,पूरी,16,4
अलग,अलग,16,3
अनुसार,अनुसार,16,6
तीन,तीन,16,3
होते,होते,16,4
सकती,सकती,15,4
क्या,क्या,15,4
हम,हम,15,2
सागर,सागर,15,4
वर्षों,वर्षों,15,6
स्थित,स्थित,15,5
शताब्दी,शताब्दी,15,7
स्थान,स्थान,15,5
मैंने,मैंने,14,5
महत्वपूर्ण,महत्वपूर्ण,14,10
फिल्म,फिल्म,14,5
विशेष,विशेष,14,5
इसमें,इसमें,14,5
थीं,थीं,14,3
देने,देने,14,4
खिलाफ,खिलाफ,14,5
संभावना,संभावना,14,7
बन,बन,14,2
सेना,सेना,14,4
कभी,कभी,14,3
प्रयास,प्रयास,14,6
वृद्धि,वृद्धि,13,6
ओर,ओर,13,2
लगता,लगता,13,4
विकास,विकास,13,5
मामले,मामले,13,5
उत्तर,उत्तर,13,5
चुनाव,चुनाव,13,5
उन,उन,13,2
ईसा,ईसा,13,3
इतिहास,इतिहास,13,6
जबकि,जबकि,13,4
ब्रिटेन,ब्रिटेन,13,7
अब,अब,13,2
व्यापार,व्यापार,13,7
पहली,पहली,13,4
हूं,हूं,12,3
भारी,भारी,12,4
पुलिस,पुलिस,12,5
संख्या,संख्या,12,6
मिला,मिला,12,4
बनाने,बनाने,12,5
उत्तरी,उत्तरी,12,6
करती,करती,12,4
अक्टूबर,अक्टूबर,12,7
जारी,जारी,12,4
पैदा,पैदा,12,4
बना,बना,12,3
हिस्से,हिस्से,12,6
युग,युग,12,3
जिसे,जिसे,12,4
अपना,अपना,12,4
दिए,दिए,12,3
स्थिति,स्थिति,12,6
द्वीप,द्वीप,12,5
यात्रा,यात्रा,11,6
पानी,पानी,11,4
प्रदर्शन,प्रदर्शन,11,8
सप्ताह,सप्ताह,11,6
कब्जा,कब्जा,11,5
पता,पता,11,3
मतदान,मतदान,11,5
जीवन,जीवन,11,4
प्रमुख,प्रमुख,11,6
प्रभाव,प्रभाव,11,6
सीमा,सीमा,11,4
द,द,11,1
ट्रम्प,ट्रम्प,11,6
बाहर,बाहर,11,4
राष्ट्रीय,राष्ट्रीय,11,9
यूरोपीय,यूरोपीय,11,7
ब्रिटिश,ब्रिटिश,11,7
इसलिए,इसलिए,11,5
आया,आया,11,3
फैसला,फैसला,11,5
निर्माण,निर्माण,11,7
मिलियन,मिलियन,11,6
हमारे,हमारे,11,5
जिसका,जिसका,11,5
मुख्य,मुख्य,11,5
शुरुआत,शुरुआत,11,6
ज्यादातर,ज्यादातर,11,8
कानून,कानून,11,5
स्पष्ट,स्पष्ट,11,6
रखने,रखने,11,4
राजनीतिक,राजनीतिक,11,8
जांच,जांच,11,4
भूमध्य,भूमध्य,11,6
देशों,देशों,10,5
सम्राट,सम्राट,10,6
देखा,देखा,10,4
भूमि,भूमि,10,4
देश,देश,10,3
वापस,वापस,10,4
जाएगा,जाएगा,10,5
चाहिए,चाहिए,10,5
चार,चार,10,3
भूमिका,भूमिका,10,6
देता,देता,10,4
पार्टी,पार्टी,10,6
जाना,जाना,10,4
महिला,महिला,10,5
अनुमति,अनुमति,10,6
खत्म,खत्म,10,4
इस्तेमाल,इस्तेमाल,10,8
दिनों,दिनों,10,5
प्रथम,प्रथम,10,5
कंपनी,कंपनी,10,5
एवं,एवं,10,3
ले,ले,10,2
जिनमें,जिनमें,10,6
लगा,लगा,10,3
प्रतिनिधित्व,प्रतिनिधित्व,10,12
स्कूल,स्कूल,10,5
लड़ाई,लड़ाई,10,5
अधिक,अधिक,10,4
जैसेकि,जैसेकि,10,6
माना,माना,10,4
लागू,लागू,10,4
हिस्सा,हिस्सा,10,6
मदद,मदद,10,3
अध्ययन,अध्ययन,10,6
राष्ट्रपति,राष्ट्रपति,10,10
नदी,नदी,10,3
पुरुष,पुरुष,9,5
देते,देते,9,4
जिसके,जिसके,9,5
होगी,होगी,9,4
स्तर,स्तर,9,4
सक्षम,सक्षम,9,5
स्वतंत्र,स्वतंत्र,9,8
घोषणा,घोषणा,9,5
लगातार,लगातार,9,6
पूरा,पूरा,9,4
उनमें,उनमें,9,5
हवा,हवा,9,3
साम्राज्य,साम्राज्य,9,9
हमें,हमें,9,4
नजर,नजर,9,3
आगे,आगे,9,3
पिछले,पिछले,9,5
संबंध,संबंध,9,5
समर्थन,समर्थन,9,6
प्रदान,प्रदान,9,6
पहुंच,पहुंच,9,5
विकसित,विकसित,9,6
अच्छी,अच्छी,9,5
फ्रांस,फ्रांस,9,6
सुरक्षा,सुरक्षा,9,7
जरूरत,जरूरत,9,5
समुद्र,समुद्र,9,6
पड़ा,पड़ा,9,4
उसी,उसी,9,3
पूर्वी,पूर्वी,9,6
बाजार,बाजार,9,5
आर्थिक,आर्थिक,8,6
जिसने,जिसने,8,5
जैसी,जैसी,8,4
बताते,बताते,8,5
आधुनिक,आधुनिक,8,6
व्यवस्था,व्यवस्था,8,8
कमी,कमी,8,3
यूरोप,यूरोप,8,5
जबर्दस्त,जबर्दस्त,8,8
तैयार,तैयार,8,5
इसकी,इसकी,8,4
यहां,यहां,8,4
लौट,लौट,8,3
दक्षिणी,दक्षिणी,8,7
अंतिम,अंतिम,8,5
आस,आस,8,2
ध्यान,ध्यान,8,5
योजना,योजना,8,5
गई,गई,8,2
डेटा,डेटा,8,4
दे,दे,8,2
जिसकी,जिसकी,8,5
अभियान,अभियान,8,6
विमान,विमान,8,5
इसने,इसने,8,4
पीछे,पीछे,8,4
जर्मन,जर्मन,8,5
संधि,संधि,8,4
गीत,गीत,8,3
खुद,खुद,8,3
उम्मीद,उम्मीद,8,6
ली,ली,8,2
आवश्यक,आवश्यक,8,6
मध्य,मध्य,8,4
नीचे,नीचे,8,4
आती,आती,8,3
अप्रेल,अप्रेल,8,6
पार,पार,8,3
शायद,शायद,8,4
आज,आज,8,2
आप,आप,8,2
रोक,रोक,8,3
निवेश,निवेश,8,5
निजी,निजी,8,4
विभिन्न,विभिन्न,8,7
नया,नया,8,3
औसत,औसत,8,3
दूसरे,दूसरे,8,5
प्रतिशत,प्रतिशत,7,7
कराया,कराया,7,5
निकट,निकट,7,4
जलवायु,जलवायु,7,6
दूसरी,दूसरी,7,5
शासन,शासन,7,4
जीत,जीत,7,3
अत्यधिक,अत्यधिक,7,7
कुल,कुल,7,3
प्राकृतिक,प्राकृतिक,7,9
अक्सर,अक्सर,7,5
पूरे,पूरे,7,4
जनवरी,जनवरी,7,5
प्रत्येक,प्रत्येक,7,8
क्रान्ति,क्रान्ति,7,8
महीने,महीने,7,5
कहना,कहना,7,4
मिस्र,मिस्र,7,5
अधिकतर,अधिकतर,7,6
रूस,रूस,7,3
शो,शो,7,2
अन्तिम,अन्तिम,7,6
करके,करके,7,4
हांगकांग,हांगकांग,7,8
लेकर,लेकर,7,4
उससे,उससे,7,4
सरकारी,सरकारी,7,6
इटली,इटली,7,4
सही,सही,7,3
उपकरण,उपकरण,7,5
सहायता,सहायता,7,6
आरोप,आरोप,7,4
जाते,जाते,7,4
डि,डि,7,2
क्यों,क्यों,7,5
हाल,हाल,7,3
कलाकार,कलाकार,7,6
प्रणाली,प्रणाली,7,7
थोड़ा,थोड़ा,7,5
पुराने,पुराने,7,6
पोस्ट,पोस्ट,7,5
देगा,देगा,7,4
सुधार,सुधार,7,5
संघर्ष,संघर्ष,7,6
चला,चला,7,3
पत्नी,पत्नी,7,5
जनता,जनता,7,4
बड़ा,बड़ा,7,4
गणराज्य,गणराज्य,7,7
जन्म,जन्म,7,4
अवधि,अवधि,7,4
लगाने,लगाने,7,5
सुरक्षित,सुरक्षित,7,8
आम,आम,7,2
पश्चिम,पश्चिम,7,6
जीवित,जीवित,6,5
कहते,कहते,6,4
जिससे,जिससे,6,5
जिन्हें,जिन्हें,6,7
करें,करें,6,4
बिना,बिना,6,4
रक्षा,रक्षा,6,5
छह,छह,6,2
जाए,जाए,6,3
नयी,नयी,6,3
चीनी,चीनी,6,4
तेजी,तेजी,6,4
पेरिस,पेरिस,6,5
रखा,रखा,6,3
भाषा,भाषा,6,4
महासागर,महासागर,6,7
सेंट,सेंट,6,4
उनका,उनका,6,4
उच्च,उच्च,6,4
छोटे,छोटे,6,4
जून,जून,6,3
पृथ्वी,पृथ्वी,6,6
वोट,वोट,6,3
लौटने,लौटने,6,5
सामग्री,सामग्री,6,7
अन्तरराष्ट्रीय,अन्तरराष्ट्रीय,6,14
संगीत,संगीत,6,5
बच्चों,बच्चों,6,6
आधारित,आधारित,6,6
क्लिंटन,क्लिंटन,6,7
रिकॉर्ड,रिकॉर्ड,6,7
अफ्रीका,अफ्रीका,6,7
पद,पद,6,2
एकत्र,एकत्र,6,5
खेल,खेल,6,3
दिखाई,दिखाई,6,5
कानूनी,कानूनी,6,6
अधिकारियों,अधिकारियों,6,10
स्थानीय,स्थानीय,6,7
लम्बे,लम्बे,6,5
लेने,लेने,6,4
अल्बानिया,अल्बानिया,6,9
नेतृत्व,नेतृत्व,6,7
परिवर्तन,परिवर्तन,6,8
यूरो,यूरो,6,4
विषय,विषय,6,4
सुविधा,सुविधा,6,6
महज,महज,6,3
उल्लेखनीय,उल्लेखनीय,6,9
वजह,वजह,6,3
देखना,देखना,6,5
स्थल,स्थल,6,4
व्यवहार,व्यवहार,6,7
अनुमान,अनुमान,6,6
दस,दस,6,2
विकल्प,विकल्प,6,6
यूनान,यूनान,6,5
इससे,इससे,6,4
आस्ट्रेलिया,आस्ट्रेलिया,6,11
ए,ए,6,1
करेंगे,करेंगे,6,6
कार्यक्रम,कार्यक्रम,6,9
बजाय,बजाय,6,4
मान्यता,मान्यता,6,7
मिल,मिल,6,3
संपर्क,संपर्क,6,6
रंग,रंग,6,3
मूल,मूल,6,3
मिलकर,मिलकर,6,5
संदर्भ,संदर्भ,6,6
बगैर,बगैर,6,4
एल्बम,एल्बम,6,5
टीम,टीम,6,3
करेगा,करेगा,6,5
संयुक्त,संयुक्त,6,7
अस्पष्ट,अस्पष्ट,6,7
शीर्ष,शीर्ष,6,5
बड़ी,बड़ी,6,4
बच्चे,बच्चे,6,5
पक्ष,पक्ष,6,4
मात्रा,मात्रा,6,6
घोषित,घोषित,6,5
आने,आने,6,3
जिन्होंने,जिन्होंने,6,9
अनुबंध,अनुबंध,6,6
स्पेनिश,स्पेनिश,6,7
तीसरे,तीसरे,6,5
शहरों,शहरों,5,5
अगस्त,अगस्त,5,5
संदिग्ध,संदिग्ध,5,7
बैंक,बैंक,5,4
राजवंश,राजवंश,5,6
हमला,हमला,5,4
रोना,रोना,5,4
पहला,पहला,5,4
खर्च,खर्च,5,4
पुरानी,पुरानी,5,6
दोस्त,दोस्त,5,5
भेजा,भेजा,5,4
प्रयोग,प्रयोग,5,6
घटना,घटना,5,4
चुके,चुके,5,4
क्विंग,क्विंग,5,6
पतन,पतन,5,3
जगह,जगह,5,3
संस्करण,संस्करण,5,7
मैक्सिको,मैक्सिको,5,8
तट,तट,5,2
मंगोलिया,मंगोलिया,5,8
मेरे,मेरे,5,4
स्पेन,स्पेन,5,5
सन,सन,5,2
कार्य,कार्य,5,5
पत्र,पत्र,5,4
तत्व,तत्व,5,4
आखिरकार,आखिरकार,5,7
सर्वाधिक,सर्वाधिक,5,8
सामाजिक,सामाजिक,5,7
इलाके,इलाके,5,5
प्रदर्शित,प्रदर्शित,5,9
तिथि,तिथि,5,4
केन्द्रित,केन्द्रित,5,9
कार,कार,5,3
पैटर्न,पैटर्न,5,6
सितम्बर,सितम्बर,5,7
ट्यूमर,ट्यूमर,5,6
मांग,मांग,5,4
इंटरनेट,इंटरनेट,5,7
जुलाई,जुलाई,5,5
धार्मिक,धार्मिक,5,7
सार्वजनिक,सार्वजनिक,5,9
सीमित,सीमित,5,5
सांसदों,सांसदों,5,7
अधिकारी,अधिकारी,5,7
चर्चा,चर्चा,5,5
मौजूद,मौजूद,5,5
दर,दर,5,2
डोनाल्ड,डोनाल्ड,5,7
फिल्मों,फिल्मों,5,7
दूर,दूर,5,3
जाती,जाती,5,4
सर्दी,सर्दी,5,5
मौसम,मौसम,5,4
निवास,निवास,5,5
आई,आई,5,2
चीज,चीज,5,3
तुरंत,तुरंत,5,5
सामना,सामना,5,5
बहस,बहस,5,3
पहचान,पहचान,5,5
डिज्नी,डिज्नी,5,6
सुबह,सुबह,5,4
बदलाव,बदलाव,5,5
खोल,खोल,5,3
आय,आय,5,2
आकार,आकार,5,4
सेट,सेट,5,3
लगाया,लगाया,5,5
नवम्बर,नवम्बर,5,6
यही,यही,5,3
आबादी,आबादी,5,5
बिलियन,बिलियन,5,6
मतलब,मतलब,5,4
संघीय,संघीय,5,5
आपको,आपको,5,4
भर,भर,5,2
आवाज,आवाज,5,4
रिपोर्ट,रिपोर्ट,5,7
देती,देती,5,4
अतिरिक्त,अतिरिक्त,5,8
स्वतंत्रता,स्वतंत्रता,5,10
तहत,तहत,5,3
ला,ला,5,2
हत्या,हत्या,5,5
उम्र,उम्र,5,4
राष्ट्र,राष्ट्र,5,7
कैसे,कैसे,5,4
साहित्य,साहित्य,5,7
सहायक,सहायक,5,5
अलावा,अलावा,5,5
कैरेबियाई,कैरेबियाई,5,9
रोम,रोम,5,3
हमेशा,हमेशा,5,5
शिक्षा,शिक्षा,5,6
जानकारी,जानकारी,5,7
आलोचना,आलोचना,5,6
एशिया,एशिया,5,5
प्रत्यक्ष,प्रत्यक्ष,5,9
लिखा,लिखा,5,4
निचले,निचले,5,5
कंपनियों,कंपनियों,5,8
निर्भर,निर्भर,5,6
भुगतान,भुगतान,5,6
महान,महान,5,4
छोड़,छोड़,5,4
स्वीकार,स्वीकार,5,7
निवेशकों,निवेशकों,5,8
पांच,पांच,5,4
पाया,पाया,5,4
राजा,राजा,5,4
बनाया,बनाया,5,5
सैन्य,सैन्य,5,5
गर्मी,गर्मी,4,5
मुक्त,मुक्त,4,5
जनसंख्या,जनसंख्या,4,8
मंत्री,मंत्री,4,6
जवाब,जवाब,4,4
विंस्टन,विंस्टन,4,7
दिवालिया,दिवालिया,4,8
मिले,मिले,4,4
बावजूद,बावजूद,4,6
उपलब्ध,उपलब्ध,4,6
लड़की,लड़की,4,5
सामने,सामने,4,5
धोखाधड़ी,धोखाधड़ी,4,8
वक्त,वक्त,4,4
सीनेट,सीनेट,4,5
तुर्की,तुर्की,4,6
तेज,तेज,4,3
सिद्धान्त,सिद्धान्त,4,9
सीमाओं,सीमाओं,4,6
विरोध,विरोध,4,5
मेल,मेल,4,3
अफीम,अफीम,4,4
दूसरा,दूसरा,4,5
सक्रिय,सक्रिय,4,6
वास्तविक,वास्तविक,4,8
उदाहरण,उदाहरण,4,6
इतना,इतना,4,4
संक्रमण,संक्रमण,4,7
पद्धति,पद्धति,4,6
विश्व,विश्व,4,5
विस्तार,विस्तार,4,7
शक्तियों,शक्तियों,4,8
विभाग,विभाग,4,5
संभव,संभव,4,4
रुख,रुख,4,3
निभाई,निभाई,4,5
लंदन,लंदन,4,4
प्रकाशित,प्रकाशित,4,8
स्वस्थ,स्वस्थ,4,6
वनस्पति,वनस्पति,4,7
खान,खान,4,3
सटीक,सटीक,4,4
अच्छे,अच्छे,4,5
पहने,पहने,4,4
ग्रेट,ग्रेट,4,5
सत्ता,सत्ता,4,5
पसंद,पसंद,4,4
सके,सके,4,3
मॉडल,मॉडल,4,4
चलता,चलता,4,4
सरल,सरल,4,3
सुश्री,सुश्री,4,6
चुकी,चुकी,4,4
न,न,4,1
उद्योग,उद्योग,4,6
अन्तर,अन्तर,4,5
खुले,खुले,4,4
फराओ,फराओ,4,4
अनुभव,अनुभव,4,5
हाथ,हाथ,4,3
स्वास्थ्य,स्वास्थ्य,4,9
आता,आता,4,3
जानता,जानता,4,5
दबाव,दबाव,4,4
संघ,संघ,4,3
छोड़ने,छोड़ने,4,6
खोज,खोज,4,3
दिसम्बर,दिसम्बर,4,7
वर्षीय,वर्षीय,4,6
खड़े,खड़े,4,4
रिपब्लिकन,रिपब्लिकन,4,9
सम्मेलन,सम्मेलन,4,7
कहां,कहां,4,4
पोलोनियम,पोलोनियम,4,8
धारा,धारा,4,4
पार्क,पार्क,4,5
अभिनय,अभिनय,4,5
कला,कला,4,3
घर,घर,4,2
साक्षात्कार,साक्षात्कार,4,11
वीडियो,वीडियो,4,6
दर्ज,दर्ज,4,4
प्रकार,प्रकार,4,6
व्यक्त,व्यक्त,4,6
योग्य,योग्य,4,5
बल,बल,4,2
इनकार,इनकार,4,5
विश्वविद्यालय,विश्वविद्यालय,4,13
होंगे,होंगे,4,5
विचारों,विचारों,4,7
महाद्वीप,महाद्वीप,4,8
ओंटेरियो,ओंटेरियो,4,8
गाने,गाने,4,4
होना,होना,4,4
भाई,भाई,4,3
एस्टेट,एस्टेट,4,6
रियल,रियल,4,4
विनाश,विनाश,4,5
रह,रह,4,2
लॉर्ड,लॉर्ड,4,5
पड़,पड़,4,3
अच्छा,अच्छा,4,5
तस्वीरों,तस्वीरों,4,8
जर्मनी,जर्मनी,4,6
अविश्वसनीय,अविश्वसनीय,4,10
खिलाड़ी,खिलाड़ी,4,7
बड़े,बड़े,4,4
मीडिया,मीडिया,4,6
सात,सात,4,3
जीतने,जीतने,4,5
बीजिंग,बीजिंग,4,6
मारे,मारे,4,4
खाते,खाते,4,4
एजेंट,एजेंट,4,5
न्यू,न्यू,4,4
निशाना,निशाना,4,6
लाइन,लाइन,4,4
अफ्रीकी,अफ्रीकी,4,7
जहाज,जहाज,4,4
अधिकार,अधिकार,4,6
सेनाओं,सेनाओं,4,6
निगरानी,निगरानी,4,7
जोसफ,जोसफ,4,4
रहती,रहती,4,4
सफलता,सफलता,4,5
जिसपर,जिसपर,4,5
दर्शकों,दर्शकों,4,7
हद,हद,4,2
पैसे,पैसे,4,4
निर्देशक,निर्देशक,4,8
चर्च,चर्च,4,4
प्रेरित,प्रेरित,4,7
डेनिश,डेनिश,4,5
काफी,काफी,4,4
बीबीसी,बीबीसी,4,6
युवा,युवा,4,4
नियंत्रण,नियंत्रण,4,8
कौन,कौन,4,3
लाभ,लाभ,4,3
समीक्षा,समीक्षा,4,7
क्षेत्रों,क्षेत्रों,4,9
रोमन,रोमन,4,4
इलाकों,इलाकों,4,6
विश्लेषण,विश्लेषण,4,8
समूह,समूह,4,4
आग्रह,आग्रह,4,5
लागत,लागत,4,4
सहित,सहित,4,4
सीगल,सीगल,4,4
एजेंसी,एजेंसी,4,6
स्मार्टफोन,स्मार्टफोन,4,10
जमीन,जमीन,4,4
ओलम्पिक,ओलम्पिक,4,7
धर्म,धर्म,4,4
हासिल,हासिल,4,5
अर्थव्यवस्था,अर्थव्यवस्था,4,12
पूर्ण,पूर्ण,4,5
होकर,होकर,4,4
तकनीक,तकनीक,4,5
यूनियन,यूनियन,4,6
बाध्य,बाध्य,4,5
पुरस्कार,पुरस्कार,4,8
खेलों,खेलों,4,5
बने,बने,4,3
प्राचीन,प्राचीन,4,7
नंबर,नंबर,4,4
सफल,सफल,4,3
अवस्था,अवस्था,4,6
शुल्क,शुल्क,4,5
जाएगी,जाएगी,4,5
विद्रोह,विद्रोह,4,7
परिणामस्वरूप,परिणामस्वरूप,4,12
परम्परा,परम्परा,4,7
हिस्सों,हिस्सों,4,7
नाटक,नाटक,4,4
ब्रांड,ब्रांड,4,6
बनाए,बनाए,4,4
विचार,विचार,4,5
समाधान,समाधान,4,6
कैमरून,कैमरून,4,6
उचित,उचित,4,4
शान्ति,शान्ति,4,6
मकदूनिया,मकदूनिया,4,8
आसान,आसान,4,4
फ्रांसीसी,फ्रांसीसी,4,9
सैनिक,सैनिक,4,5
मानना,मानना,4,5
प्रवक्ता,प्रवक्ता,4,8
ईस्वी,ईस्वी,4,5
गर्मियों,गर्मियों,4,8
बेटी,बेटी,4,4
डेनेविर्के,डेनेविर्के,4,10
जबर्द्स्त,जबर्द्स्त,4,9
वित्तीय,वित्तीय,4,7
एकेमेनिड,एकेमेनिड,4,8
कैरियर,कैरियर,4,6
समुद्री,समुद्री,4,7
शब्द,शब्द,4,4
परिवार,परिवार,4,6
बेहतर,बेहतर,4,5
नागरिक,नागरिक,4,6
प्रसार,प्रसार,3,6
संकट,संकट,3,4
राजाओं,राजाओं,3,6
निर्माता,निर्माता,3,8
परेड,परेड,3,4
कण,कण,3,2
प्रतिद्वंद्वी,प्रतिद्वंद्वी,3,13
शक्तिशाली,शक्तिशाली,3,9
इमारत,इमारत,3,5
तथा,तथा,3,3
सूची,सूची,3,4
लेता,लेता,3,4
सामान्य,सामान्य,3,7
अल,अल,3,2
चिंतित,चिंतित,3,6
रखना,रखना,3,4
समस्या,समस्या,3,6
गोल्फ,गोल्फ,3,5
चिंता,चिंता,3,5
एंडीज,एंडीज,3,5
मे,मे,3,2
बोड,बोड,3,3
मेयर,मेयर,3,4
चन्द्रमा,चन्द्रमा,3,8
क्यूरी,क्यूरी,3,6
पूंजी,पूंजी,3,5
आयरन,आयरन,3,4
खारिज,खारिज,3,5
मृत,मृत,3,3
विद्वानों,विद्वानों,3,9
परिषद,परिषद,3,5
बिताए,बिताए,3,5
आतंक,आतंक,3,4
देर,देर,3,3
कार्यस्थल,कार्यस्थल,3,9
सदस्यों,सदस्यों,3,7
एंटोनियो,एंटोनियो,3,8
संस्थान,संस्थान,3,7
तूफान,तूफान,3,5
बनाकर,बनाकर,3,5
अंटार्कटिक,अंटार्कटिक,3,10
घटनाक्रम,घटनाक्रम,3,8
पारम्परिक,पारम्परिक,3,9
जिम्मेदार,जिम्मेदार,3,9
आते,आते,3,3
आस्ट्रेलियाई,आस्ट्रेलियाई,3,12
जॉन,जॉन,3,3
खेद,खेद,3,3
पाना,पाना,3,4
समान,समान,3,4
चुनौतियों,चुनौतियों,3,9
शेन,शेन,3,3
उद्देश्य,उद्देश्य,3,8
चैपल,चैपल,3,4
प्रश्न,प्रश्न,3,6
मामलों,मामलों,3,6
पत्थर,पत्थर,3,5
जरूरतों,जरूरतों,3,7
जिलों,जिलों,3,5
नहर,नहर,3,3
थ्रेस,थ्रेस,3,5
मिलाकर,मिलाकर,3,6
अनुसंधान,अनुसंधान,3,8
नष्ट,नष्ट,3,4
लीटर,लीटर,3,4
सैनिकों,सैनिकों,3,7
इस्लामी,इस्लामी,3,7
ग्रीक,ग्रीक,3,5
वोटों,वोटों,3,5
आधिकारिक,आधिकारिक,3,8
कीं,कीं,3,3
नियंत्रित,नियंत्रित,3,9
बाल्कन,बाल्कन,3,6
मिली,मिली,3,4
अन्त,अन्त,3,4
टिप्पणी,टिप्पणी,3,7
संरचना,संरचना,3,6
प्रशान्त,प्रशान्त,3,8
व्यापक,व्यापक,3,6
अभिजात्य,अभिजात्य,3,8
निर्मित,निर्मित,3,7
केशा,केशा,3,4
जापानी,जापानी,3,6
मार्गरेट,मार्गरेट,3,8
समस्याओं,समस्याओं,3,8
न्यायिक,न्यायिक,3,7
असाधारण,असाधारण,3,7
थाई,थाई,3,3
बरसात,बरसात,3,5
नगर,नगर,3,3
इतिहासकार,इतिहासकार,3,9
राइट,राइट,3,4
समर्पण,समर्पण,3,6
फूट,फूट,3,3
मकदूनियाई,मकदूनियाई,3,9
सचेत,सचेत,3,4
गाइड,गाइड,3,4
संचालित,संचालित,3,7
महीनों,महीनों,3,6
लिखे,लिखे,3,4
भारतीय,भारतीय,3,6
अधीन,अधीन,3,4
आइसलैंड,आइसलैंड,3,7
जैसाकि,जैसाकि,3,6
मई,मई,3,2
पड़ने,पड़ने,3,5
औद्योगिक,औद्योगिक,3,8
कोलम्बस,कोलम्बस,3,7
एपिसोड,एपिसोड,3,6
सीएनएन,सीएनएन,3,6
आल्पस,आल्पस,3,5
मार्च,मार्च,3,5
रूसी,रूसी,3,4
हिचकॉक,हिचकॉक,3,6
पाम,पाम,3,3
चल,चल,3,2
मोर्चों,मोर्चों,3,7
पर्याप्त,पर्याप्त,3,8
दिखाया,दिखाया,3,6
प्रशिक्षण,प्रशिक्षण,3,9
डिजाइन,डिजाइन,3,6
आकर्षित,आकर्षित,3,7
प्रस्ताव,प्रस्ताव,3,8
बाहरी,बाहरी,3,5
कीमत,कीमत,3,4
यद्यपि,यद्यपि,3,6
स्विट्जरलैंड,स्विट्जरलैंड,3,12
सलाह,सलाह,3,4
फैसले,फैसले,3,5
यहूदी,यहूदी,3,5
निकाला,निकाला,3,6
फिलिप,फिलिप,3,5
खर्चों,खर्चों,3,6
प्रबंधन,प्रबंधन,3,7
प्रस्तुत,प्रस्तुत,3,8
बांड,बांड,3,4
शत्रुओं,शत्रुओं,3,7
निवेशक,निवेशक,3,6
जिनकी,जिनकी,3,5
चयन,चयन,3,3
नुकसान,नुकसान,3,6
प्रावधानों,प्रावधानों,3,10
आए,आए,3,2
उपनिवेशों,उपनिवेशों,3,9
घुड़सवार,घुड़सवार,3,8
हेनरी,हेनरी,3,5
जोर,जोर,3,3
शपथ,शपथ,3,3
हल्के,हल्के,3,5
जानवर,जानवर,3,5
हस्तक्षेप,हस्तक्षेप,3,9
महिलाएं,महिलाएं,3,7
मृत्यु,मृत्यु,3,6
वर्णमाला,वर्णमाला,3,8
अनुचित,अनुचित,3,6
निकल,निकल,3,4
द्वितीय,द्वितीय,3,7
जनरल,जनरल,3,4
रोमा,रोमा,3,4
हटा,हटा,3,3
आयोजित,आयोजित,3,6
पोस्टर,पोस्टर,3,6
पश्चिमी,पश्चिमी,3,7
हार,हार,3,3
मार्टिन,मार्टिन,3,7
आक्रमण,आक्रमण,3,6
थोड़ी,थोड़ी,3,5
जितना,जितना,3,5
गाद,गाद,3,3
निश्चित,निश्चित,3,7
शुष्क,शुष्क,3,5
कमान,कमान,3,4
साफ,साफ,3,3
बुरी,बुरी,3,4
जोखिम,जोखिम,3,5
टकराव,टकराव,3,5
अंत,अंत,3,3
पालन,पालन,3,4
चाहता,चाहता,3,5
नामांकन,नामांकन,3,7
समृद्ध,समृद्ध,3,6
रेफर्टी,रेफर्टी,3,7
हेरेड,हेरेड,3,5
बाकी,बाकी,3,4
स्टीफन,स्टीफन,3,6
भविष्य,भविष्य,3,6
चालक,चालक,3,4
क्रिस्टोफर,क्रिस्टोफर,3,10
सदस्य,सदस्य,3,5
शुरुआती,शुरुआती,3,7
घंटे,घंटे,3,4
दावा,दावा,3,4
युगों,युगों,3,5
डीजल,डीजल,3,4
छात्रों,छात्रों,3,7
माया,माया,3,4
हाउस,हाउस,3,4
विभाजित,विभाजित,3,7
कोशिश,कोशिश,3,5
रिचर्ड,रिचर्ड,3,6
बरती,बरती,3,4
कहानी,कहानी,3,5
वैलेंटिनो,वैलेंटिनो,3,9
खासकर,खासकर,3,5
शादी,शादी,3,4
बुरे,बुरे,3,4
वालों,वालों,3,5
बाजारों,बाजारों,3,7
ब्लंट,ब्लंट,3,5
किपलिंग,किपलिंग,3,7
मिशिमा,मिशिमा,3,6
कौशल,कौशल,3,4
गिनी,गिनी,3,4
समुदायों,समुदायों,3,8
नौकरी,नौकरी,3,5
रहते,रहते,3,4
जॉर्ज,जॉर्ज,3,5
पारिवारिक,पारिवारिक,3,9
तृतीय,तृतीय,3,5
समाचार,समाचार,3,6
कैथोलिक,कैथोलिक,3,7
बेशक,बेशक,3,4
विपरीत,विपरीत,3,6
जैस्मिन,जैस्मिन,3,7
इतनी,इतनी,3,4
खराब,खराब,3,4
यूनानी,यूनानी,3,6
सीखने,सीखने,3,5
दिल,दिल,3,3
तुलना,तुलना,3,5
कप,कप,3,2
नियुक्त,नियुक्त,3,7
इच्छा,इच्छा,3,5
चैम्पियन,चैम्पियन,3,8
रेस,रेस,3,3
भोजन,भोजन,3,4
इंग्लैंड,इंग्लैंड,3,8
पापुआ,पापुआ,3,5
देखने,देखने,3,5
मौत,मौत,3,3
घंटों,घंटों,3,5
छोड़कर,छोड़कर,3,6
स्रोत,स्रोत,3,5
रविवार,रविवार,3,6
गहराई,गहराई,3,5
कृषि,कृषि,3,4
मौजूदा,मौजूदा,3,6
आपस,आपस,3,3
अयोग्य,अयोग्य,3,6
ईमेल,ईमेल,3,4
हमने,हमने,3,4
पार्टियों,पार्टियों,3,9
जिम्मेदारी,जिम्मेदारी,3,10
बाल,बाल,3,3
निर्धारण,निर्धारण,3,8
डिग्री,डिग्री,3,6
हमारी,हमारी,3,5
सतह,सतह,3,3
प्रतिस्पर्धा,प्रतिस्पर्धा,3,12
श्रीमान,श्रीमान,3,7
सहयोगी,सहयोगी,3,6
वो,वो,3,2
अध्यक्ष,अध्यक्ष,3,7
तस्वीर,तस्वीर,3,6
पर्यावरण,पर्यावरण,3,8
प्रभावित,प्रभावित,3,8
एसोसिएशन,एसोसिएशन,3,8
दिशा,दिशा,3,4
स्टेशन,स्टेशन,3,6
टेक्नोलॉजी,टेक्नोलॉजी,3,10
गहरी,गहरी,3,4
कार्यकाल,कार्यकाल,3,8
हटाने,हटाने,3,5
समूहों,समूहों,3,6
लक्ष्य,लक्ष्य,3,6
भेजने,भेजने,3,5
इसी,इसी,3,3
अकेला,अकेला,3,5
मारने,मारने,3,5
अंतरिक्ष,अंतरिक्ष,3,8
बातचीत,बातचीत,3,6
परिणाम,परिणाम,3,6
सीधे,सीधे,3,4
किस्मत,किस्मत,3,6
खुलासा,खुलासा,3,6
राय,राय,3,3
जरिए,जरिए,3,4
डालने,डालने,3,5
वास्तव,वास्तव,3,6
अधिकतम,अधिकतम,3,6
सीमाएं,सीमाएं,3,6
जैसा,जैसा,3,4
मैदान,मैदान,3,5
प्रौद्योगिकी,प्रौद्योगिकी,3,12
व्यक्तियों,व्यक्तियों,3,10
यकीन,यकीन,3,4
शरीर,शरीर,3,4
अपेक्षा,अपेक्षा,3,7
कनाडा,कनाडा,3,5
यात्रियों,यात्रियों,3,9
लगाते,लगाते,3,5
चरण,चरण,3,3
बीजों,बीजों,3,5
ग्राहक,ग्राहक,3,6
मंगलवार,मंगलवार,3,7
तथाकथित,तथाकथित,3,7
अवसर,अवसर,3,4
पड़ता,पड़ता,3,5
वैश्विक,वैश्विक,3,7
तरफ,तरफ,3,3
हों,हों,3,3
राजधानी,राजधानी,3,7
जनमत,जनमत,3,4
बता,बता,3,3
कार्बन,कार्बन,3,6
पिछली,पिछली,3,5
प्रवेश,प्रवेश,3,6
देख,देख,3,3
लगे,लगे,3,3
बंद,बंद,3,3
कोड,कोड,3,3
फोन,फोन,3,3
घटनाओं,घटनाओं,3,6
ट्विटर,ट्विटर,3,6
घरेलू,घरेलू,3,5
चाहे,चाहे,3,4
वर्ग,वर्ग,3,4
स्ट्रीट,स्ट्रीट,3,7
भारत,भारत,3,4
एजेंटों,एजेंटों,3,7
बनने,बनने,3,4
जीता,जीता,3,4
ग्राहकों,ग्राहकों,3,8
बदल,बदल,3,3
वर्तमान,वर्तमान,3,7
कार्रवाई,कार्रवाई,3,8
वाशिंगटन,वाशिंगटन,3,8
उत्सर्जन,उत्सर्जन,3,8
उन्नति,उन्नति,3,6
जिले,जिले,3,4
सोचा,सोचा,3,4
डिजिटल,डिजिटल,3,6
दादी,दादी,3,4
आश्चर्यजनक,आश्चर्यजनक,3,10
फिनिश,फिनिश,2,5
खुफिया,खुफिया,2,6
लुई,लुई,2,3
मोजमिर,मोजमिर,2,6
नॉर्वे,नॉर्वे,2,6
सम्मान,सम्मान,2,6
मोरिविया,मोरिविया,2,8
बर्बाद,बर्बाद,2,6
समर्पित,समर्पित,2,7
आवश्यकता,आवश्यकता,2,8
प्रयोजन,प्रयोजन,2,7
प्रचुर,प्रचुर,2,6
अगले,अगले,2,4
तैयारी,तैयारी,2,6
विवाह,विवाह,2,5
सामी,सामी,2,4
वेल्स,वेल्स,2,5
प्रक्रिया,प्रक्रिया,2,9
वर्गीकरण,वर्गीकरण,2,8
वायु,वायु,2,4
पिंड,पिंड,2,4
उड्डयन,उड्डयन,2,6
स्वाभाविक,स्वाभाविक,2,9
देखे,देखे,2,4
महत्वाकांक्षाओं,महत्वाकांक्षाओं,2,15
जातीय,जातीय,2,5
मोराविया,मोराविया,2,8
संदेश,संदेश,2,5
तटवर्ती,तटवर्ती,2,7
सवाल,सवाल,2,4
रियासत,रियासत,2,6
स्लोवाकिया,स्लोवाकिया,2,10
आस्ट्रिया,आस्ट्रिया,2,9
दुर्भाग्यवश,दुर्भाग्यवश,2,11
परियोजनाओं,परियोजनाओं,2,10
मुख्यालय,मुख्यालय,2,8
विशेषता,विशेषता,2,7
बिन्दु,बिन्दु,2,6
केन्द्र,केन्द्र,2,7
प्रवाहित,प्रवाहित,2,8
हल्की,हल्की,2,5
समानांतर,समानांतर,2,8
आकृति,आकृति,2,5
चेतावनी,चेतावनी,2,7
प्रतिक्रिया,प्रतिक्रिया,2,11
युक्रेन,युक्रेन,2,7
डेल्टा,डेल्टा,2,6
परिवहन,परिवहन,2,6
डेन्यूब,डेन्यूब,2,7
कब्जे,कब्जे,2,5
एयरलाइन,एयरलाइन,2,7
कंसास,कंसास,2,5
चुका,चुका,2,4
हटने,हटने,2,4
फसल,फसल,2,3
पहुंचा,पहुंचा,2,6
सेल,सेल,2,3
शहरीकरण,शहरीकरण,2,7
तंत्र,तंत्र,2,5
पारिस्थितिकी,पारिस्थितिकी,2,12
प्रदूषण,प्रदूषण,2,7
थॉमस,थॉमस,2,4
तराई,तराई,2,4
सामान्यतया,सामान्यतया,2,10
काला,काला,2,4
बिजली,बिजली,2,5
समतल,समतल,2,4
पनबिजली,पनबिजली,2,7
बहरहाल,बहरहाल,2,6
सटे,सटे,2,3
बनाती,बनाती,2,5
अरबी,अरबी,2,4
श्रम,श्रम,2,4
बुनियादी,बुनियादी,2,8
एकीकृत,एकीकृत,2,6
अनुयायी,अनुयायी,2,7
सुपर,सुपर,2,4
इस्लाम,इस्लाम,2,6
माउंट,माउंट,2,5
साहेल,साहेल,2,5
प्रायोजन,प्रायोजन,2,8
ताजा,ताजा,2,4
विघटित,विघटित,2,6
डाई,डाई,2,3
परिवेश,परिवेश,2,6
भिन्न,भिन्न,2,5
आयुवर्ग,आयुवर्ग,2,7
सहारा,सहारा,2,5
निकाल,निकाल,2,5
नियम,नियम,2,4
धनी,धनी,2,3
पेय,पेय,2,3
वाइन,वाइन,2,4
शराब,शराब,2,4
लैगून,लैगून,2,5
पेशकश,पेशकश,2,5
रेगिस्तान,रेगिस्तान,2,9
काल,काल,2,3
इनकी,इनकी,2,4
संस्कृतियों,संस्कृतियों,2,11
मार्ग,मार्ग,2,5
कितनी,कितनी,2,5
सभ्यताएं,सभ्यताएं,2,8
उपनिवेश,उपनिवेश,2,7
विजेता,विजेता,2,6
लोकप्रिय,लोकप्रिय,2,8
चुना,चुना,2,4
यातायात,यातायात,2,7
निपुण,निपुण,2,5
कदम,कदम,2,3
क्रान्तिकारी,क्रान्तिकारी,2,12
कचरा,कचरा,2,4
अर्थदण्ड,अर्थदण्ड,2,8
महासागरों,महासागरों,2,9
रात,रात,2,3
जूते,जूते,2,4
गिरावट,गिरावट,2,6
पूछा,पूछा,2,4
बांड्स,बांड्स,2,6
खातों,खातों,2,5
बचत,बचत,2,3
वापसी,वापसी,2,5
आंख,आंख,2,3
लैस,लैस,2,3
नजरिए,नजरिए,2,5
चिकित्सक,चिकित्सक,2,8
डॉस,डॉस,2,3
मामला,मामला,2,5
टार्लो,टार्लो,2,6
असर,असर,2,3
ड्रामा,ड्रामा,2,6
रसायन,रसायन,2,5
दशकों,दशकों,2,5
सिनेमा,सिनेमा,2,6
बनाई,बनाई,2,4
गणना,गणना,2,4
गिरा,गिरा,2,4
मुद्दों,मुद्दों,2,7
समूचे,समूचे,2,5
टेलीविजन,टेलीविजन,2,8
प्रीमियम,प्रीमियम,2,8
टैरिफ,टैरिफ,2,5
वैसे,वैसे,2,4
घायल,घायल,2,4
मर,मर,2,2
लहर,लहर,2,3
प्रेस,प्रेस,2,5
तू,तू,2,2
लेना,लेना,2,4
ग्रहण,ग्रहण,2,5
सूचना,सूचना,2,5
इसपर,इसपर,2,4
पत्तियां,पत्तियां,2,8
बजे,बजे,2,3
व्हील,व्हील,2,5
प्लेटफॉर्म,प्लेटफॉर्म,2,10
छोटा,छोटा,2,4
ट्रेन,ट्रेन,2,5
मेरा,मेरा,2,4
चाहती,चाहती,2,5
यहीं,यहीं,2,4
मैच,मैच,2,3
रास्ता,रास्ता,2,6
उपभोक्ता,उपभोक्ता,2,8
व्यापारिक,व्यापारिक,2,9
गिटार,गिटार,2,5
वादक,वादक,2,4
विंटरकॉर्न,विंटरकॉर्न,2,10
सूदूर,सूदूर,2,5
कार्यकारी,कार्यकारी,2,9
मूल्य,मूल्य,2,5
निपटने,निपटने,2,6
सर्वेक्षण,सर्वेक्षण,2,9
आश्चर्य,आश्चर्य,2,7
एंडी,एंडी,2,4
गंवा,गंवा,2,4
अंक,अंक,2,3
हथियारों,हथियारों,2,8
मन,मन,2,2
अनाज,अनाज,2,4
मजाक,मजाक,2,4
मीटर,मीटर,2,4
गति,गति,2,3
जापान,जापान,2,5
अनाया,अनाया,2,5
गोंजालेज,गोंजालेज,2,8
कार्सन,कार्सन,2,6
मानता,मानता,2,5
वास्तुकला,वास्तुकला,2,9
योगदान,योगदान,2,6
स्नोमैन,स्नोमैन,2,7
खिलाड़ियों,खिलाड़ियों,2,10
चली,चली,2,3
टूर्नामेंट,टूर्नामेंट,2,10
कोरिया,कोरिया,2,6
आयोजन,आयोजन,2,5
प्योंग्यांग,प्योंग्यांग,2,11
संपूर्ण,संपूर्ण,2,7
व्यवधान,व्यवधान,2,7
वेबसाइटों,वेबसाइटों,2,9
एथेंस,एथेंस,2,5
सदी,सदी,2,3
पांचवी,पांचवी,2,6
स्पॉटिफाई,स्पॉटिफाई,2,9
ज्वालामुखी,ज्वालामुखी,2,10
समेत,समेत,2,4
योजनाओं,योजनाओं,2,7
उत्सव,उत्सव,2,5
एकदम,एकदम,2,4
सोना,सोना,2,4
स्तरों,स्तरों,2,6
जिन्दा,जिन्दा,2,6
अर्थ,अर्थ,2,4
शेष,शेष,2,3
कार्लोस,कार्लोस,2,7
जमा,जमा,2,3
निर्णायक,निर्णायक,2,8
प्रकाश,प्रकाश,2,6
प्रवृत्ति,प्रवृत्ति,2,9
लिंक,लिंक,2,4
लेते,लेते,2,4
कितने,कितने,2,5
वैध,वैध,2,3
हाईकोर्ट,हाईकोर्ट,2,8
जटिंग,जटिंग,2,5
चीजों,चीजों,2,5
टिप्पणियों,टिप्पणियों,2,10
चैट,चैट,2,3
कहती,कहती,2,4
परेशानी,परेशानी,2,7
कॉटन,कॉटन,2,4
किस्म,किस्म,2,5
मानवीय,मानवीय,2,6
सीरीज,सीरीज,2,5
मौका,मौका,2,4
शिक्षकों,शिक्षकों,2,8
बनाना,बनाना,2,5
अस्तित्व,अस्तित्व,2,8
मुकाबले,मुकाबले,2,7
परिवर्तनों,परिवर्तनों,2,10
प्रकृति,प्रकृति,2,7
रहेगा,रहेगा,2,5
हमारा,हमारा,2,5
दोस्तों,दोस्तों,2,7
तभी,तभी,2,3
प्रशंसक,प्रशंसक,2,7
छुट्टी,छुट्टी,2,6
उगाए,उगाए,2,4
पौधों,पौधों,2,5
प्रिय,प्रिय,2,5
सरकारों,सरकारों,2,7
मोटरसाइकिल,मोटरसाइकिल,2,10
रॉकेट,रॉकेट,2,5
क्षमता,क्षमता,2,6
पॉवर,पॉवर,2,4
केपटाउन,केपटाउन,2,7
अलास्का,अलास्का,2,7
कार्ड,कार्ड,2,5
चतुर्थ,चतुर्थ,2,6
यॉर्क,यॉर्क,2,5
सीजन,सीजन,2,4
डिस्क,डिस्क,2,5
नमूने,नमूने,2,5
प्रयोगशाला,प्रयोगशाला,2,10
जोलियट,जोलियट,2,6
सड़क,सड़क,2,4
गोली,गोली,2,4
निरूपण,निरूपण,2,6
संबोधित,संबोधित,2,7
सह,सह,2,2
निर्देशित,निर्देशित,2,9
बाधित,बाधित,2,5
कथा,कथा,2,3
विस्तृत,विस्तृत,2,7
मुद्दे,मुद्दे,2,6
नाइट,नाइट,2,4
रीगन,रीगन,2,4
राष्ट्रपित,राष्ट्रपित,2,10
पड़ेगा,पड़ेगा,2,6
प्रतिबंधों,प्रतिबंधों,2,10
स्वीडिश,स्वीडिश,2,7
बचा,बचा,2,3
हिल,हिल,2,3
गोल,गोल,2,3
सोशल,सोशल,2,4
हस्ताक्षर,हस्ताक्षर,2,9
अतीत,अतीत,2,4
आधार,आधार,2,4
बयानबाजी,बयानबाजी,2,8
डेविड,डेविड,2,5
पेबे,पेबे,2,4
ताकि,ताकि,2,4
बचने,बचने,2,4
लगने,लगने,2,4
बहुमत,बहुमत,2,5
जल,जल,2,2
सभ्यता,सभ्यता,2,6
इसाई,इसाई,2,4
रियली,रियली,2,5
अधिकारों,अधिकारों,2,8
विरासत,विरासत,2,6
राजकुमारी,राजकुमारी,2,9
स्टूडियो,स्टूडियो,2,8
दिमाग,दिमाग,2,5
फिक्शन,फिक्शन,2,6
बिक्री,बिक्री,2,6
संबंधित,संबंधित,2,7
अनुमानित,अनुमानित,2,8
नॉर्थ,नॉर्थ,2,5
एडिनबर्ग,एडिनबर्ग,2,8
दाखिला,दाखिला,2,6
प्रस्तुति,प्रस्तुति,2,9
संगीतमय,संगीतमय,2,7
कीमतों,कीमतों,2,6
रिलीज,रिलीज,2,5
एकल,एकल,2,3
प्रतिमा,प्रतिमा,2,7
टूट,टूट,2,3
प्रागैतिहासिक,प्रागैतिहासिक,2,13
आपके,आपके,2,4
निधन,निधन,2,4
माई,माई,2,3
जिम,जिम,2,3
पिता,पिता,2,4
बैंड,बैंड,2,4
खर्चे,खर्चे,2,5
गेयर,गेयर,2,4
ड्यूक,ड्यूक,2,5
प्रचारकों,प्रचारकों,2,9
अवैध,अवैध,2,4
उम्मीद्वारी,उम्मीद्वारी,2,11
निभाया,निभाया,2,6
किरदार,किरदार,2,6
घुसने,घुसने,2,5
करनी,करनी,2,4
अखबार,अखबार,2,5
बजाया,बजाया,2,5
तुर्क,तुर्क,2,5
कपड़ों,कपड़ों,2,6
पदक,पदक,2,3
स्वर्ण,स्वर्ण,2,6
खण्डहर,खण्डहर,2,6
सावधानी,सावधानी,2,7
पलायन,पलायन,2,5
बेड़े,बेड़े,2,5
बोस्फोरस,बोस्फोरस,2,8
आप्रवासी,आप्रवासी,2,8
उत्साहपूर्वक,उत्साहपूर्वक,2,12
उद्यान,उद्यान,2,6
तीस,तीस,2,3
तेरहवीं,तेरहवीं,2,7
पॉल,पॉल,2,3
थियेटर,थियेटर,2,6
सम्मानित,सम्मानित,2,8
पामेर,पामेर,2,5
दर्जनों,दर्जनों,2,7
ट्रांजिशन,ट्रांजिशन,2,9
मार्को,मार्को,2,6
सीज़र,सीज़र,2,5
पॉम्पी,पॉम्पी,2,6
बर्गोयने,बर्गोयने,2,8
लैंडमार्क,लैंडमार्क,2,9
लाइटहाउस,लाइटहाउस,2,8
पुंटा,पुंटा,2,5
सहकार्यों,सहकार्यों,2,9
इंड्युरेंस,इंड्युरेंस,2,10
निकोलाई,निकोलाई,2,7
मोरिकोन,मोरिकोन,2,7
पड़ी,पड़ी,2,4
फॉल्ट,फॉल्ट,2,5
वसंत,वसंत,2,4
वाणिज्यिक,वाणिज्यिक,2,9
तबतक,तबतक,2,4
समर्थक,समर्थक,2,6
लैटिन,लैटिन,2,5
हिट,हिट,2,3
अलार्म,अलार्म,2,6
आश्वस्त,आश्वस्त,2,7
एर्डोगन,एर्डोगन,2,7
करीब,करीब,2,4
शत्रु,शत्रु,2,5
डुंडार,डुंडार,2,6
इरादा,इरादा,2,5
विश्राम,विश्राम,2,7
ओपन,ओपन,2,3
लेबल,लेबल,2,4
समापन,समापन,2,5
फाइनल,फाइनल,2,5
श्रोताओं,श्रोताओं,2,8
वही,वही,2,3
वॉन,वॉन,2,3
बाज़ार,बाज़ार,2,6
संभाल,संभाल,2,5
उतना,उतना,2,4
ओबामा,ओबामा,2,5
समाजवादियों,समाजवादियों,2,11
भंग,भंग,2,3
प्रगतिशील,प्रगतिशील,2,9
तकनीकी,तकनीकी,2,6
उबेर,उबेर,2,4
सांता,सांता,2,5
पोप,पोप,2,3
समक्ष,समक्ष,2,5
भाषण,भाषण,2,4
बैंकों,बैंकों,2,6
किलोमीटर,किलोमीटर,2,8
मैड्रिड,मैड्रिड,2,7
एंसेल्मी,एंसेल्मी,2,8
टीना,टीना,2,4
मौजूदगी,मौजूदगी,2,7
फासिस्ट,फासिस्ट,2,7
निवर्तमान,निवर्तमान,2,9
बौद्धिक,बौद्धिक,2,7
एकमात्र,एकमात्र,2,7
एकेडमी,एकेडमी,2,6
राजदूतों,राजदूतों,2,8
मान,मान,2,3
लियाओ,लियाओ,2,5
खितान,खितान,2,5
भवन,भवन,2,3
उर्वरक,उर्वरक,2,6
देना,देना,2,4
जमी,जमी,2,3
एंजेल,एंजेल,2,5
वांग,वांग,2,4
जल्दी,जल्दी,2,5
साधारण,साधारण,2,6
रचना,रचना,2,4
कार्यों,कार्यों,2,7
नाटककार,नाटककार,2,7
कविता,कविता,2,5
चिकित्सा,चिकित्सा,2,8
आदेश,आदेश,2,4
वाकई,वाकई,2,4
पड़े,पड़े,2,4
शासक,शासक,2,4
बुलाया,बुलाया,2,6
एल्ड्रिन,एल्ड्रिन,2,8
तालिका,तालिका,2,6
पशु,पशु,2,3
राशि,राशि,2,4
चन्द्र,चन्द्र,2,6
तेल,तेल,2,3
व्यावहारिक,व्यावहारिक,2,10
स्थलों,स्थलों,2,6
पुराना,पुराना,2,6
थुतमोज,थुतमोज,2,6
कैनानाइट,कैनानाइट,2,8
कांस्य,कांस्य,2,6
सुअर,सुअर,2,4
लम्बा,लम्बा,2,5
बसे,बसे,2,3
मार,मार,2,3
डाला,डाला,2,4
खाद्य,खाद्य,2,5
वीं,वीं,2,3
प्रभुत्व,प्रभुत्व,2,8
स्पेनी,स्पेनी,2,6
सेलिब्रिटी,सेलिब्रिटी,2,10
जमीनों,जमीनों,2,6
निवासी,निवासी,2,6
उत्पादन,उत्पादन,2,7
प्रकाशन,प्रकाशन,2,7
संग्रह,संग्रह,2,6
प्रोत्साहित,प्रोत्साहित,2,11
शिखर,शिखर,2,4
पचास,पचास,2,4
कोरियाई,कोरियाई,2,7
धूल,धूल,2,3
ब्रिसबेन,ब्रिसबेन,2,8
निवासियों,निवासियों,2,9
स्थलडमरूमध्य,स्थलडमरूमध्य,2,12
शहरी,शहरी,2,4
माह,माह,2,3
रैमसेस,रैमसेस,2,6
पिलेट,पिलेट,2,5
लायक,लायक,2,4
तनाव,तनाव,2,4
प्रशंसा,प्रशंसा,2,7
सूत्रों,सूत्रों,2,7
माइकल,माइकल,2,5
जेम्स,जेम्स,2,5
कादेश,कादेश,2,5
मांचू,मांचू,2,5
कुशल,कुशल,2,4
बचाने,बचाने,2,5
शाही,शाही,2,4
युआन,युआन,2,4
पुस्तक,पुस्तक,2,6
खिताब,खिताब,2,5
नीदरलैंड,नीदरलैंड,2,8
गवर्नर,गवर्नर,2,6
विद्यार्थी,विद्यार्थी,2,10
इकाई,इकाई,2,4
विश्वयुद्ध,विश्वयुद्ध,2,10
मरणोपरान्त,मरणोपरान्त,2,10
सम्राटों,सम्राटों,2,8
बदले,बदले,2,4
मीजी,मीजी,2,4
फोर्ड,फोर्ड,2,5
विदेश,विदेश,2,5
मेसेनियाई,मेसेनियाई,2,9
स्कॉट्समैन,स्कॉट्समैन,2,10
इन्हें,इन्हें,2,6
सिसिली,सिसिली,2,6
मिलती,मिलती,2,5
कब्र,कब्र,2,4
ग्रेड,ग्रेड,2,5
गायक,गायक,2,4
ड्रेस,ड्रेस,2,5
मानव,मानव,2,4
रडार,रडार,2,4
ब्लॉक,ब्लॉक,2,5
हर्जल,हर्जल,2,5
चरित्र,चरित्र,2,6
ताकतों,ताकतों,2,6
डिसप्ले,डिसप्ले,2,7
मौखिक,मौखिक,2,5
एल्वारेज,एल्वारेज,2,8
प्रतिरोध,प्रतिरोध,2,8
होनी,होनी,2,4
जोसेफ,जोसेफ,2,5
क्लब,क्लब,2,4
लामार,लामार,2,5
मानने,मानने,2,5
शर्तों,शर्तों,2,6
बंदरगाह,बंदरगाह,2,7
सहमत,सहमत,2,4
निर्देश,निर्देश,2,7
उत्पीड़न,उत्पीड़न,2,8
तीसरी,तीसरी,2,5
माध्यमिक,माध्यमिक,2,8
हुईं,हुईं,2,4
ट्रिक्स,ट्रिक्स,2,7
प्रायद्वीप,प्रायद्वीप,2,10
साक्ष्य,साक्ष्य,2,7
विवादित,विवादित,2,7
हिस्पानिया,हिस्पानिया,2,10
निहित,निहित,2,5
गृहयुद्ध,गृहयुद्ध,2,8
लम्बाई,लम्बाई,2,6
निशान,निशान,2,5
केन्द्रीय,केन्द्रीय,2,9
विद्रोहियों,विद्रोहियों,2,11
बेहद,बेहद,2,4
शक्ति,शक्ति,2,5
निलम्बित,निलम्बित,2,8
स्कूलों,स्कूलों,2,7
मिनट,मिनट,2,4
वेनिस,वेनिस,2,5
शिकस्त,शिकस्त,2,6
सौंप,सौंप,2,4
मेट्रो,मेट्रो,2,6
क्यूबा,क्यूबा,2,6
विविध,विविध,2,5
संतुष्ट,संतुष्ट,2,7
स्पार्टा,स्पार्टा,2,8
मजबूती,मजबूती,2,6
कूच,कूच,2,3
त्यागी,त्यागी,2,6
चले,चले,2,3
इनमें,इनमें,2,5
बपतिस्मा,बपतिस्मा,2,8
जबरन,जबरन,2,4
मानवता,मानवता,2,6
सांस्कृतिक,सांस्कृतिक,2,10
जाएंगे,जाएंगे,2,6
कवर,कवर,2,3
तार्किक,तार्किक,2,7
रहता,रहता,2,4
इंतजार,इंतजार,2,6
जिनका,जिनका,2,5
शिरकत,शिरकत,2,5
लड़ाइयों,लड़ाइयों,2,8
आयोग,आयोग,2,4
प्रतीक्षा,प्रतीक्षा,2,9
घेरने,घेरने,2,5
चिन्हित,चिन्हित,2,7
प्रदर्शनी,प्रदर्शनी,2,9
घोटाले,घोटाले,2,6
कपड़े,कपड़े,2,5
बराबर,बराबर,2,5
टकराने,टकराने,2,6
उजागर,उजागर,2,5
शब्दों,शब्दों,2,6
निर्वाचन,निर्वाचन,2,8
प्रतिभाओं,प्रतिभाओं,2,9
आवासीय,आवासीय,2,6
ब्राजील,ब्राजील,2,7
केरोलिना,केरोलिना,2,8
उम्मीद्वार,उम्मीद्वार,2,10
डेमोक्रैट,डेमोक्रैट,2,9
कैटेलेनो,कैटेलेनो,2,8
राज,राज,2,3
किताबें,किताबें,2,7
रेलवे,रेलवे,2,5
ग्लासगो,ग्लासगो,2,7
समाप्त,समाप्त,2,6
पुग,पुग,2,3
पारित,पारित,2,5
रख,रख,2,2
एप,एप,2,2
कहता,कहता,2,4
प्रावधान,प्रावधान,2,8
मतदाता,मतदाता,2,6
प्रभावों,प्रभावों,2,8
आंकड़े,आंकड़े,2,6
कलात्मक,कलात्मक,2,7
उद्गम,उद्गम,2,5
याचिका,याचिका,2,6
लेखक,लेखक,2,4
मार्क,मार्क,2,5
उपस्थिति,उपस्थिति,2,8
संरक्षणवादियों,संरक्षणवादियों,2,14
बजट,बजट,2,3
डीएनए,डीएनए,2,5
शिक्षित,शिक्षित,2,7
नील,नील,2,3
मसले,मसले,2,4
मिलते,मिलते,2,5
शनिवार,शनिवार,2,6
समानताओं,समानताओं,2,8
साख,साख,2,3
संभावित,संभावित,2,7
चुनावी,चुनावी,2,6
प्रतिबंध,प्रतिबंध,2,8
लगाए,लगाए,2,4
मजेदार,मजेदार,2,6
रक्त,रक्त,2,4
बोनस,बोनस,2,4
नीति,नीति,2,4
वंचित,वंचित,2,5
लाल,लाल,2,3
संकेत,संकेत,2,5
तलाश,तलाश,2,4
उल्लेख,उल्लेख,2,6
हीमोग्लोबिन,हीमोग्लोबिन,2,11
कारणों,कारणों,2,6
समग्र,समग्र,2,5
लिंकन,लिंकन,2,5
प्रशासन,प्रशासन,2,7
कर्मचारी,कर्मचारी,2,8
डी,डी,2,2
सारा,सारा,2,4
आग,आग,2,2
फेंक,फेंक,2,4
स्वदेशी,स्वदेशी,2,7
जिनके,जिनके,2,5
टेक्स्ट,टेक्स्ट,2,7
करे,करे,2,3
लग,लग,2,2
अनुकूल,अनुकूल,2,6
क्लेन,क्लेन,2,5
सी,सी,2,2
बी,बी,2,2
विवरण,विवरण,2,5
सिर,सिर,2,3
सारे,सारे,2,4
दरार,दरार,2,4
संस्कृति,संस्कृति,2,8
पाने,पाने,2,4
कहानियों,कहानियों,2,8
अद्भुत,अद्भुत,2,6
छाप,छाप,2,3
श्रृंखला,श्रृंखला,2,8
सीट,सीट,2,3
प्रदर्शनों,प्रदर्शनों,2,10
अदालत,अदालत,2,5
उत्साह,उत्साह,2,6
मानक,मानक,2,4
सुनवाई,सुनवाई,2,6
डफी,डफी,2,3
देगी,देगी,2,4
मजबूत,मजबूत,2,5
सहयोग,सहयोग,2,5
छोड़ी,छोड़ी,2,5
दृष्टिकोण,दृष्टिकोण,2,9
फैल,फैल,2,3
लड़कियों,लड़कियों,2,8
रखे,रखे,2,3
हालिया,हालिया,2,6
लीव,लीव,2,3
कहानियां,कहानियां,2,8
न्यूयॉर्क,न्यूयॉर्क,2,9
सिटी,सिटी,2,4
एंड,एंड,2,3
रेखा,रेखा,2,4
सर्विस,सर्विस,2,6
सैद्धान्तिक,सैद्धान्तिक,2,11
युगल,युगल,2,4
कोयला,कोयला,2,5
सर्जरी,सर्जरी,2,6
कर्ज,कर्ज,2,4
मां,मां,2,3
मुक्ति,मुक्ति,2,6
पोषक,पोषक,2,4
खनिज,खनिज,2,4
बादलों,बादलों,2,6
धुंध,धुंध,2,4
विश्वास,विश्वास,2,7
असामान्य,असामान्य,2,8
क्रिस,क्रिस,2,5
कराता,कराता,2,5
खुशी,खुशी,2,4
मजदूरों,मजदूरों,2,7
देनी,देनी,2,4
राजदूत,राजदूत,2,6
काउंसिल,काउंसिल,2,7
गारंटी,गारंटी,2,6
एबॉट्सफोर्ड,एबॉट्सफोर्ड,2,11
जानी,जानी,2,4
कमांडर,कमांडर,2,6
मनोरंजन,मनोरंजन,2,7
उन्मुख,उन्मुख,2,6
उधार,उधार,2,4
निमंत्रण,निमंत्रण,2,8
बल्कि,बल्कि,2,5
समस्याएं,समस्याएं,2,8
लम्बी,लम्बी,2,5
निकलने,निकलने,2,6
अपनाने,अपनाने,2,6
अपील,अपील,2,4
चाहते,चाहते,2,5
परवरिश,परवरिश,2,6
विधायी,विधायी,2,6
विदेशी,विदेशी,2,6
आ,आ,2,1
बेचा,बेचा,2,4
पहुंचने,पहुंचने,2,7
जिस,जिस,2,3
मछलियों,मछलियों,2,7
प्रभावी,प्रभावी,2,7
उत्पाद,उत्पाद,2,6
फेसबुक,फेसबुक,2,6
परीक्षण,परीक्षण,2,7
आमतौर,आमतौर,2,5
स्वागत,स्वागत,2,6
मेलिस,मेलिस,2,5
दर्द,दर्द,2,4
प्रश्नों,प्रश्नों,2,8
पॉट,पॉट,2,3
खतरनाक,खतरनाक,2,6
खतरा,खतरा,2,4
कंपनियां,कंपनियां,2,8
बदलने,बदलने,2,5
सेल्टिक,सेल्टिक,2,7
उपाय,उपाय,2,4
न्यूज,न्यूज,2,5
चुनौती,चुनौती,2,6
घेर,घेर,2,3
बास,बास,2,3
सुकून,सुकून,2,5
मूलभूत,मूलभूत,2,6
निदेशक,निदेशक,2,6
समुद्रों,समुद्रों,2,8
कैरेल,कैरेल,2,5
हार्मोन,हार्मोन,2,7
तब,तब,2,2
यू,यू,2,2
रोकने,रोकने,2,5
इरानी,इरानी,1,5
अकेली,अकेली,1,5
आनुवंशिक,आनुवंशिक,1,8
पायफ,पायफ,1,4
कमरे,कमरे,1,4
मार्सेली,मार्सेली,1,8
बुचर्ड,बुचर्ड,1,6
चेकोस्लोवाकिया,चेकोस्लोवाकिया,1,14
वरीयता,वरीयता,1,6
एंकर,एंकर,1,4
रुके,रुके,1,4
निरीक्षण,निरीक्षण,1,8
तलवारबाजी,तलवारबाजी,1,9
चकित,चकित,1,4
विलासिता,विलासिता,1,8
एशियाई,एशियाई,1,6
मलबे,मलबे,1,4
किसानों,किसानों,1,7
सुडेटन,सुडेटन,1,6
उन्माद,उन्माद,1,6
रक्षकों,रक्षकों,1,7
जमीनी,जमीनी,1,5
प्लांटाजेनेट,प्लांटाजेनेट,1,12
चेक,चेक,1,3
भीड़,भीड़,1,4
दोष,दोष,1,3
मोमोने,मोमोने,1,6
वेलर,वेलर,1,4
होतीं,होतीं,1,5
युगान्तरकारी,युगान्तरकारी,1,12
पत्रकारों,पत्रकारों,1,9
धावे,धावे,1,4
हान्स,हान्स,1,5
लेती,लेती,1,4
पैटर्सन,पैटर्सन,1,7
कैरोलिना,कैरोलिना,1,8
आप्रवासियों,आप्रवासियों,1,11
बहसों,बहसों,1,5
स्रोतों,स्रोतों,1,7
महसूस,महसूस,1,5
अल्फा,अल्फा,1,5
उन्नत,उन्नत,1,5
दिशानिर्देशों,दिशानिर्देशों,1,13
क्षमताओं,क्षमताओं,1,8
पोलियम,पोलियम,1,6
क्यूबेक,क्यूबेक,1,7
वेदर,वेदर,1,4
मांट्रियल,मांट्रियल,1,9
रेडियम,रेडियम,1,6
गा,गा,1,2
स्मिथ,स्मिथ,1,5
उत्कृष्ट,उत्कृष्ट,1,8
गेस्ट,गेस्ट,1,5
भुला,भुला,1,4
अभियानों,अभियानों,1,8
स्काईलार्क,स्काईलार्क,1,10
सीटीवी,सीटीवी,1,6
चांडलर,चांडलर,1,6
उपन्यासों,उपन्यासों,1,9
प्रणेता,प्रणेता,1,7
इरीने,इरीने,1,5
शेंक,शेंक,1,4
चैम्बरलिन,चैम्बरलिन,1,9
खींचने,खींचने,1,6
इंसानों,इंसानों,1,7
चांद,चांद,1,4
तोकुगावा,तोकुगावा,1,8
लेयासु,लेयासु,1,6
वंशज,वंशज,1,4
वजन,वजन,1,3
सत्र,सत्र,1,4
कसरत,कसरत,1,4
राष्ट्रवाद,राष्ट्रवाद,1,10
गुप्त,गुप्त,1,5
नफरत,नफरत,1,4
येवस,येवस,1,4
लॉरेंट,लॉरेंट,1,6
सुगंध,सुगंध,1,5
एम्बेसड्रेस,एम्बेसड्रेस,1,11
लेसी,लेसी,1,4
हालस्ट्रॉम,हालस्ट्रॉम,1,10
गुरुत्वाकर्षण,गुरुत्वाकर्षण,1,13
खजाना,खजाना,1,5
रीच,रीच,1,3
सैल्मन,सैल्मन,1,6
थानोस,थानोस,1,5
प्राथमिक,प्राथमिक,1,8
साधन,साधन,1,4
सामुदायिक,सामुदायिक,1,9
डोंगियों,डोंगियों,1,8
स्टार्लिन,स्टार्लिन,1,9
गेरी,गेरी,1,4
आलेखक,आलेखक,1,5
खलनायक,खलनायक,1,6
अनुत्तरित,अनुत्तरित,1,9
स्टार,स्टार,1,5
मार्वल,मार्वल,1,6
कॉमिक्स,कॉमिक्स,1,7
शीर्षकों,शीर्षकों,1,8
प्रसारित,प्रसारित,1,8
उत्कट,उत्कट,1,5
स्टर्लिन,स्टर्लिन,1,8
बहाली,बहाली,1,5
संकलन,संकलन,1,5
कॉमेडी,कॉमेडी,1,6
फिशिंग,फिशिंग,1,6
मंत्रिमंडल,मंत्रिमंडल,1,10
प्रांतीय,प्रांतीय,1,8
ब्रुस,ब्रुस,1,5
विलिस,विलिस,1,5
चारों,चारों,1,5
गॉर्डन,गॉर्डन,1,6
लेविट,लेविट,1,5
घिसा,घिसा,1,4
पिटा,पिटा,1,4
उत्पत्ति,उत्पत्ति,1,8
रोमियो,रोमियो,1,6
रायन,रायन,1,4
जूलियट,जूलियट,1,6
दिलचस्पी,दिलचस्पी,1,8
वंश,वंश,1,3
नोर्मा,नोर्मा,1,6
टैल्मेज,टैल्मेज,1,7
प्रेसीडेंट,प्रेसीडेंट,1,10
हेलिफैक्स,हेलिफैक्स,1,9
हिटलर,हिटलर,1,5
जॉन्सन,जॉन्सन,1,6
लूपर,लूपर,1,4
यमन,यमन,1,3
पिगी,पिगी,1,4
साथी,साथी,1,4
इवान,इवान,1,4
मैकग्रेगर,मैकग्रेगर,1,9
क्रिस्टिन,क्रिस्टिन,1,9
स्कॉट,स्कॉट,1,5
मपेट्स,मपेट्स,1,6
परिभाषित,परिभाषित,1,8
मिस,मिस,1,3
रिसेप्शनिस्ट,रिसेप्शनिस्ट,1,12
व्याख्याएं,व्याख्याएं,1,10
निकोलस,निकोलस,1,6
स्टॉलर,स्टॉलर,1,6
फाइव,फाइव,1,4
ईयर,ईयर,1,3
एंगेजमेंट,एंगेजमेंट,1,9
जैसन,जैसन,1,4
छल्ला,छल्ला,1,5
कालाकार,कालाकार,1,7
एडवर्ड,एडवर्ड,1,6
तलाक,तलाक,1,4
स्थिर,स्थिर,1,5
दावे,दावे,1,4
मोटर्स,मोटर्स,1,6
समेटते,समेटते,1,6
अमेरिकन,अमेरिकन,1,7
प्रभावशाली,प्रभावशाली,1,10
आव्रजन,आव्रजन,1,6
वश,वश,1,2
बादशाह,बादशाह,1,6
बीसवीं,बीसवीं,1,6
सलमान,सलमान,1,5
दिग्गज,दिग्गज,1,6
मोहम्मद,मोहम्मद,1,7
जदान,जदान,1,4
टी,टी,1,2
गेहूं,गेहूं,1,5
इंजेक्शन,इंजेक्शन,1,8
संसाधन,संसाधन,1,6
परवाह,परवाह,1,5
कॉम्पैक्ट,कॉम्पैक्ट,1,9
धनराशि,धनराशि,1,6
रैम्बलर,रैम्बलर,1,7
प्रचारात्मक,प्रचारात्मक,1,11
गार्थ,गार्थ,1,5
जेनिंग्स,जेनिंग्स,1,8
हिचिकर्स,हिचिकर्स,1,8
सिखाए,सिखाए,1,5
टू,टू,1,2
गैलेक्सी,गैलेक्सी,1,8
रैम्बो,रैम्बो,1,6
परिपाटी,परिपाटी,1,7
कैमियो,कैमियो,1,6
कटौती,कटौती,1,5
कीकार,कीकार,1,5
आग्रहों,आग्रहों,1,7
आधिपत्य,आधिपत्य,1,7
स्वायत्त,स्वायत्त,1,8
बदलना,बदलना,1,5
जीएम,जीएम,1,4
अरबों,अरबों,1,5
मैचों,मैचों,1,5
स्टोरीबोर्ड,स्टोरीबोर्ड,1,11
सीक्रेट,सीक्रेट,1,7
निलंबन,निलंबन,1,6
नाटो,नाटो,1,4
कैपिटल,कैपिटल,1,6
बुलाना,बुलाना,1,6
सचमुच,सचमुच,1,5
पैड,पैड,1,3
सिद्धान्तों,सिद्धान्तों,1,11
प्रतिपूर्ति,प्रतिपूर्ति,1,11
सकारात्मक,सकारात्मक,1,9
ब्लॉग,ब्लॉग,1,5
करा,करा,1,3
इस्तीफा,इस्तीफा,1,7
परिषदें,परिषदें,1,7
संरचनाओं,संरचनाओं,1,8
आत्म,आत्म,1,4
वाट,वाट,1,3
लाया,लाया,1,4
गयीं,गयीं,1,4
पार्कर,पार्कर,1,6
पेलोपोनेसस,पेलोपोनेसस,1,10
डीएफबी,डीएफबी,1,6
एस्सेन,एस्सेन,1,6
डेबिट,डेबिट,1,5
सेवानिवृत्त,सेवानिवृत्त,1,11
उपयोगकर्ता,उपयोगकर्ता,1,10
तस्वीरें,तस्वीरें,1,8
पुर्जों,पुर्जों,1,7
कीबोर्ड,कीबोर्ड,1,7
संकरा,संकरा,1,5
टच,टच,1,2
अफवाहों,अफवाहों,1,7
किस,किस,1,3
धातु,धातु,1,4
मशीनों,मशीनों,1,6
प्रजनन,प्रजनन,1,6
कदाचित,कदाचित,1,6
संकल्पना,संकल्पना,1,8
फिल्म्स,फिल्म्स,1,7
संतानें,संतानें,1,7
हम्फ्रे,हम्फ्रे,1,7
हेपबर्न,हेपबर्न,1,7
चुनावों,चुनावों,1,7
गतिशीलता,गतिशीलता,1,8
प्रतिक्रियाओं,प्रतिक्रियाओं,1,13
अर्थशास्त्र,अर्थशास्त्र,1,11
जिमी,जिमी,1,4
कार्टर,कार्टर,1,6
चिंताओं,चिंताओं,1,7
ईरान,ईरान,1,4
बंधक,बंधक,1,4
हिस्सेदारों,हिस्सेदारों,1,11
रिपब्लिकनों,रिपब्लिकनों,1,11
सदन,सदन,1,3
मित्र,मित्र,1,5
सीटें,सीटें,1,5
डेमोक्रेटों,डेमोक्रेटों,1,11
बोगार्ट,बोगार्ट,1,7
प्लेब्वाय,प्लेब्वाय,1,9
बरकरार,बरकरार,1,6
लापरवाह,लापरवाह,1,7
जोआन,जोआन,1,4
गाउंट,गाउंट,1,5
योद्धा,योद्धा,1,6
लाना,लाना,1,4
लिवेट,लिवेट,1,5
रिहा,रिहा,1,4
टॉवर,टॉवर,1,4
अभिनेत्री,अभिनेत्री,1,9
ग्लोरिया,ग्लोरिया,1,8
होल्डन,होल्डन,1,6
गतिविधि,गतिविधि,1,7
वैवाहिक,वैवाहिक,1,7
उथल,उथल,1,3
पुथल,पुथल,1,4
मशाल,मशाल,1,4
जलाए,जलाए,1,4
सबरीना,सबरीना,1,6
मकसद,मकसद,1,4
अस्पताल,अस्पताल,1,7
एड्गर्स,एड्गर्स,1,7
सौदा,सौदा,1,4
टेनेसी,टेनेसी,1,6
भेज,भेज,1,3
स्क्रिटी,स्क्रिटी,1,8
पोलिटी,पोलिटी,1,6
प्रथा,प्रथा,1,5
गैम्सन,गैम्सन,1,6
साधा,साधा,1,4
प्रोड्यूस,प्रोड्यूस,1,9
राजनेताओं,राजनेताओं,1,9
राजपरिवार,राजपरिवार,1,9
पूल,पूल,1,3
डोर्सेट,डोर्सेट,1,7
सोमरसेट,सोमरसेट,1,7
कॉमिक,कॉमिक,1,5
बुक,बुक,1,3
नैशविले,नैशविले,1,7
तुच्छ,तुच्छ,1,5
सुनवाईयों,सुनवाईयों,1,9
नामित,नामित,1,5
सीआरटीसी,सीआरटीसी,1,8
सेवारत,सेवारत,1,6
ईश्वर,ईश्वर,1,5
जीवनदान,जीवनदान,1,7
नामों,नामों,1,5
मार्क्सवाद,मार्क्सवाद,1,10
मार्गदर्शक,मार्गदर्शक,1,10
जगाने,जगाने,1,5
योग्यता,योग्यता,1,7
शोवा,शोवा,1,4
रहस्यपूर्ण,रहस्यपूर्ण,1,10
मानवतावाद,मानवतावाद,1,9
चुने,चुने,1,4
बकवास,बकवास,1,5
धर्मशास्त्र,धर्मशास्त्र,1,11
भावी,भावी,1,4
आलोक,आलोक,1,4
हिल्सबोरो,हिल्सबोरो,1,9
द्विध्रुवीय,द्विध्रुवीय,1,11
पालों,पालों,1,5
इवनिंग,इवनिंग,1,6
अलेक्जेंडर,अलेक्जेंडर,1,10
लगाव,लगाव,1,4
चर्चिल,चर्चिल,1,6
लेगा,लेगा,1,4
बैरी,बैरी,1,4
घटिया,घटिया,1,5
गॉल,गॉल,1,3
लटका,लटका,1,4
कुरैंट,कुरैंट,1,6
पत्रकार,पत्रकार,1,7
समीक्षाएं,समीक्षाएं,1,9
लिखीं,लिखीं,1,5
ग्रेजुएट,ग्रेजुएट,1,8
एम,एम,1,2
बहन,बहन,1,3
नटिंघम,नटिंघम,1,6
मंचन,मंचन,1,4
ओपेरा,ओपेरा,1,5
किम,किम,1,3
जीवनी,जीवनी,1,5
इंडोनेशियाई,इंडोनेशियाई,1,11
नागरिकों,नागरिकों,1,8
भ्रम,भ्रम,1,4
डालते,डालते,1,5
जिन्दगी,जिन्दगी,1,7
केरेनगी,केरेनगी,1,7
संभालने,संभालने,1,7
लत,लत,1,2
जोकोवी,जोकोवी,1,6
हेरोइन,हेरोइन,1,6
युधोयोने,युधोयोने,1,8
चाहा,चाहा,1,4
सब्सिडी,सब्सिडी,1,7
सहमति,सहमति,1,5
ईंधन,ईंधन,1,4
जी,जी,1,2
कंज्यूमर,कंज्यूमर,1,8
जर्नल,जर्नल,1,5
किरीमुइर,किरीमुइर,1,8
सुबियांतो,सुबियांतो,1,9
टालने,टालने,1,5
काउंटेस,काउंटेस,1,7
डगलस,डगलस,1,4
किताब,किताब,1,5
पहचानी,पहचानी,1,6
खुला,खुला,1,4
मोशन,मोशन,1,4
दुविधा,दुविधा,1,6
रुचि,रुचि,1,4
निर्माताओं,निर्माताओं,1,10
फांसी,फांसी,1,5
भिन्नता,भिन्नता,1,7
एनीमेशन,एनीमेशन,1,7
गैर,गैर,1,3
श्वेत,श्वेत,1,5
मंच,मंच,1,3
थीम,थीम,1,3
वेब,वेब,1,3
नस्लीय,नस्लीय,1,6
लेनॉक्स,लेनॉक्स,1,7
अर्थशास्त्री,अर्थशास्त्री,1,12
नॉन,नॉन,1,3
चलाया,चलाया,1,5
शिकार,शिकार,1,5
प्रतियां,प्रतियां,1,8
छापी,छापी,1,4
पावर,पावर,1,4
नयू,नयू,1,3
एसएस,एसएस,1,4
डर्नांड,डर्नांड,1,7
नवीनतम,नवीनतम,1,6
मिलयन,मिलयन,1,5
सबूत,सबूत,1,4
टोले,टोले,1,4
शिक्षाओं,शिक्षाओं,1,8
तीखी,तीखी,1,4
पिक्चर,पिक्चर,1,6
अक्षम,अक्षम,1,5
एड्स,एड्स,1,4
लेखा,लेखा,1,4
सामग्रियों,सामग्रियों,1,10
गोल्ड,गोल्ड,1,5
करत,करत,1,3
गर्म,गर्म,1,4
गिरने,गिरने,1,5
जीसीए,जीसीए,1,5
एच,एच,1,2
रिश्तों,रिश्तों,1,7
डिजाइनरों,डिजाइनरों,1,9
बिल,बिल,1,3
एयरलिफ्ट,एयरलिफ्ट,1,8
बर्लिन,बर्लिन,1,6
साउल,साउल,1,4
साहित्यिक,साहित्यिक,1,9
लालसा,लालसा,1,5
मानसिक,मानसिक,1,6
सुल्ला,सुल्ला,1,6
जकड़,जकड़,1,4
सालाना,सालाना,1,6
दूतावास,दूतावास,1,7
वातावरण,वातावरण,1,7
लुबुम्बाशी,लुबुम्बाशी,1,10
औसतन,औसतन,1,4
सीजीए,सीजीए,1,5
संचालकों,संचालकों,1,8
पायलट,पायलट,1,5
कोणीय,कोणीय,1,5
बांटे,बांटे,1,5
देकर,देकर,1,4
रनवे,रनवे,1,4
उतरते,उतरते,1,5
मार्गदर्शन,मार्गदर्शन,1,10
पाएं,पाएं,1,4
सीधी,सीधी,1,4
अप्रशिक्षिति,अप्रशिक्षिति,1,12
पायलटों,पायलटों,1,7
देशी,देशी,1,4
क्वार्टर,क्वार्टर,1,8
कांगो,कांगो,1,5
जनवादी,जनवादी,1,6
एंग्लिकन,एंग्लिकन,1,8
सभा,सभा,1,3
प्राबोवो,प्राबोवो,1,8
फर्क,फर्क,1,4
देरी,देरी,1,4
स्वामी,स्वामी,1,6
युनिवर्सल,युनिवर्सल,1,9
मानद,मानद,1,4
अवार्ड,अवार्ड,1,6
लघु,लघु,1,3
प्रतिमाएं,प्रतिमाएं,1,9
ग्रोथ,ग्रोथ,1,5
भत्ता,भत्ता,1,5
रेवरेंड,रेवरेंड,1,7
किताबों,किताबों,1,7
यूनीफॉर्म,यूनीफॉर्म,1,9
ईगल,ईगल,1,3
खरीददारी,खरीददारी,1,8
एटीएम,एटीएम,1,5
जोखा,जोखा,1,4
पी,पी,1,2
पुनर्निर्माण,पुनर्निर्माण,1,12
संपदा,संपदा,1,5
कार्यकालों,कार्यकालों,1,10
ओसवाल्ड,ओसवाल्ड,1,7
सांस्थानिक,सांस्थानिक,1,10
विलियम,विलियम,1,6
हेशलर,हेशलर,1,5
मिलने,मिलने,1,5
लेनी,लेनी,1,4
बैचलर,बैचलर,1,5
औरतों,औरतों,1,5
होमर,होमर,1,4
मेट्रोपोलिटन,मेट्रोपोलिटन,1,12
आमंत्रित,आमंत्रित,1,8
हैमरस्मिथ,हैमरस्मिथ,1,9
कोरोना,कोरोना,1,6
अपेक्षाओं,अपेक्षाओं,1,9
स्टेज,स्टेज,1,5
इलैने,इलैने,1,5
फिल्मा,फिल्मा,1,6
प्रतिनिधियों,प्रतिनिधियों,1,12
सहिष्णुता,सहिष्णुता,1,9
पदानुक्रम,पदानुक्रम,1,9
संगीतकार,संगीतकार,1,8
शंघाई,शंघाई,1,5
टॉम,टॉम,1,3
डोमेनिको,डोमेनिको,1,8
नानकिंग,नानकिंग,1,7
उम्मीद्वारों,उम्मीद्वारों,1,12
रॉबिन्सन,रॉबिन्सन,1,8
फॉर्म,फॉर्म,1,5
विंग,विंग,1,4
रेकॉर्ड्स,रेकॉर्ड्स,1,9
प्रेयर,प्रेयर,1,6
स्टीलर्स,स्टीलर्स,1,8
ईगन,ईगन,1,3
पुनर्मिलन,पुनर्मिलन,1,9
ट्रैक्स,ट्रैक्स,1,7
टिकी,टिकी,1,4
गीतकार,गीतकार,1,6
मताधिकार,मताधिकार,1,8
रैफर्टी,रैफर्टी,1,7
ड्राइवर,ड्राइवर,1,7
कह,कह,1,2
बेउफ,बेउफ,1,4
नग्न,नग्न,1,4
लुईस,लुईस,1,4
डिस्पैच,डिस्पैच,1,7
लाबेउफ,लाबेउफ,1,6
लपटों,लपटों,1,5
घिर,घिर,1,3
केनसेथ,केनसेथ,1,6
छिड़,छिड़,1,4
हट,हट,1,2
मियाद,मियाद,1,5
इलियट,इलियट,1,5
विधेयक,विधेयक,1,6
संस्कार,संस्कार,1,7
भाग,भाग,1,3
वर्चस्व,वर्चस्व,1,7
डेक्का,डेक्का,1,6
साइन,साइन,1,4
पोलैंट,पोलैंट,1,6
उपयुक्त,उपयुक्त,1,7
भीतर,भीतर,1,4
स्लेट,स्लेट,1,5
नेटवर्क,नेटवर्क,1,7
पेटेन,पेटेन,1,5
युआक्जाक्शन,युआक्जाक्शन,1,11
निभाता,निभाता,1,6
स्थानों,स्थानों,1,7
जेक्सु,जेक्सु,1,6
थॉम्पसन,थॉम्पसन,1,7
हम्बलबम्स,हम्बलबम्स,1,9
एंटीना,एंटीना,1,6
लिन,लिन,1,3
शान्तिप्रिय,शान्तिप्रिय,1,11
अभाव,अभाव,1,4
हुबेई,हुबेई,1,5
मेसोअमेरिकी,मेसोअमेरिकी,1,11
हुनान,हुनान,1,5
बम,बम,1,2
एमजीबी,एमजीबी,1,6
अबाकुमोव,अबाकुमोव,1,8
काट,काट,1,3
मैकनेइली,मैकनेइली,1,8
फादर,फादर,1,4
डिडन्ट,डिडन्ट,1,6
लाइक,लाइक,1,4
मी,मी,1,2
एनीवे,एनीवे,1,5
ओवर,ओवर,1,3
प्रतिबंधात्मक,प्रतिबंधात्मक,1,13
हेड,हेड,1,3
कंधों,कंधों,1,5
रिकॉर्ड्स,रिकॉर्ड्स,1,9
ह्यूज,ह्यूज,1,5
मर्फी,मर्फी,1,5
फंस,फंस,1,3
तकनीशियन,तकनीशियन,1,8
स्तालिन,स्तालिन,1,7
मंत्रालयों,मंत्रालयों,1,10
बेरिया,बेरिया,1,6
कैम्पबेल,कैम्पबेल,1,8
पियानो,पियानो,1,6
फ्योगुर,फ्योगुर,1,7
ग्लिंडा,ग्लिंडा,1,7
टैबलेट,टैबलेट,1,6
चार्ट,चार्ट,1,5
उपेक्षा,उपेक्षा,1,7
पेनिस्टन,पेनिस्टन,1,8
विज़,विज़,1,4
मंचीय,मंचीय,1,5
स्टॉपलाइट,स्टॉपलाइट,1,9
गुड,गुड,1,3
कुन,कुन,1,3
अविष्कारों,अविष्कारों,1,10
पेशेवरों,पेशेवरों,1,8
विच,विच,1,3
स्पांसरशिप,स्पांसरशिप,1,10
स्कैंडल,स्कैंडल,1,7
कॉमन्स,कॉमन्स,1,6
निपटें,निपटें,1,6
थ़ॉट,थ़ॉट,1,4
रुक,रुक,1,3
प्रगति,प्रगति,1,6
टेलिविजन,टेलिविजन,1,8
कम्युनिस्ट,कम्युनिस्ट,1,10
पायी,पायी,1,4
पोस्टिंग,पोस्टिंग,1,8
लव,लव,1,2
स्क्रिप्ट,स्क्रिप्ट,1,9
शेकी,शेकी,1,4
ग्राउण्ड,ग्राउण्ड,1,8
अजीब,अजीब,1,4
घुल,घुल,1,3
कार्बोनेटेड,कार्बोनेटेड,1,11
चूमने,चूमने,1,5
लॉस,लॉस,1,3
एंजेल्स,एंजेल्स,1,7
लौटी,लौटी,1,4
फेडरल,फेडरल,1,5
बिलबोर्ड,बिलबोर्ड,1,8
मैंडल,मैंडल,1,5
करार,करार,1,4
रनर,रनर,1,3
तय,तय,1,2
कंबरलैंड,कंबरलैंड,1,8
स्ट्रेथियर्न,स्ट्रेथियर्न,1,12
सिखाने,सिखाने,1,6
व्यभिचारी,व्यभिचारी,1,9
विधवा,विधवा,1,5
एनी,एनी,1,3
पीकिंग,पीकिंग,1,6
होर्टन,होर्टन,1,6
वाइल्ड,वाइल्ड,1,6
वेस्ट,वेस्ट,1,5
तियेनत्सिन,तियेनत्सिन,1,10
बिकने,बिकने,1,5
लागों,लागों,1,5
निकाय,निकाय,1,5
चर्चों,चर्चों,1,6
सिगुर,सिगुर,1,5
रोस,रोस,1,3
राजकुमार,राजकुमार,1,8
स्वीकृति,स्वीकृति,1,8
अप,अप,1,2
भयभीत,भयभीत,1,5
विजयी,विजयी,1,5
सहानुभूतिपूर्ण,सहानुभूतिपूर्ण,1,14
विल्किस,विल्किस,1,7
पुनर्निर्वाचित,पुनर्निर्वाचित,1,14
ग्राफ्टन,ग्राफ्टन,1,8
लॉबीस्ट,लॉबीस्ट,1,7
अंदरूनी,अंदरूनी,1,7
टोरी,टोरी,1,4
गोमेरी,गोमेरी,1,6
पंजीयन,पंजीयन,1,6
प्रार्थना,प्रार्थना,1,9
धार्मिकता,धार्मिकता,1,9
भाइयों,भाइयों,1,6
नैतिकताओं,नैतिकताओं,1,9
देखकर,देखकर,1,5
विदेशियों,विदेशियों,1,9
लेख,लेख,1,3
बिछा,बिछा,1,4
हिला,हिला,1,4
लिेए,लिेए,1,4
सर,सर,1,2
अर्नेस्ट,अर्नेस्ट,1,8
शैकल्टन,शैकल्टन,1,7
चित्रांकन,चित्रांकन,1,9
संस्थाओं,संस्थाओं,1,8
मॉस,मॉस,1,3
मैओरियम,मैओरियम,1,7
पाइरस,पाइरस,1,5
सिसली,सिसली,1,5
जितने,जितने,1,5
मिसेनियाई,मिसेनियाई,1,9
अंधकार,अंधकार,1,6
उबरने,उबरने,1,5
साक्षरता,साक्षरता,1,8
लिपि,लिपि,1,4
भुलाई,भुलाई,1,5
यूनानियों,यूनानियों,1,9
फोनेशियन,फोनेशियन,1,8
नौवीं,नौवीं,1,5
कप्तान,कप्तान,1,6
ब्रांसफील्ड,ब्रांसफील्ड,1,11
भूगोल,भूगोल,1,5
कोंते,कोंते,1,5
कोशिकाओं,कोशिकाओं,1,8
स्प्रिंगर,स्प्रिंगर,1,9
मिलाप,मिलाप,1,5
इज़राइल,इज़राइल,1,7
षाले,षाले,1,4
मैत्रीपूर्ण,मैत्रीपूर्ण,1,11
मैत्री,मैत्री,1,6
विगुइए,विगुइए,1,6
केरकासोने,केरकासोने,1,9
बेलिंगशाउसेन,बेलिंगशाउसेन,1,12
किलाबंद,किलाबंद,1,7
जुड़ा,जुड़ा,1,5
बाशिंदों,बाशिंदों,1,8
एमनेस्टी,एमनेस्टी,1,8
इंटरनेशनल,इंटरनेशनल,1,9
लेखों,लेखों,1,5
हवाला,हवाला,1,5
जादू,जादू,1,4
टोने,टोने,1,4
स्वशासी,स्वशासी,1,7
निर्धारित,निर्धारित,1,9
ब्रेमेन,ब्रेमेन,1,7
जॉर्जेज,जॉर्जेज,1,7
डेनेवर,डेनेवर,1,6
टिनटिन,टिनटिन,1,6
रूपान्तरित,रूपान्तरित,1,10
आशा,आशा,1,3
बेल्जियन,बेल्जियन,1,8
वाल्ट,वाल्ट,1,5
लिखकर,लिखकर,1,5
व्यर्थ,व्यर्थ,1,6
मांगा,मांगा,1,5
रोजेन,रोजेन,1,5
रेमिस,रेमिस,1,5
जर्माइने,जर्माइने,1,8
छुट्टियों,छुट्टियों,1,9
नौजवान,नौजवान,1,6
विवाहेतर,विवाहेतर,1,8
ताड़,ताड़,1,4
पेड़,पेड़,1,4
मुंह,मुंह,1,4
प्यार,प्यार,1,5
इंडो,इंडो,1,4
बेल्जियम,बेल्जियम,1,8
वितरक,वितरक,1,5
घाटी,घाटी,1,4
जबतक,जबतक,1,4
पर्वत,पर्वत,1,5
श्रृंखलाओं,श्रृंखलाओं,1,10
पड़ोसियों,पड़ोसियों,1,9
कटा,कटा,1,3
स्वशासित,स्वशासित,1,8
प्रणालियां,प्रणालियां,1,10
इसाईयों,इसाईयों,1,7
मातृभाषा,मातृभाषा,1,8
बाइबिल,बाइबिल,1,6
डायट्रिच,डायट्रिच,1,8
बन्द,बन्द,1,4
चौकियां,चौकियां,1,7
प्रकरण,प्रकरण,1,6
परिवर्तनकामी,परिवर्तनकामी,1,12
प्लुवियज,प्लुवियज,1,8
फरवरी,फरवरी,1,5
संदिग्धों,संदिग्धों,1,9
बर्नार्ड,बर्नार्ड,1,8
टेपी,टेपी,1,4
धन,धन,1,2
पुरस्कारों,पुरस्कारों,1,10
कोलोन,कोलोन,1,5
तारामंडल,तारामंडल,1,8
किराया,किराया,1,6
दायरे,दायरे,1,5
प्राचीनतम,प्राचीनतम,1,9
इनके,इनके,1,4
तिथियां,तिथियां,1,7
आरंभ,आरंभ,1,4
ताम्र,ताम्र,1,5
प्रसिद्ध,प्रसिद्ध,1,8
ममी,ममी,1,3
सख्त,सख्त,1,4
पहाड़ियों,पहाड़ियों,1,9
तांबे,तांबे,1,5
सोने,सोने,1,4
ग्रामीण,ग्रामीण,1,7
गंभीरता,गंभीरता,1,7
वर्साय,वर्साय,1,6
असेम्बली,असेम्बली,1,8
रोटी,रोटी,1,4
ज़रूरत,ज़रूरत,1,6
रोकना,रोकना,1,5
बनी,बनी,1,3
कन्वेंशन,कन्वेंशन,1,8
सैन,सैन,1,3
फ्रांसिस्को,फ्रांसिस्को,1,11
वासियों,वासियों,1,7
आराम,आराम,1,4
येर्बा,येर्बा,1,6
बुएना,बुएना,1,5
गार्डन,गार्डन,1,6
मॉस्कोने,मॉस्कोने,1,8
नार्थ,नार्थ,1,5
सेंटर,सेंटर,1,5
इस्तांबुल,इस्तांबुल,1,9
छत,छत,1,2
लूथर,लूथर,1,4
किंग,किंग,1,4
जूनियर,जूनियर,1,6
लेबर,लेबर,1,4
अभूतपूर्व,अभूतपूर्व,1,9
ब्लड,ब्लड,1,4
कनैडियन,कनैडियन,1,7
समानान्तर,समानान्तर,1,9
उत्तेजित,उत्तेजित,1,8
कोंडो,कोंडो,1,5
वेइस,वेइस,1,4
दौड़,दौड़,1,4
ननें,ननें,1,4
इबिंजेन,इबिंजेन,1,7
खण्डहरों,खण्डहरों,1,8
सफलताओं,सफलताओं,1,7
टेलेकॉम,टेलेकॉम,1,7
प्रेमिका,प्रेमिका,1,8
सुद्बादेन,सुद्बादेन,1,9
मेर्डिन्जेन,मेर्डिन्जेन,1,11
उलरिच,उलरिच,1,5
प्रोटीन,प्रोटीन,1,7
तबाह,तबाह,1,4
जीटीए,जीटीए,1,5
पीछा,पीछा,1,4
अवांछित,अवांछित,1,7
सेंसरशिप,सेंसरशिप,1,8
भागीदारी,भागीदारी,1,8
असम्भव,असम्भव,1,6
खून,खून,1,3
रिपोर्टों,रिपोर्टों,1,9
बताए,बताए,1,4
विस्थापित,विस्थापित,1,9
रूपर्ट्सबर्ग,रूपर्ट्सबर्ग,1,12
भजन,भजन,1,3
पोलैंड,पोलैंड,1,6
सराहा,सराहा,1,5
सुनाने,सुनाने,1,6
औपनिवेशक,औपनिवेशक,1,8
राजनीति,राजनीति,1,7
स्वेज,स्वेज,1,5
बदलती,बदलती,1,5
औपनिवेशिक,औपनिवेशिक,1,9
बिखरे,बिखरे,1,5
फिनलैंड,फिनलैंड,1,7
बाल्टिक,बाल्टिक,1,7
खर्चीले,खर्चीले,1,7
राज्यों,राज्यों,1,7
हंगरी,हंगरी,1,5
माध्यमों,माध्यमों,1,8
थोपने,थोपने,1,5
फ्रांज़,फ्रांज़,1,7
राजतंत्रों,राजतंत्रों,1,10
डिसिब़ॉंडनबर्ग,डिसिब़ॉंडनबर्ग,1,14
तब्दील,तब्दील,1,6
आस्ट्रेलियन,आस्ट्रेलियन,1,11
प्लेटों,प्लेटों,1,7
उभरता,उभरता,1,5
काल्पनिक,काल्पनिक,1,8
विंडिकेशन,विंडिकेशन,1,9
उखाड़,उखाड़,1,5
फेंका,फेंका,1,5
मंजूरी,मंजूरी,1,6
निर्वासितों,निर्वासितों,1,11
राजनैतिक,राजनैतिक,1,8
कैदियों,कैदियों,1,7
आजाद,आजाद,1,4
सीमारेखा,सीमारेखा,1,8
डेव,डेव,1,3
अनुमोदन,अनुमोदन,1,7
एस्ते,एस्ते,1,5
नींद,नींद,1,4
रासा,रासा,1,4
जोड़ती,जोड़ती,1,6
चीजें,चीजें,1,5
बदलनी,बदलनी,1,5
सराटोगा,सराटोगा,1,7
प्रहार,प्रहार,1,6
स्वंत्रतता,स्वंत्रतता,1,10
रिवोल्यूशन,रिवोल्यूशन,1,10
विराम,विराम,1,5
प्रोत्साहन,प्रोत्साहन,1,10
परिवर्तित,परिवर्तित,1,9
शैलीगत,शैलीगत,1,6
कलाकारों,कलाकारों,1,8
शैली,शैली,1,4
मूड,मूड,1,3
गाउदी,गाउदी,1,5
सहारों,सहारों,1,6
पार्श्व,पार्श्व,1,7
पाल्मा,पाल्मा,1,6
यहूदियों,यहूदियों,1,8
अवरोध,अवरोध,1,5
टिपो,टिपो,1,4
एंडिनो,एंडिनो,1,6
संबद्ध,संबद्ध,1,6
क्रस्ट,क्रस्ट,1,6
धरती,धरती,1,4
प्लेट,प्लेट,1,5
लिनारेस,लिनारेस,1,7
चाहने,चाहने,1,5
ब्रांट,ब्रांट,1,6
परिकल्पना,परिकल्पना,1,9
कुरियो,कुरियो,1,6
गो,गो,1,2
ब्रेकिंग,ब्रेकिंग,1,8
हार्ट,हार्ट,1,5
कापुआ,कापुआ,1,5
लेवी,लेवी,1,4
सीजेरियाई,सीजेरियाई,1,9
मतली,मतली,1,4
गतिविधियों,गतिविधियों,1,10
व्यक्तिगत,व्यक्तिगत,1,9
किकी,किकी,1,4
ट्रिब्यून,ट्रिब्यून,1,9
कंसोलेट,कंसोलेट,1,7
सेनाएं,सेनाएं,1,6
बुलाने,बुलाने,1,6
जन,जन,1,2
चुनेगा,चुनेगा,1,6
निहत्था,निहत्था,1,7
डोंट,डोंट,1,4
नियुक्ति,नियुक्ति,1,8
पहुंचे,पहुंचे,1,6
दसवें,दसवें,1,5
उपनिवेशवादी,उपनिवेशवादी,1,11
अल्बानी,अल्बानी,1,7
हडसन,हडसन,1,4
फ्रीमैन,फ्रीमैन,1,7
आरम्भिक,आरम्भिक,1,7
रूपान्तर,रूपान्तर,1,8
मध्ययुगीन,मध्ययुगीन,1,9
बोलने,बोलने,1,5
अंग्रेजी,अंग्रेजी,1,8
पंचम,पंचम,1,4
जनरलों,जनरलों,1,6
सिंहासन,सिंहासन,1,7
चाची,चाची,1,4
इसाबेला,इसाबेला,1,7
एनरिक,एनरिक,1,5
क्रियान्वयन,क्रियान्वयन,1,11
ब्यूनस,ब्यूनस,1,6
आयर्स,आयर्स,1,5
संघीकरण,संघीकरण,1,7
संहिता,संहिता,1,6
व्यवस्थाओं,व्यवस्थाओं,1,10
किसने,किसने,1,5
विवादों,विवादों,1,7
लेखकों,लेखकों,1,6
कलाकृतियां,कलाकृतियां,1,10
मेनहिर,मेनहिर,1,6
डॉल्मेन,डॉल्मेन,1,7
अपुलियाई,अपुलियाई,1,8
कैलेब्रियाई,कैलेब्रियाई,1,11
सैम्नियम,सैम्नियम,1,8
मोलाइसे,मोलाइसे,1,7
ओरिएंटल,ओरिएंटल,1,7
बासिलिकाटा,बासिलिकाटा,1,10
अपुलिया,अपुलिया,1,7
अन्दरूनी,अन्दरूनी,1,8
इतालवी,इतालवी,1,6
दर्शाने,दर्शाने,1,7
क्राउच,क्राउच,1,6
किनारा,किनारा,1,6
रियासतें,रियासतें,1,8
मोटे,मोटे,1,4
प्रतीकात्मक,प्रतीकात्मक,1,11
कोर्सिकन,कोर्सिकन,1,8
पहाड़ी,पहाड़ी,1,6
संग्राहकों,संग्राहकों,1,10
दोस्ती,दोस्ती,1,6
रेसकोर्स,रेसकोर्स,1,8
सेस्तो,सेस्तो,1,6
सान,सान,1,3
गिओवान्नी,गिओवान्नी,1,9
विला,विला,1,4
पेलुक्का,पेलुक्का,1,8
घोड़े,घोड़े,1,5
रेसट्रैक,रेसट्रैक,1,8
हेक्टेयर,हेक्टेयर,1,8
कोर्स,कोर्स,1,5
अग्निकांड,अग्निकांड,1,9
न्युमिजमैटिक,न्युमिजमैटिक,1,12
लकड़ी,लकड़ी,1,5
ग्रैंडस्टैंड,ग्रैंडस्टैंड,1,12
अस्तबलों,अस्तबलों,1,8
वैटिकन,वैटिकन,1,6
मृत्युदण्ड,मृत्युदण्ड,1,10
अपराधों,अपराधों,1,7
सिक्के,सिक्के,1,6
मुद्राशास्त्र,मुद्राशास्त्र,1,13
तोपखाना,तोपखाना,1,7
नेपोलियन,नेपोलियन,1,8
बोनापार्ट,बोनापार्ट,1,9
सौहार्दपूर्ण,सौहार्दपूर्ण,1,12
पेतरास्सी,पेतरास्सी,1,9
छात्र,छात्र,1,5
एनियो,एनियो,1,5
ब्रूनो,ब्रूनो,1,6
कोलोराडो,कोलोराडो,1,8
सिसीलिया,सिसीलिया,1,8
रक्षागृह,रक्षागृह,1,8
कंजर्वेटरी,कंजर्वेटरी,1,10
पेशेवर,पेशेवर,1,6
रिश्ता,रिश्ता,1,6
मारेंगो,मारेंगो,1,7
सिनेमाई,सिनेमाई,1,7
उपलब्धियों,उपलब्धियों,1,10
मेट्टी,मेट्टी,1,6
वन,वन,1,2
एट,एट,1,2
डिनर,डिनर,1,4
पटकथा,पटकथा,1,5
लिखी,लिखी,1,4
अनौपचारिक,अनौपचारिक,1,9
गोफ्रेडो,गोफ्रेडो,1,8
प्रशिक्षित,प्रशिक्षित,1,10
ओलिविया,ओलिविया,1,7
वाल्टर,वाल्टर,1,6
विलेन्युव,विलेन्युव,1,9
नाकेबंदी,नाकेबंदी,1,8
द्वीपों,द्वीपों,1,7
हमले,हमले,1,4
छोड़नी,छोड़नी,1,6
नैपोलियन,नैपोलियन,1,8
उम्मीदों,उम्मीदों,1,8
प्रधानमंत्री,प्रधानमंत्री,1,12
ग्रेनविले,ग्रेनविले,1,9
ज़ार,ज़ार,1,4
अलेक्सान्द्र,अलेक्सान्द्र,1,12
प्रथाओं,प्रथाओं,1,7
फायोरेलो,फायोरेलो,1,8
एपिस्कोपल,एपिस्कोपल,1,9
ताउम्र,ताउम्र,1,6
प्रोटेस्टेंट,प्रोटेस्टेंट,1,12
ब्रम्हांडों,ब्रम्हांडों,1,11
मछलीघर,मछलीघर,1,6
सर्विसेज,सर्विसेज,1,8
ज़ेइट,ज़ेइट,1,5
कोमे,कोमे,1,4
अविकसित,अविकसित,1,7
फेफड़ों,फेफड़ों,1,7
किशोर,किशोर,1,5
मस्तिष्क,मस्तिष्क,1,8
सर्वोच्च,सर्वोच्च,1,8
प्राथमिकता,प्राथमिकता,1,10
राष्ट्रव्यापी,राष्ट्रव्यापी,1,13
वर्गीकृत,वर्गीकृत,1,8
प्रलेखन,प्रलेखन,1,7
सोमवार,सोमवार,1,6
दूषित,दूषित,1,5
निर्वाचित,निर्वाचित,1,9
आश्वासन,आश्वासन,1,7
चलेगी,चलेगी,1,5
उड़ाते,उड़ाते,1,6
खाता,खाता,1,4
सेलफोन,सेलफोन,1,6
परमाणविक,परमाणविक,1,8
जन्मे,जन्मे,1,5
बीस,बीस,1,3
पदार्थ,पदार्थ,1,6
यूट्यूब,यूट्यूब,1,7
उम्मीदें,उम्मीदें,1,8
अदनान,अदनान,1,5
जेड,जेड,1,3
अमीन,अमीन,1,4
आरोपों,आरोपों,1,6
अपतटीय,अपतटीय,1,6
पवन,पवन,1,3
उत्पादक,उत्पादक,1,7
शेयर,शेयर,1,4
प्यारी,प्यारी,1,6
उछाल,उछाल,1,4
लुकास,लुकास,1,5
क्रेनाच,क्रेनाच,1,7
एल्डर,एल्डर,1,5
पेंटिंग्स,पेंटिंग्स,1,9
दुखदायी,दुखदायी,1,7
चिन्ह,चिन्ह,1,5
डीपीए,डीपीए,1,5
उदाहरणस्वरूप,उदाहरणस्वरूप,1,12
श्रीमती,श्रीमती,1,7
जगाई,जगाई,1,4
रद्द,रद्द,1,4
गिलार्ड,गिलार्ड,1,7
फोर्स,फोर्स,1,5
ओवरियरे,ओवरियरे,1,7
आपात,आपात,1,4
अनुच्छेद,अनुच्छेद,1,8
दायर,दायर,1,4
अपीलीय,अपीलीय,1,6
न्यायालय,न्यायालय,1,8
मापने,मापने,1,5
मेजों,मेजों,1,5
घटाकर,घटाकर,1,5
कमोबेश,कमोबेश,1,6
टुकड़ी,टुकड़ी,1,6
ईटीए,ईटीए,1,4
दस्तावेज,दस्तावेज,1,8
टेलबोन,टेलबोन,1,6
विधेयकों,विधेयकों,1,8
छानबीन,छानबीन,1,6
फिगारो,फिगारो,1,6
वस्तुएं,वस्तुएं,1,7
एकेपी,एकेपी,1,5
राशिदा,राशिदा,1,6
अनुदारपंथियों,अनुदारपंथियों,1,13
औचित्य,औचित्य,1,6
प्रतिपादन,प्रतिपादन,1,9
शुमैन,शुमैन,1,5
बृहस्पतिवार,बृहस्पतिवार,1,11
गॉडेंस,गॉडेंस,1,6
हाउते,हाउते,1,5
गैरोने,गैरोने,1,6
प्राइमरी,प्राइमरी,1,8
दाती,दाती,1,4
अभिव्यक्ति,अभिव्यक्ति,1,10
सरकोजी,सरकोजी,1,6
न्याय,न्याय,1,5
ब्राइस,ब्राइस,1,6
हॉर्टेफ्यूक्स,हॉर्टेफ्यूक्स,1,13
सास्केल,सास्केल,1,7
मूर्ख,मूर्ख,1,5
गृहमंत्री,गृहमंत्री,1,9
विश्वासों,विश्वासों,1,9
महानिदेशक,महानिदेशक,1,9
गेट,गेट,1,3
सेकंड,सेकंड,1,5
बत्तखों,बत्तखों,1,7
फतह,फतह,1,3
सशक्त,सशक्त,1,5
अमानत,अमानत,1,5
हकदार,हकदार,1,5
मूर्खतापूर्ण,मूर्खतापूर्ण,1,12
परिस्थिति,परिस्थिति,1,9
लाखों,लाखों,1,5
बदमाशी,बदमाशी,1,6
कर्बेर,कर्बेर,1,6
समूचा,समूचा,1,5
खयानत,खयानत,1,5
बोनो,बोनो,1,4
प्रतीक,प्रतीक,1,6
मियामी,मियामी,1,6
सनसनी,सनसनी,1,5
मचाने,मचाने,1,5
सेरेना,सेरेना,1,6
विलियम्स,विलियम्स,1,8
सा,सा,1,2
घेरते,घेरते,1,5
चमत्कार,चमत्कार,1,7
गर्भनिरोध,गर्भनिरोध,1,9
मैश,मैश,1,3
नकदी,नकदी,1,4
प्रवाह,प्रवाह,1,6
खतरों,खतरों,1,5
जादूगरी,जादूगरी,1,7
डरावना,डरावना,1,6
वाद्य,वाद्य,1,5
यंत्र,यंत्र,1,5
सौंदर्य,सौंदर्य,1,7
मॉंस्टर,मॉंस्टर,1,7
ब्यूस्त,ब्यूस्त,1,7
हरेक,हरेक,1,4
साइमन,साइमन,1,5
क्रैट्शेमर,क्रैट्शेमर,1,10
जीर्ण,जीर्ण,1,5
शीर्ण,शीर्ण,1,5
भयावह,भयावह,1,5
बैरक,बैरक,1,4
अकेले,अकेले,1,5
टटोलता,टटोलता,1,6
घड़ी,घड़ी,1,4
यीशू,यीशू,1,4
अक्षय,अक्षय,1,5
बारोसो,बारोसो,1,6
अदला,अदला,1,4
बदली,बदली,1,4
हलचल,हलचल,1,4
मचा,मचा,1,3
न्यायधीश,न्यायधीश,1,8
गिरफ्तारियां,गिरफ्तारियां,1,12
निरन्तरता,निरन्तरता,1,9
एऔन,एऔन,1,3
हरीरी,हरीरी,1,5
दुर्घटनाग्रस्त,दुर्घटनाग्रस्त,1,14
माध्यम,माध्यम,1,6
गुटों,गुटों,1,5
व्हाइट,व्हाइट,1,6
हिलेरी,हिलेरी,1,6
पति,पति,1,3
माफ,माफ,1,3
कार्यप्रणाली,कार्यप्रणाली,1,12
दिखाने,दिखाने,1,6
बरोसो,बरोसो,1,5
तंजानिया,तंजानिया,1,8
चूने,चूने,1,4
लैरी,लैरी,1,4
सन्निहित,सन्निहित,1,8
अनुकरणीय,अनुकरणीय,1,8
मूक,मूक,1,3
गुंटर,गुंटर,1,5
ब्रुइन,ब्रुइन,1,6
दुर्घटना,दुर्घटना,1,8
कनाडाई,कनाडाई,1,6
जांचकर्ता,जांचकर्ता,1,9
वांस,वांस,1,4
निष्कर्ष,निष्कर्ष,1,8
स्पीजेल,स्पीजेल,1,7
चालकों,चालकों,1,6
जगत,जगत,1,3
उतारा,उतारा,1,5
डूब,डूब,1,3
बोइंग,बोइंग,1,5
लैंडिंग,लैंडिंग,1,7
फ्लैप,फ्लैप,1,5
असीमित,असीमित,1,6
टेराटोमा,टेराटोमा,1,8
कैस्टलफ्रांको,कैस्टलफ्रांको,1,13
इशारे,इशारे,1,5
अल्ट्रासाउंड,अल्ट्रासाउंड,1,12
मारपीट,मारपीट,1,6
दृश्य,दृश्य,1,5
इतर,इतर,1,3
संसदीय,संसदीय,1,6
व्यंग्य,व्यंग्य,1,7
भोथरे,भोथरे,1,5
फिट,फिट,1,3
खड़ा,खड़ा,1,4
लताड़ना,लताड़ना,1,7
नाटकीय,नाटकीय,1,6
प्रहसन,प्रहसन,1,6
आंसुओं,आंसुओं,1,6
रेला,रेला,1,4
शिष्यों,शिष्यों,1,7
टुकड़ा,टुकड़ा,1,6
उखाड़कर,उखाड़कर,1,7
हंसाने,हंसाने,1,6
आदमी,आदमी,1,4
कुलीन,कुलीन,1,5
बानेज,बानेज,1,5
गर्व,गर्व,1,4
निपटना,निपटना,1,6
महासचिव,महासचिव,1,7
कॉस्पेडल,कॉस्पेडल,1,8
संदेशों,संदेशों,1,7
कल,कल,1,2
बेरन,बेरन,1,4
क्लेरेट,क्लेरेट,1,7
पद्वी,पद्वी,1,5
परछाई,परछाई,1,5
जटिल,जटिल,1,4
पेड्रो,पेड्रो,1,6
सांचेज,सांचेज,1,6
इवोले,इवोले,1,5
राष्ट्रों,राष्ट्रों,1,9
दक्षिणपंथियों,दक्षिणपंथियों,1,13
फेडेरिको,फेडेरिको,1,8
फेलिनी,फेलिनी,1,6
विदूषक,विदूषक,1,6
रहस्य,रहस्य,1,5
सुन्दरता,सुन्दरता,1,8
वेनेटो,वेनेटो,1,6
शर्त,शर्त,1,4
मैदानों,मैदानों,1,7
कम्यून,कम्यून,1,6
कर्मचारियों,कर्मचारियों,1,11
इमारतों,इमारतों,1,7
तबाही,तबाही,1,5
बच,बच,1,2
वर्टेमबर्ग,वर्टेमबर्ग,1,10
रेशेनबाख,रेशेनबाख,1,8
पीटर,पीटर,1,4
टेलीग्राफिक,टेलीग्राफिक,1,11
एबी,एबी,1,3
ओबरमार्सबर्ग,ओबरमार्सबर्ग,1,12
हॉल,हॉल,1,3
लौटना,लौटना,1,5
सीबीएस,सीबीएस,1,6
नवीनीकरण,नवीनीकरण,1,8
मत,मत,1,2
फैले,फैले,1,4
गोल्डेन,गोल्डेन,1,7
युक्त,युक्त,1,5
नियमित,नियमित,1,6
विक्टोरियाज,विक्टोरियाज,1,11
आएंगे,आएंगे,1,5
विपक्ष,विपक्ष,1,6
मुंडो,मुंडो,1,5
कार्यक्रमों,कार्यक्रमों,1,11
दानदाताओं,दानदाताओं,1,9
एफएसएलएन,एफएसएलएन,1,8
दिशानिर्देश,दिशानिर्देश,1,11
प्लाजा,प्लाजा,1,6
जश्न,जश्न,1,4
संकेतकों,संकेतकों,1,8
मना,मना,1,3
ब्रेक्सिट,ब्रेक्सिट,1,9
वृहदाकार,वृहदाकार,1,8
एयर,एयर,1,3
रोजर्स,रोजर्स,1,6
उत्सवपूर्वक,उत्सवपूर्वक,1,11
शान्तिपूर्ण,शान्तिपूर्ण,1,11
फायर,फायर,1,4
फातिमा,फातिमा,1,6
आह्वान,आह्वान,1,6
प्लेनो,प्लेनो,1,6
निर्णय,निर्णय,1,6
मुद्रा,मुद्रा,1,6
हालत,हालत,1,4
अजन्मे,अजन्मे,1,6
बंदी,बंदी,1,4
रूख,रूख,1,3
कोरैडो,कोरैडो,1,6
पसेरा,पसेरा,1,5
वापल,वापल,1,4
बोएमर,बोएमर,1,5
ईसीबी,ईसीबी,1,5
यूरोजोन,यूरोजोन,1,7
विशेषाधिकार,विशेषाधिकार,1,11
बोलना,बोलना,1,5
आकलन,आकलन,1,4
विश्वविद्याल,विश्वविद्याल,1,12
लिंडसे,लिंडसे,1,6
फ्रांसिस,फ्रांसिस,1,8
कासा,कासा,1,4
मार्ता,मार्ता,1,6
कोरी,कोरी,1,4
वैट,वैट,1,3
मौकों,मौकों,1,5
भूमिगत,भूमिगत,1,6
उग्रवादी,उग्रवादी,1,8
समाजवादी,समाजवादी,1,8
पोषण,पोषण,1,4
विरोधी,विरोधी,1,6
खासतौर,खासतौर,1,6
टेक्सटाइल,टेक्सटाइल,1,9
मजूदरों,मजूदरों,1,7
मुश्किल,मुश्किल,1,7
सैक्रोकोसाइजील,सैक्रोकोसाइजील,1,14
मेस्त्रे,मेस्त्रे,1,8
मूल्यांकन,मूल्यांकन,1,9
खण्ड,खण्ड,1,4
जाएं,जाएं,1,4
शेपार्ड,शेपार्ड,1,7
जेरोनिमो,जेरोनिमो,1,8
वाउचर,वाउचर,1,5
दराज,दराज,1,4
पेट्रोल,पेट्रोल,1,7
सीजीआई,सीजीआई,1,6
जुकरबर्ग,जुकरबर्ग,1,8
मुलाकात,मुलाकात,1,7
ट्रे,ट्रे,1,4
नेता,नेता,1,4
कम्युनिटी,कम्युनिटी,1,9
क्रस्टीना,क्रस्टीना,1,9
सिफ्युएन्तेस,सिफ्युएन्तेस,1,12
अनुदारपंथी,अनुदारपंथी,1,10
सेक्टोरियल,सेक्टोरियल,1,10
अंडर,अंडर,1,4
सेक्रेटरी,सेक्रेटरी,1,9
जेवियर,जेवियर,1,6
मरोतो,मरोतो,1,5
टेक्सास,टेक्सास,1,7
हेलमेट,हेलमेट,1,6
डुरान,डुरान,1,5
पिंटैडो,पिंटैडो,1,7
कोषाध्यक्ष,कोषाध्यक्ष,1,10
बेरोजगारी,बेरोजगारी,1,9
गिरी,गिरी,1,4
रोजगार,रोजगार,1,6
परे,परे,1,3
यूनियनें,यूनियनें,1,8
व्यू,व्यू,1,4
माउन्टेन,माउन्टेन,1,8
नेतृत्वकर्ता,नेतृत्वकर्ता,1,12
स्नैपचैट,स्नैपचैट,1,8
उपायों,उपायों,1,6
उदाहरणों,उदाहरणों,1,8
रोबोट,रोबोट,1,5
रोसी,रोसी,1,4
गर्भवती,गर्भवती,1,7
डॉलर,डॉलर,1,4
मंडल,मंडल,1,4
गे,गे,1,2
बुला,बुला,1,4
वाल,वाल,1,3
सिलिकॉन,सिलिकॉन,1,7
वैली,वैली,1,4
पूंजीकरण,पूंजीकरण,1,8
अमेजन,अमेजन,1,5
छोड़ते,छोड़ते,1,6
चौथी,चौथी,1,4
टेस्ला,टेस्ला,1,6
चमड़ा,चमड़ा,1,5
पर्ल,पर्ल,1,4
प्लान्टेन,प्लान्टेन,1,9
किगाली,किगाली,1,6
रचनात्मक,रचनात्मक,1,8
क्रिएटिव,क्रिएटिव,1,8
निर्देशकों,निर्देशकों,1,10
अलेजांद्रा,अलेजांद्रा,1,10
रेखाएं,रेखाएं,1,6
रूपहली,रूपहली,1,6
स्वयंसेवक,स्वयंसेवक,1,9
प्रारूप,प्रारूप,1,7
संशोधन,संशोधन,1,6
कार्निवाल,कार्निवाल,1,9
मैग्लेव,मैग्लेव,1,7
टिकट,टिकट,1,4
समारोह,समारोह,1,6
यास,यास,1,3
मरीना,मरीना,1,5
सर्किट,सर्किट,1,6
वेबसाइट,वेबसाइट,1,7
टाइमिंग,टाइमिंग,1,7
वैभव,वैभव,1,4
गुस्सा,गुस्सा,1,6
लिबर्टीज,लिबर्टीज,1,8
खलिहान,खलिहान,1,6
गोल्फर,गोल्फर,1,6
प्रीमियर,प्रीमियर,1,8
सुनना,सुनना,1,5
संपत्तियों,संपत्तियों,1,10
एडेनब्रूक,एडेनब्रूक,1,9
बाड़,बाड़,1,4
फांद,फांद,1,4
अगली,अगली,1,4
आत्मसम्मान,आत्मसम्मान,1,10
गाय,गाय,1,3
बालक,बालक,1,4
तथ्य,तथ्य,1,4
बिकना,बिकना,1,5
जॉनी,जॉनी,1,4
बेतुकी,बेतुकी,1,6
लाकर,लाकर,1,4
कीचड़,कीचड़,1,5
सने,सने,1,3
बैंकॉक,बैंकॉक,1,6
वर्षा,वर्षा,1,5
गुजरने,गुजरने,1,6
मूर्तिकला,मूर्तिकला,1,9
बारीकी,बारीकी,1,6
कार्डधारकों,कार्डधारकों,1,11
यादों,यादों,1,5
नेक्टार,नेक्टार,1,7
चार्टर,चार्टर,1,6
व्यापारियों,व्यापारियों,1,11
गिल्ड,गिल्ड,1,5
लक्ष्यों,लक्ष्यों,1,8
वसूलने,वसूलने,1,6
दूरदर्शी,दूरदर्शी,1,8
बर्गरों,बर्गरों,1,7
फेफड़ें,फेफड़ें,1,7
अप्रत्याशित,अप्रत्याशित,1,11
संपन्न,संपन्न,1,6
हीरे,हीरे,1,4
मैग्नीज,मैग्नीज,1,7
सीसा,सीसा,1,4
जिंक,जिंक,1,4
कोबाल्ट,कोबाल्ट,1,7
दाहिने,दाहिने,1,6
सलास,सलास,1,4
सल्फर,सल्फर,1,5
जुआन,जुआन,1,4
महानाखोन,महानाखोन,1,8
भवनों,भवनों,1,5
उभार,उभार,1,4
सोल्हीम,सोल्हीम,1,7
रूपांतरण,रूपांतरण,1,8
एरिक,एरिक,1,4
अम्ल,अम्ल,1,4
बीत,बीत,1,3
फीट,फीट,1,3
आवागमन,आवागमन,1,6
स्टाइल,स्टाइल,1,6
अस्पतालों,अस्पतालों,1,9
मिट्टी,मिट्टी,1,6
पुल,पुल,1,3
धुंधली,धुंधली,1,6
उपचार,उपचार,1,5
मरते,मरते,1,4
स्कैन,स्कैन,1,5
शोर,शोर,1,3
सुनाई,सुनाई,1,5
सिर्फ,सिर्फ,1,5
तीखे,तीखे,1,4
चमकना,चमकना,1,5
नेगान,नेगान,1,5
जेफरी,जेफरी,1,5
डीन,डीन,1,3
मॉर्गन,मॉर्गन,1,6
आजादी,आजादी,1,5
थोप,थोप,1,3
नॉर्मन,नॉर्मन,1,6
भावुक,भावुक,1,5
विश्लेषक,विश्लेषक,1,8
कष्टदायी,कष्टदायी,1,8
आफ्टर,आफ्टर,1,5
टाकिंग,टाकिंग,1,6
डेड,डेड,1,3
बर्राट,बर्राट,1,6
ज्वेलरी,ज्वेलरी,1,7
आर्ट,आर्ट,1,4
यूनिट,यूनिट,1,5
आफ,आफ,1,2
मीटियारिटिक,मीटियारिटिक,1,11
पहन,पहन,1,3
परिधान,परिधान,1,6
थिंग्स,थिंग्स,1,6
सुप्रीम,सुप्रीम,1,7
कोर्ट,कोर्ट,1,5
लविंग्स,लविंग्स,1,7
रिचर्ज,रिचर्ज,1,6
असन्तुष्ट,असन्तुष्ट,1,9
प्रतिभागी,प्रतिभागी,1,9
संक्षेप,संक्षेप,1,7
विश्विद्यालय,विश्विद्यालय,1,12
लविंग,लविंग,1,5
शादीशुदा,शादीशुदा,1,8
जोड़े,जोड़े,1,5
इरिडियम,इरिडियम,1,7
मिल्ड्रेड,मिल्ड्रेड,1,9
प्रेम,प्रेम,1,5
छुपाने,छुपाने,1,6
नॉर्थैम्पटन,नॉर्थैम्पटन,1,11
संकेतक,संकेतक,1,6
रिपोर्टर,रिपोर्टर,1,8
स्ट्रेंजर,स्ट्रेंजर,1,9
व्यय,व्यय,1,4
सेवा,सेवा,1,4
चाल,चाल,1,3
श्रद्धांजलि,श्रद्धांजलि,1,11
गेम,गेम,1,3
वृह्त्तर,वृह्त्तर,1,8
प्रजातियों,प्रजातियों,1,10
आइनर,आइनर,1,4
बराबरी,बराबरी,1,6
पैपवर्थ,पैपवर्थ,1,7
जमाने,जमाने,1,5
टेनिस,टेनिस,1,5
खेला,खेला,1,4
अर्पित,अर्पित,1,6
नकारने,नकारने,1,6
बधाई,बधाई,1,4
अवश्वसनीय,अवश्वसनीय,1,9
उपलब्धि,उपलब्धि,1,7
ब्रिस्बेन,ब्रिस्बेन,1,9
नाइन,नाइन,1,4
जोड़ी,जोड़ी,1,5
रोक्को,रोक्को,1,6
आसपास,आसपास,1,5
भयानक,भयानक,1,5
सोचना,सोचना,1,5
उत्पादों,उत्पादों,1,8
उपकरणों,उपकरणों,1,7
उत्पादकता,उत्पादकता,1,9
हिचक,हिचक,1,4
नीदरलैंड्स,नीदरलैंड्स,1,10
ड्रोन,ड्रोन,1,5
लुप्त,लुप्त,1,5
अपनाया,अपनाया,1,6
माइक्रोसॉफ्ट,माइक्रोसॉफ्ट,1,12
बुधवार,बुधवार,1,6
स्लैक,स्लैक,1,5
डायनासोर,डायनासोर,1,8
कैम्ब्रिजशायर,कैम्ब्रिजशायर,1,13
इमोजी,इमोजी,1,5
जीआईएफ,जीआईएफ,1,6
कस्टम,कस्टम,1,5
मेमे,मेमे,1,4
स्टिकर,स्टिकर,1,6
फीड,फीड,1,3
जुड़ने,जुड़ने,1,6
उपयोगकर्ताओं,उपयोगकर्ताओं,1,12
तल्लीन,तल्लीन,1,6
मॉलीब्डेनम,मॉलीब्डेनम,1,10
अयस्क,अयस्क,1,5
चाहें,चाहें,1,5
पहुंचाते,पहुंचाते,1,8
मोरिवियाई,मोरिवियाई,1,9
हेल्थ,हेल्थ,1,5
ज़होरी,ज़होरी,1,6
आयी,आयी,1,3
नितरा,नितरा,1,5
जीतेने,जीतेने,1,6
प्रशंसाओं,प्रशंसाओं,1,9
भूल,भूल,1,3
मतभेदों,मतभेदों,1,7
घातक,घातक,1,4
लगती,लगती,1,4
भतीजे,भतीजे,1,5
रास्तिज़,रास्तिज़,1,8
संत,संत,1,3
रास्तिस्लाव,रास्तिस्लाव,1,11
विधानसभा,विधानसभा,1,8
महानगरीय,महानगरीय,1,8
प्रमाणित,प्रमाणित,1,8
जीसीएचक्यू,जीसीएचक्यू,1,10
डेनमार्क,डेनमार्क,1,8
हॉस्पिटल्स,हॉस्पिटल्स,1,10
कॉर्पोरेशन,कॉर्पोरेशन,1,10
प्रवासन,प्रवासन,1,7
बिजनेस,बिजनेस,1,6
स्वीकृत,स्वीकृत,1,7
मैसम,मैसम,1,4
भविष्यवाणी,भविष्यवाणी,1,10
संक्षिप्त,संक्षिप्त,1,9
मानसून,मानसून,1,6
चलने,चलने,1,4
मौसमी,मौसमी,1,5
हार्वर्ड,हार्वर्ड,1,8
लाते,लाते,1,4
ब्लॉगर्स,ब्लॉगर्स,1,8
जेट,जेट,1,3
स्लावों,स्लावों,1,7
स्लाव,स्लाव,1,5
जनजातियां,जनजातियां,1,9
छुरा,छुरा,1,4
संकोची,संकोची,1,6
हाईस्कूल,हाईस्कूल,1,8
पाएंगे,पाएंगे,1,6
टेक्टॉनिक,टेक्टॉनिक,1,9
बलों,बलों,1,4
चलते,चलते,1,4
चोटियां,चोटियां,1,7
किलिमंजारो,किलिमंजारो,1,10
केन्या,केन्या,1,6
भाषी,भाषी,1,4
नाविकों,नाविकों,1,7
बांतु,बांतु,1,5
उपयोगी,उपयोगी,1,6
भाषाएं,भाषाएं,1,6
अर्थपूर्ण,अर्थपूर्ण,1,9
फाई,फाई,1,3
वाई,वाई,1,3
अड्डे,अड्डे,1,5
हवाई,हवाई,1,4
बेगार,बेगार,1,5
श्रमिकों,श्रमिकों,1,8
फ्रेंच,फ्रेंच,1,6
परेशान,परेशान,1,6
ग्रीष्मकालीन,ग्रीष्मकालीन,1,12
आपराधिक,आपराधिक,1,7
सोखकर,सोखकर,1,5
निकलीं,निकलीं,1,6
स्वीडन,स्वीडन,1,6
मीनकिएली,मीनकिएली,1,8
लपेटे,लपेटे,1,5
क्वेन,क्वेन,1,5
व्यंजन,व्यंजन,1,6
क्रम,क्रम,1,4
स्कार्फ,स्कार्फ,1,7
बोलियों,बोलियों,1,7
जीन्स,जीन्स,1,5
कोने,कोने,1,4
कॉकेशस,कॉकेशस,1,6
सिसकॉकेशस,सिसकॉकेशस,1,9
ट्रांसकॉकेशस,ट्रांसकॉकेशस,1,12
अराजक,अराजक,1,5
डाल,डाल,1,3
नाजी,नाजी,1,4
बूंदें,बूंदें,1,6
किशोरवय,किशोरवय,1,7
तापमानों,तापमानों,1,8
जलडमरूमध्य,जलडमरूमध्य,1,10
रेडिट,रेडिट,1,5
एजेंडा,एजेंडा,1,6
टेस्को,टेस्को,1,6
शिथिया,शिथिया,1,6
रेलिंग,रेलिंग,1,6
आयात,आयात,1,4
सुनिश्चित,सुनिश्चित,1,9
संधियां,संधियां,1,7
हमलों,हमलों,1,5
स्ट्रेट्स,स्ट्रेट्स,1,9
सेक्शन,सेक्शन,1,6
मेगैरियन,मेगैरियन,1,8
नौकरियों,नौकरियों,1,8
बाइजेंटियम,बाइजेंटियम,1,10
हितों,हितों,1,5
डेरियस,डेरियस,1,6
मेगाबाजुस,मेगाबाजुस,1,9
देंगे,देंगे,1,5
ट्रुडीउ,ट्रुडीउ,1,7
जीतों,जीतों,1,5
अर्जित,अर्जित,1,6
बाजा,बाजा,1,4
रेगिस्तानी,रेगिस्तानी,1,10
हेलेना,हेलेना,1,6
टैगा,टैगा,1,4
साइबेरिया,साइबेरिया,1,9
संपूर्णता,संपूर्णता,1,9
हटना,हटना,1,4
शीतकालीन,शीतकालीन,1,8
युनिवर्सिएड,युनिवर्सिएड,1,11
मेजबानी,मेजबानी,1,7
क्रैस्नोयार्स्क,क्रैस्नोयार्स्क,1,15
राशियों,राशियों,1,7
देय,देय,1,3
जोड़ते,जोड़ते,1,6
हिन्द,हिन्द,1,5
मालदीव,मालदीव,1,6
ग्रेनाइट,ग्रेनाइट,1,8
सेशल्स,सेशल्स,1,6
टिमोन,टिमोन,1,5
मुफ्त,मुफ्त,1,5
स्कॉटलैंड,स्कॉटलैंड,1,9
अपर्याप्त,अपर्याप्त,1,9
तर्क,तर्क,1,4
बर्गेरॉन,बर्गेरॉन,1,8
पेश,पेश,1,3
फ्रैंको,फ्रैंको,1,7
मोनेगास्क,मोनेगास्क,1,9
शाखा,शाखा,1,4
मुखिया,मुखिया,1,6
राज्यमंत्री,राज्यमंत्री,1,11
विमानन,विमानन,1,6
सदस्यीय,सदस्यीय,1,7
सेक्सिस्ट,सेक्सिस्ट,1,9
अध्यक्षता,अध्यक्षता,1,9
गश्ती,गश्ती,1,5
पाएओनियन्स,पाएओनियन्स,1,10
नौकाओं,नौकाओं,1,6
हेलीकॉप्टर,हेलीकॉप्टर,1,10
हार्डवेयर,हार्डवेयर,1,9
नस्लवादी,नस्लवादी,1,8
देखेंगे,देखेंगे,1,7
फॉंटविएली,फॉंटविएली,1,9
आयरलैंड,आयरलैंड,1,7
भेजेगा,भेजेगा,1,6
बेघर,बेघर,1,4
मोनैको,मोनैको,1,6
स्माराग्दिस,स्माराग्दिस,1,11
यान्नी,यान्नी,1,6
निर्देशन,निर्देशन,1,8
व्याख्या,व्याख्या,1,8
मेसिडोनिया,मेसिडोनिया,1,10
लाब्रोक्का,लाब्रोक्का,1,10
एमिन्टास,एमिन्टास,1,8
प्रभुता,प्रभुता,1,7
जेसी,जेसी,1,4
फारस,फारस,1,4
बहु,बहु,1,3
अचानक,अचानक,1,5
संस्थापक,संस्थापक,1,8
फोरम्स,फोरम्स,1,6
हैक,हैक,1,3
परिस्थितियों,परिस्थितियों,1,12
फारसी,फारसी,1,5
कम्पनी,कम्पनी,1,6
एथिना,एथिना,1,5
एस्टी,एस्टी,1,5
चीफ,चीफ,1,3
ग्रीको,ग्रीको,1,6
ब्लैडर,ब्लैडर,1,6
सिविल,सिविल,1,5
केले,केले,1,4
सर्दियों,सर्दियों,1,8
व्यापर,व्यापर,1,6
सेवाएं,सेवाएं,1,6
क्रीमिया,क्रीमिया,1,8
घाटे,घाटे,1,4
सुर्खियों,सुर्खियों,1,9
गर्भनिरोधक,गर्भनिरोधक,1,10
मासिक,मासिक,1,5
बदलेगी,बदलेगी,1,6
तुम,तुम,1,3
जताई,जताई,1,4
खुदरा,खुदरा,1,5
प्रस्तावित,प्रस्तावित,1,10
इयॉन,इयॉन,1,4
स्थायी,स्थायी,1,6
फिक्स्ड,फिक्स्ड,1,7
रेट,रेट,1,3
संयोजन,संयोजन,1,6
एवरो,एवरो,1,4
एनर्जी,एनर्जी,1,6
सोनी,सोनी,1,4
थोक,थोक,1,3
कायम,कायम,1,4
मूत्राशय,मूत्राशय,1,8
कंसर्ट,कंसर्ट,1,6
युरो,युरो,1,4
व्लादिवोस्तक,व्लादिवोस्तक,1,12
मेगरिम,मेगरिम,1,6
प्लेस,प्लेस,1,5
सोल,सोल,1,3
धोना,धोना,1,4
कॉड,कॉड,1,3
मुआवजे,मुआवजे,1,6
दावों,दावों,1,5
श्री,श्री,1,4
दुकानदारों,दुकानदारों,1,10
हर्बर्ट,हर्बर्ट,1,7
डिएस,डिएस,1,4
मेकर,मेकर,1,4
आयरिश,आयरिश,1,5
चेयरमैन,चेयरमैन,1,7
प्रोन्नत,प्रोन्नत,1,8
मछलियां,मछलियां,1,7
घराने,घराने,1,5
ब्रेक्जिट,ब्रेक्जिट,1,9
सिंपल,सिंपल,1,5
सेलेक्ट,सेलेक्ट,1,7
महंगा,महंगा,1,5
विधायक,विधायक,1,6
एडिडास,एडिडास,1,6
तैर,तैर,1,3
कचरे,कचरे,1,4
हवाले,हवाले,1,5
पूछेंगे,पूछेंगे,1,7
स्वच्छ,स्वच्छ,1,6
सैटरडे,सैटरडे,1,6
मिडिल,मिडिल,1,5
गिराए,गिराए,1,5
मोरक्को,मोरक्को,1,7
भाग्य,भाग्य,1,5
प्लास्टिक,प्लास्टिक,1,9
गलत,गलत,1,3
पुनर्वसन,पुनर्वसन,1,8
रिहैब,रिहैब,1,5
एनएचएस,एनएचएस,1,6
अनुसंधानकर्ताओं,अनुसंधानकर्ताओं,1,15
वयस्क,वयस्क,1,5
परिसंपत्तियों,परिसंपत्तियों,1,13
मुकदमेबाजी,मुकदमेबाजी,1,10
स्टर्लिंग,स्टर्लिंग,1,9
डेमोक्रेटिक,डेमोक्रेटिक,1,11
पाल,पाल,1,3
प्रतिवर्ष,प्रतिवर्ष,1,9
परियोजना,परियोजना,1,8
सोच,सोच,1,3
सकेगा,सकेगा,1,5
रास्तों,रास्तों,1,7
कोष,कोष,1,3
निधियों,निधियों,1,7
उमड़े,उमड़े,1,5
गोरे,गोरे,1,4
अवीवा,अवीवा,1,5
इन्वेस्टर्स,इन्वेस्टर्स,1,11
मल्टी,मल्टी,1,5
स्ट्रेटजी,स्ट्रेटजी,1,9
टार्गेट,टार्गेट,1,7
रिटर्न,रिटर्न,1,6
कोषों,कोषों,1,5
गुंजाइश,गुंजाइश,1,7
बिलयन,बिलयन,1,5
दसियों,दसियों,1,6
पोलक,पोलक,1,4
ततैया,ततैया,1,5
कोकून,कोकून,1,5
प्यूपा,प्यूपा,1,6
स्वादिष्ट,स्वादिष्ट,1,9
भैंस,भैंस,1,4
फेफड़ा,फेफड़ा,1,6
सुपारी,सुपारी,1,6
छाल,छाल,1,3
जरूरी,जरूरी,1,5
कैटफिश,कैटफिश,1,6
संभालना,संभालना,1,7
कुएरन,कुएरन,1,5
हस्तांतरण,हस्तांतरण,1,9
दूरगामी,दूरगामी,1,7
लोक,लोक,1,3
अंग,अंग,1,3
अनुसंधानकर्ता,अनुसंधानकर्ता,1,13
दलील,दलील,1,4
लॉलीपॉप,लॉलीपॉप,1,7
चावल,चावल,1,4
ब्राउज,ब्राउज,1,6
संवेदनशील,संवेदनशील,1,9
अवधारणा,अवधारणा,1,7
ट्रैप,ट्रैप,1,5
अगला,अगला,1,4
पड़ाव,पड़ाव,1,5
बूबी,बूबी,1,4
बेलिंघम,बेलिंघम,1,7
भ्रमित,भ्रमित,1,6
आकर,आकर,1,3
रखते,रखते,1,4
मीनारों,मीनारों,1,7
फायरवॉल,फायरवॉल,1,7
ग्रेविटी,ग्रेविटी,1,8
टोपी,टोपी,1,4
गार्ड,गार्ड,1,5
प्रणालियों,प्रणालियों,1,10
टैपर,टैपर,1,4
हथौड़े,हथौड़े,1,6
डिब्बे,डिब्बे,1,6
पदभार,पदभार,1,5
घृणा,घृणा,1,4
चलीं,चलीं,1,4
गर्भनिरोधकों,गर्भनिरोधकों,1,12
कार्लो,कार्लो,1,6
बेनॉइत,बेनॉइत,1,6
पेयरे,पेयरे,1,5
खेलना,खेलना,1,5
खोजने,खोजने,1,5
अगोरा,अगोरा,1,5
किल्टर,किल्टर,1,6
पकड़,पकड़,1,4
दौरा,दौरा,1,4
डेविस,डेविस,1,5
निर्बलता,निर्बलता,1,8
वार्षिक,वार्षिक,1,7
डॉ,डॉ,1,2
सखालिन,सखालिन,1,6
चिंताएं,चिंताएं,1,7
होपले,होपले,1,5
कामचत्का,कामचत्का,1,8
नजरअंदाज,नजरअंदाज,1,8
खबरों,खबरों,1,5
मोंटे,मोंटे,1,5
तरीका,तरीका,1,5
जानते,जानते,1,5
खेलते,खेलते,1,5
सारी,सारी,1,4
एसोसिएटेड,एसोसिएटेड,1,9
एंड्र्यू,एंड्र्यू,1,8
राष्ट्रीयता,राष्ट्रीयता,1,11
अस्वीकृति,अस्वीकृति,1,9
सपना,सपना,1,4
सर्बिया,सर्बिया,1,7
सुलभ,सुलभ,1,4
हावी,हावी,1,4
ड्रॉ,ड्रॉ,1,4
कराने,कराने,1,5
आर्ट्स,आर्ट्स,1,6
आसानी,आसानी,1,5
मार्शल,मार्शल,1,6
आपकी,आपकी,1,4
कमजोरी,कमजोरी,1,6
बेलग्रेड,बेलग्रेड,1,8
निराश,निराश,1,5
दंडित,दंडित,1,5
नौ,नौ,1,2
बीम,बीम,1,3
विन्टुअर,विन्टुअर,1,8
मापा,मापा,1,4
प्रकट,प्रकट,1,5
नियमों,नियमों,1,6
भेजी,भेजी,1,4
सोचे,सोचे,1,4
आनन,आनन,1,3
फानन,फानन,1,4
सीधा,सीधा,1,4
अटैचमेंट,अटैचमेंट,1,8
अराजकता,अराजकता,1,7
मूंद,मूंद,1,4
क्लिक,क्लिक,1,5
सामान,सामान,1,5
उल्लंघनों,उल्लंघनों,1,9
दुर्भावनापूर्ण,दुर्भावनापूर्ण,1,14
खाने,खाने,1,4
स्कूली,स्कूली,1,6
पंजीकृत,पंजीकृत,1,7
शान्त,शान्त,1,5
बाधा,बाधा,1,4
दफनाने,दफनाने,1,6
धूप,धूप,1,3
कोटिंग,कोटिंग,1,6
चलन,चलन,1,3
सिगरेटों,सिगरेटों,1,8
आरएचएस,आरएचएस,1,6
साउथ,साउथ,1,4
टावर,टावर,1,4
इंटीरियर,इंटीरियर,1,8
डिजाइनर,डिजाइनर,1,7
राशेल,राशेल,1,5
विन्हैम,विन्हैम,1,7
अपार्टमेंट,अपार्टमेंट,1,10
देखी,देखी,1,4
स्पर्श,स्पर्श,1,6
मोटोक्रॉस,मोटोक्रॉस,1,9
फिल्माया,फिल्माया,1,8
जुनून,जुनून,1,5
चश्मा,चश्मा,1,5
मुकदमा,मुकदमा,1,6
हत्याओं,हत्याओं,1,7
परिदृश्य,परिदृश्य,1,8
भंडारण,भंडारण,1,6
फ्लॉक,फ्लॉक,1,5
बेच,बेच,1,3
व्यावसायिक,व्यावसायिक,1,10
हार्ले,हार्ले,1,6
डेविडसन,डेविडसन,1,7
बताई,बताई,1,4
फ्रैंक,फ्रैंक,1,6
वायदा,वायदा,1,5
सट्टा,सट्टा,1,5
अस्ट्रेलियाई,अस्ट्रेलियाई,1,12
मामूली,मामूली,1,6
संचित,संचित,1,5
ग्राउंड,ग्राउंड,1,7
पहाड़,पहाड़,1,5
श्रेय,श्रेय,1,5
फ्राइड,फ्राइड,1,6
चिकेन,चिकेन,1,5
अतृप्त,अतृप्त,1,6
भूख,भूख,1,3
केएफसी,केएफसी,1,6
पैरेंट,पैरेंट,1,6
यम,यम,1,2
इलेक्ट्रिक,इलेक्ट्रिक,1,10
हंस,हंस,1,3
डच,डच,1,2
जीरो,जीरो,1,4
आडंबरपूर्ण,आडंबरपूर्ण,1,10
अहंकारी,अहंकारी,1,7
जहरीला,जहरीला,1,6
वैयक्तिक,वैयक्तिक,1,8
डाले,डाले,1,4
फ्लोरिडावासी,फ्लोरिडावासी,1,12
जीओपी,जीओपी,1,5
अनुपस्थित,अनुपस्थित,1,9
आरम्भ,आरम्भ,1,5
सिंहासनों,सिंहासनों,1,9
सराही,सराही,1,5
कार्यालय,कार्यालय,1,8
अंकुरित,अंकुरित,1,7
विंड्स,विंड्स,1,6
विंटर,विंटर,1,5
ड्रीम,ड्रीम,1,5
स्प्रिंग,स्प्रिंग,1,8
फर्श,फर्श,1,4
सत्तर,सत्तर,1,5
माइक,माइक,1,4
बांधने,बांधने,1,6
दोषी,दोषी,1,4
पैकहम,पैकहम,1,5
रेडियो,रेडियो,1,6
प्रस्तुतकर्ता,प्रस्तुतकर्ता,1,13
टीवी,टीवी,1,4
समसामयिक,समसामयिक,1,8
एवरी,एवरी,1,4
दें,दें,1,3
मनोरंजक,मनोरंजक,1,7
डुबोया,डुबोया,1,6
फीचर,फीचर,1,4
फिल्में,फिल्में,1,7
पिटीशन,पिटीशन,1,6
कैंसर,कैंसर,1,5
हॉलीवुड,हॉलीवुड,1,7
आरएसबीपी,आरएसबीपी,1,8
विमुख,विमुख,1,5
पट्टी,पट्टी,1,5
ग्लेंडा,ग्लेंडा,1,7
कांपते,कांपते,1,6
तन,तन,1,2
आंका,आंका,1,4
खेलेंगे,खेलेंगे,1,7
पिछला,पिछला,1,5
चलिये,चलिये,1,5
मरात,मरात,1,4
सेड,सेड,1,3
पागलखाने,पागलखाने,1,8
निभाकर,निभाकर,1,6
आरएससी,आरएससी,1,6
समकालीन,समकालीन,1,7
उसमें,उसमें,1,5
हाई,हाई,1,3
आघात,आघात,1,4
तरंगों,तरंगों,1,6
शॉकवेव,शॉकवेव,1,6
आयाम,आयाम,1,4
गर्दन,गर्दन,1,5
नसें,नसें,1,4
लाइसेंसिंग,लाइसेंसिंग,1,10
त्वचा,त्वचा,1,5
चेहरे,चेहरे,1,5
वैसा,वैसा,1,4
अजीबोगरीब,अजीबोगरीब,1,9
हरकत,हरकत,1,4
ओडी,ओडी,1,3
जीवनकाल,जीवनकाल,1,7
पहनने,पहनने,1,5
धूम्रपान,धूम्रपान,1,8
जिमर,जिमर,1,4
हीरो,हीरो,1,4
म्युजेज,म्युजेज,1,7
खरीदने,खरीदने,1,6
हैरानी,हैरानी,1,6
वाग्देवी,वाग्देवी,1,8
मजबूरी,मजबूरी,1,6
निभाना,निभाना,1,6
अपराध,अपराध,1,5
घटित,घटित,1,4
संडरलैंड,संडरलैंड,1,8
गांव,गांव,1,4
दिखती,दिखती,1,5
रहूंगा,रहूंगा,1,6
मिलता,मिलता,1,5
मिलिकन,मिलिकन,1,6
शूटिंग,शूटिंग,1,6
चित्ताकर्षक,चित्ताकर्षक,1,11
नॉट,नॉट,1,3
भरा,भरा,1,3
संतुलित,संतुलित,1,7
कर्म,कर्म,1,4
सच्चा,सच्चा,1,5
जेफ,जेफ,1,3
अपराह्न,अपराह्न,1,7
बनावटी,बनावटी,1,6
निस्संदेह,निस्संदेह,1,9
बॉब,बॉब,1,3
सतत,सतत,1,3
दोषमुक्त,दोषमुक्त,1,8
बिल्ली,बिल्ली,1,6
पाजामा,पाजामा,1,6
साबित,साबित,1,5
लॉबी,लॉबी,1,4
कारनामे,कारनामे,1,7
अकल्पनीय,अकल्पनीय,1,8
विशिष्ट,विशिष्ट,1,7
पासवर्ड,पासवर्ड,1,7
निकृष्टतम,निकृष्टतम,1,9
रूपों,रूपों,1,5
शिलालेख,शिलालेख,1,7
टाइपसेट,टाइपसेट,1,7
ट्रॉम,ट्रॉम,1,5
जलकर,जलकर,1,4
खांजिर,खांजिर,1,6
जेटल्स,जेटल्स,1,6
कर्नाक,कर्नाक,1,6
मंदिर,मंदिर,1,5
विजित,विजित,1,5
चौदहवी,चौदहवी,1,6
वुड्स,वुड्स,1,5
छलांग,छलांग,1,5
मसौदे,मसौदे,1,5
अमर्ना,अमर्ना,1,6
पत्रों,पत्रों,1,6
गीज़र,गीज़र,1,5
प्रमाणपत्रों,प्रमाणपत्रों,1,12
महीना,महीना,1,5
फोटो,फोटो,1,4
हटाते,हटाते,1,5
एकमत,एकमत,1,4
निष्कर्षों,निष्कर्षों,1,10
अवशेषों,अवशेषों,1,7
संस्कारों,संस्कारों,1,9
यथेष्ट,यथेष्ट,1,6
मान्य,मान्य,1,5
प्रार्थनाओं,प्रार्थनाओं,1,11
अनुरूप,अनुरूप,1,6
महाद्वीपिय,महाद्वीपिय,1,10
नाव,नाव,1,3
उपासना,उपासना,1,6
कल्टिक,कल्टिक,1,6
पत्थरों,पत्थरों,1,7
ई,ई,1,1
कतार,कतार,1,4
मेसेबोट,मेसेबोट,1,7
मिजाज,मिजाज,1,5
साक़िब,साक़िब,1,6
वेदी,वेदी,1,4
वर्गाकार,वर्गाकार,1,8
बेसिन,बेसिन,1,5
मेगालिथ,मेगालिथ,1,7
फाउण्डेशन,फाउण्डेशन,1,9
तर्कसंगत,तर्कसंगत,1,8
बंदर,बंदर,1,4
उद्धरण,उद्धरण,1,6
मिलेनिया,मिलेनिया,1,8
पवित्र,पवित्र,1,6
चार्ल्स,चार्ल्स,1,7
कार्रवाइयों,कार्रवाइयों,1,11
पूर्वप्रभावी,पूर्वप्रभावी,1,12
हमदर्दी,हमदर्दी,1,7
पड़ती,पड़ती,1,5
लीग,लीग,1,3
पर्मा,पर्मा,1,5
कैप्लान,कैप्लान,1,7
ओटोमन,ओटोमन,1,5
कराई,कराई,1,4
खबरें,खबरें,1,5
तैनात,तैनात,1,5
खगोलीय,खगोलीय,1,6
वेधशाला,वेधशाला,1,7
जागते,जागते,1,5
हैब्सबर्ग,हैब्सबर्ग,1,9
शादियां,शादियां,1,7
होटल,होटल,1,4
हिल्स,हिल्स,1,5
सालगिरह,सालगिरह,1,7
शुभ,शुभ,1,3
बनाता,बनाता,1,5
बुद्ध,बुद्ध,1,5
नववर्ष,नववर्ष,1,6
चीनियों,चीनियों,1,7
मनाए,मनाए,1,4
कैलेंडर,कैलेंडर,1,7
वाल्स,वाल्स,1,5
दि,दि,1,2
रूलर,रूलर,1,4
पंद्रह,पंद्रह,1,6
प्रमाण,प्रमाण,1,6
अधूरे,अधूरे,1,5
ब्यूरो,ब्यूरो,1,6
जनगणना,जनगणना,1,6
साक्षात्कर,साक्षात्कर,1,10
बहाने,बहाने,1,5
बेवर्ली,बेवर्ली,1,7
इमानदारी,इमानदारी,1,8
टिप्पणियां,टिप्पणियां,1,10
रोजमर्रे,रोजमर्रे,1,8
रखी,रखी,1,3
न्यूटन,न्यूटन,1,6
इष्ट,इष्ट,1,4
हजार,हजार,1,4
खास,खास,1,3
छिपा,छिपा,1,4
किले,किले,1,4
दबाकर,दबाकर,1,5
एकीकरण,एकीकरण,1,6
बुनियाद,बुनियाद,1,7
गद्दे,गद्दे,1,5
प्राइस,प्राइस,1,6
लातियम,लातियम,1,6
चेहरा,चेहरा,1,5
केस्टेवेन,केस्टेवेन,1,9
बयान,बयान,1,4
परीक्षाओं,परीक्षाओं,1,9
बुद्धिजीवी,बुद्धिजीवी,1,10
ट्रोजन,ट्रोजन,1,6
महाविद्यालय,महाविद्यालय,1,11
कल्पना,कल्पना,1,6
शुक्रवार,शुक्रवार,1,8
लीप,लीप,1,3
कुरिन्थ,कुरिन्थ,1,7
ट्युनिप,ट्युनिप,1,7
अमुरु,अमुरु,1,5
थटमोज,थटमोज,1,5
बर्खास्त,बर्खास्त,1,8
यजीदी,यजीदी,1,5
याद,याद,1,3
कवच,कवच,1,3
लड़ी,लड़ी,1,4
निभाने,निभाने,1,6
एंटिपस,एंटिपस,1,6
हेरेडियस,हेरेडियस,1,8
जेल,जेल,1,3
देखते,देखते,1,5
यरुशलम,यरुशलम,1,6
करदाताओं,करदाताओं,1,8
यीशु,यीशु,1,4
विधान,विधान,1,5
टेस्टामेंट,टेस्टामेंट,1,10
सत्रह,सत्रह,1,5
जीते,जीते,1,4
युद्धभूमि,युद्धभूमि,1,9
देवताओं,देवताओं,1,7
जानवरों,जानवरों,1,7
आक्रामक,आक्रामक,1,7
मांगें,मांगें,1,6
महिलाओं,महिलाओं,1,7
लापरवाही,लापरवाही,1,8
अल्पसंख्यकों,अल्पसंख्यकों,1,12
जोड़,जोड़,1,4
तोड़,तोड़,1,4
एलिस,एलिस,1,4
सलेर्नो,सलेर्नो,1,7
तिबेरियस,तिबेरियस,1,8
वीरगति,वीरगति,1,6
विदाई,विदाई,1,5
प्रजाति,प्रजाति,1,7
इच्छुक,इच्छुक,1,6
चिड़ियाघर,चिड़ियाघर,1,9
उपेक्षापूर्ण,उपेक्षापूर्ण,1,12
अपेक्षाकृत,अपेक्षाकृत,1,10
जिनसे,जिनसे,1,5
ख्याति,ख्याति,1,6
राजदरबार,राजदरबार,1,8
भेजे,भेजे,1,4
पनवलकर,पनवलकर,1,6
अमर,अमर,1,3
जुलियन,जुलियन,1,6
पलट,पलट,1,3
आंद्रे,आंद्रे,1,6
कुओ,कुओ,1,3
प्रशासक,प्रशासक,1,7
योग्यताओं,योग्यताओं,1,9
शीतयुद्ध,शीतयुद्ध,1,8
आंशी,आंशी,1,4
बियान,बियान,1,5
लगाई,लगाई,1,4
नक्शों,नक्शों,1,6
मंत्रालय,मंत्रालय,1,8
सफलतापूर्वक,सफलतापूर्वक,1,11
निकलवाया,निकलवाया,1,8
दुर्जेय,दुर्जेय,1,7
तथ्यात्मक,तथ्यात्मक,1,9
नक्शे,नक्शे,1,5
दूत,दूत,1,3
उगते,उगते,1,4
सूरज,सूरज,1,4
निकालनी,निकालनी,1,7
हार्बर,हार्बर,1,6
एकेयिआई,एकेयिआई,1,7
पहरा,पहरा,1,4
सीमावर्ती,सीमावर्ती,1,9
जॉर्जटाउन,जॉर्जटाउन,1,9
विजय,विजय,1,4
अन्दर,अन्दर,1,5
कैथरिन,कैथरिन,1,6
दुष्प्रचार,दुष्प्रचार,1,10
मेरी,मेरी,1,4
रोमानोव,रोमानोव,1,7
नक,नक,1,2
राजशाही,राजशाही,1,7
आदर्शीकृत,आदर्शीकृत,1,9
अंधा,अंधा,1,4
चालू,चालू,1,4
इफ,इफ,1,2
जातियों,जातियों,1,7
सुखोथाई,सुखोथाई,1,7
उदय,उदय,1,3
सोलहवीं,सोलहवीं,1,7
बक,बक,1,2
एथेनियाई,एथेनियाई,1,8
उसपर,उसपर,1,4
बांटता,बांटता,1,6
लूप्स,लूप्स,1,5
संभाव्यता,संभाव्यता,1,9
पारगमन,पारगमन,1,6
गुरुवार,गुरुवार,1,7
सेफार्डिक,सेफार्डिक,1,9
निष्कासित,निष्कासित,1,9
रूखे,रूखे,1,4
पुर्तगाल,पुर्तगाल,1,8
सीबीसी,सीबीसी,1,6
सटी,सटी,1,3
नेस्तस,नेस्तस,1,6
मेस्ता,मेस्ता,1,6
स्टर्नलीब,स्टर्नलीब,1,9
चुनौतियां,चुनौतियां,1,9
थेसाली,थेसाली,1,6
रिकॉर्डिंग,रिकॉर्डिंग,1,10
थर्मोपिले,थर्मोपिले,1,9
दर्रे,दर्रे,1,5
बीआईडी,बीआईडी,1,6
लाभदायक,लाभदायक,1,7
छोटी,छोटी,1,4
बातों,बातों,1,5
कमर,कमर,1,3
आपदा,आपदा,1,4
भावशून्य,भावशून्य,1,8
चिकित्सकों,चिकित्सकों,1,10
जनसांख्यिकीय,जनसांख्यिकीय,1,12
सांख्यिकीय,सांख्यिकीय,1,10
हिलाने,हिलाने,1,6
प्रसूता,प्रसूता,1,7
कब्रगाहों,कब्रगाहों,1,9
मृतकों,मृतकों,1,6
दफन,दफन,1,3
चौकियों,चौकियों,1,7
पर्चे,पर्चे,1,5
चालीस,चालीस,1,5
सीखते,सीखते,1,5
खेती,खेती,1,4
पशुओं,पशुओं,1,5
चरने,चरने,1,4
पिथेकाउसे,पिथेकाउसे,1,9
कुमे,कुमे,1,4
अन्तर्वस्तु,अन्तर्वस्तु,1,11
नैतिक,नैतिक,1,5
क्लासिकीय,क्लासिकीय,1,9
जुला,जुला,1,4
पुनर्जागरण,पुनर्जागरण,1,10
स्वयंसेवकों,स्वयंसेवकों,1,11
टुकड़ियों,टुकड़ियों,1,9
फ्लोरिडा,फ्लोरिडा,1,8
लैपटॉप,लैपटॉप,1,6
हथियार,हथियार,1,6
रोगियों,रोगियों,1,7
रसद,रसद,1,3
इनफिल,इनफिल,1,5
प्यूअर्टो,प्यूअर्टो,1,9
रिको,रिको,1,4
गुआम,गुआम,1,4
फिलीपींस,फिलीपींस,1,8
जे,जे,1,2
जुटाई,जुटाई,1,5
भरकम,भरकम,1,4
तुलनात्मक,तुलनात्मक,1,9
गिरकर,गिरकर,1,5
मैलियस,मैलियस,1,6
जानने,जानने,1,5
रुडयार्ड,रुडयार्ड,1,8
रोमनीकरण,रोमनीकरण,1,8
प्रशासनिक,प्रशासनिक,1,9
उद्देश्यों,उद्देश्यों,1,10
जुड़ाव,जुड़ाव,1,6
भागों,भागों,1,5
समानताएं,समानताएं,1,8
कराकल्ला,कराकल्ला,1,8
नयां,नयां,1,4
बंटवारा,बंटवारा,1,7
खूबसूरती,खूबसूरती,1,8
पीड़ित,पीड़ित,1,6
इतने,इतने,1,4
बच्चा,बच्चा,1,5
नामकरण,नामकरण,1,6
रोजमर्रा,रोजमर्रा,1,8
फ्लोरेंस,फ्लोरेंस,1,8
गेरार्ड,गेरार्ड,1,7
सार्थक,सार्थक,1,6
साउथसी,साउथसी,1,6
आकस्मिक,आकस्मिक,1,7
समानता,समानता,1,6
उन्हीं,उन्हीं,1,6
प्लेटो,प्लेटो,1,6
संक्रांति,संक्रांति,1,9
विषुव,विषुव,1,5
सूर्योदय,सूर्योदय,1,8
न्यूनतम,न्यूनतम,1,7
मास,मास,1,3
सलाहकारों,सलाहकारों,1,9
मापते,मापते,1,5
महत्व,महत्व,1,5
तथ्यों,तथ्यों,1,6
सौंपना,सौंपना,1,6
युकाटन,युकाटन,1,6
गौरवशाली,गौरवशाली,1,8
अभिभावकों,अभिभावकों,1,9
उद्भव,उद्भव,1,5
सावधानीपूर्वक,सावधानीपूर्वक,1,13
अनुमानों,अनुमानों,1,8
संपादक,संपादक,1,6
व्हीलर,व्हीलर,1,6
आगाह,आगाह,1,4
मोड़,मोड़,1,4
सशस्त्र,सशस्त्र,1,7
साम्प्रदायिक,साम्प्रदायिक,1,12
तनावों,तनावों,1,6
सम्राज्य,सम्राज्य,1,8
सामंजस्यपूर्ण,सामंजस्यपूर्ण,1,13
अरब,अरब,1,3
पोटोमैक,पोटोमैक,1,7
मध्यपूर्व,मध्यपूर्व,1,9
गोंडोला,गोंडोला,1,7
तंत्रिका,तंत्रिका,1,8
परिश्रम,परिश्रम,1,7
पतनशील,पतनशील,1,6
अंशों,अंशों,1,5
डोमिनिकन,डोमिनिकन,1,8
पादरी,पादरी,1,5
हेनरिख,हेनरिख,1,6
क्रेमर,क्रेमर,1,6
साल्जबर्ग,साल्जबर्ग,1,9
आर्कबिशप,आर्कबिशप,1,8
जोड़ने,जोड़ने,1,6
कष्ट,कष्ट,1,4
पुनरुत्थान,पुनरुत्थान,1,10
पगार,पगार,1,4
सुविधाजनक,सुविधाजनक,1,9
लिखने,लिखने,1,5
रुकने,रुकने,1,5
लाहौर,लाहौर,1,5
गजेट,गजेट,1,4
असुविधा,असुविधा,1,7
गवाह,गवाह,1,4
सोचता,सोचता,1,5
जिन,जिन,1,3
पिंग,पिंग,1,4
मेई,मेई,1,3
लेखन,लेखन,1,4
लगेंगे,लगेंगे,1,6
कारकों,कारकों,1,6
आयों,आयों,1,4
परोक्ष,परोक्ष,1,6
पुरुषों,पुरुषों,1,7
गृहयुद्धों,गृहयुद्धों,1,10
लड़ाकू,लड़ाकू,1,6
असमर्थ,असमर्थ,1,6
घेराबंदी,घेराबंदी,1,8
वस्तु,वस्तु,1,5
सिरि,सिरि,1,4
बंट,बंट,1,3
हरे,हरे,1,3
विविधता,विविधता,1,7
पीले,पीले,1,4
नीले,नीले,1,4
एपल,एपल,1,3
चिकित्सीय,चिकित्सीय,1,9
उपचारों,उपचारों,1,7
असिस्टेंट,असिस्टेंट,1,9
बुद्धिमत्ता,बुद्धिमत्ता,1,11
गूगल,गूगल,1,4
समारोहों,समारोहों,1,8
विलो,विलो,1,4
शाखाओं,शाखाओं,1,6
इंटरफेस,इंटरफेस,1,7
लोलैंड,लोलैंड,1,6
पेयजल,पेयजल,1,5
सिंचाई,सिंचाई,1,6
पाप,पाप,1,3
चाहेंगे,चाहेंगे,1,7
गुलाम,गुलाम,1,5
हराने,हराने,1,5
दण्डित,दण्डित,1,6
आर्म,आर्म,1,4
बाएं,बाएं,1,4
करूंगा,करूंगा,1,6
ओडेसा,ओडेसा,1,5
ओब्लास्ट,ओब्लास्ट,1,8
शानदार,शानदार,1,6
मैदानी,मैदानी,1,6
नरम,नरम,1,3
धारदार,धारदार,1,6
टोपोग्राफिक,टोपोग्राफिक,1,11
विशेषताएं,विशेषताएं,1,9
अनैतिक,अनैतिक,1,6
अल्जीरिया,अल्जीरिया,1,9
शीतोष्ण,शीतोष्ण,1,7
लिप्त,लिप्त,1,5
ओहियो,ओहियो,1,5
मिसिसिपी,मिसिसिपी,1,8
पाए,पाए,1,3
विवाद,विवाद,1,5
मिलान,मिलान,1,5
काउंटी,काउंटी,1,6
वन्यजीव,वन्यजीव,1,7
पाता,पाता,1,4
प्रान्त,प्रान्त,1,7
नियमन,नियमन,1,5
विनाशकारी,विनाशकारी,1,9
फटते,फटते,1,4
ग्लोबल,ग्लोबल,1,6
वार्मिंग,वार्मिंग,1,8
सबकुछ,सबकुछ,1,5
सूख,सूख,1,3
अभयारण्य,अभयारण्य,1,8
अल्पाइन,अल्पाइन,1,7
प्रवर्तन,प्रवर्तन,1,8
बस्तियां,बस्तियां,1,8
बसनी,बसनी,1,4
मेलानेशियाई,मेलानेशियाई,1,11
यात्राएं,यात्राएं,1,8
केंटुकी,केंटुकी,1,7
इंडियाना,इंडियाना,1,8
दिव्य,दिव्य,1,5
किसान,किसान,1,5
चिपचिपा,चिपचिपा,1,7
सिलिका,सिलिका,1,6
मैग्मा,मैग्मा,1,6
बहने,बहने,1,4
नदियों,नदियों,1,6
संयंत्रों,संयंत्रों,1,9
किलोवाट,किलोवाट,1,7
नदियां,नदियां,1,6
कृत्रिम,कृत्रिम,1,7
राइन,राइन,1,4
रोन,रोन,1,3
टिकिनो,टिकिनो,1,6
पो,पो,1,2
पड़ोसी,पड़ोसी,1,6
बहते,बहते,1,4
एड्रियाटिक,एड्रियाटिक,1,10
गिरती,गिरती,1,5
ज्वालामुखियों,ज्वालामुखियों,1,13
विन्यास,विन्यास,1,7
चिलिया,चिलिया,1,6
टुल्सिया,टुल्सिया,1,8
स्थापना,स्थापना,1,7
अस्थिर,अस्थिर,1,6
गुंथा,गुंथा,1,5
शास्त्रीय,शास्त्रीय,1,9
चिंताजनक,चिंताजनक,1,8
फिनिशियन्स,फिनिशियन्स,1,10
तटीय,तटीय,1,4
विश्वसनीय,विश्वसनीय,1,9
तत्काल,तत्काल,1,6
नॉस्ट्रम,नॉस्ट्रम,1,8
ब्लाइंडलिया,ब्लाइंडलिया,1,11
चट्टानों,चट्टानों,1,8
जलमार्ग,जलमार्ग,1,7
क्रिस्टियनसैंड,क्रिस्टियनसैंड,1,14
लिलेसैंड,लिलेसैंड,1,8
आईएजी,आईएजी,1,5
खारे,खारे,1,4
छिछले,छिछले,1,5
बीए,बीए,1,3
श्रीमति,श्रीमति,1,7
पकड़ने,पकड़ने,1,6
बोला,बोला,1,4
कामकाजी,कामकाजी,1,7
तकरीबन,तकरीबन,1,6
यातना,यातना,1,5
तीव्र,तीव्र,1,5
एकांतप्रिय,एकांतप्रिय,1,10
अकाल,अकाल,1,4
थक,थक,1,2
असहयोगी,असहयोगी,1,7
तटों,तटों,1,4
बसी,बसी,1,3
उनपर,उनपर,1,4
वसूला,वसूला,1,5
एक्सेस,एक्सेस,1,6
उपनिवेशन,उपनिवेशन,1,8
युद्धकारी,युद्धकारी,1,9
मछली,मछली,1,4
फ्योर्ड्स,फ्योर्ड्स,1,9
गहरे,गहरे,1,4
रोमानिया,रोमानिया,1,8
गहरा,गहरा,1,4
प्रशियन,प्रशियन,1,7
उल्टे,उल्टे,1,5
तोपखाने,तोपखाने,1,7
टुकड़ों,टुकड़ों,1,7
मुद्दा,मुद्दा,1,6
निकासी,निकासी,1,6
फ्लेंसबर्ग,फ्लेंसबर्ग,1,10
मानो,मानो,1,4
खबर,खबर,1,3
धक्का,धक्का,1,5
बियर,बियर,1,4
अभेद्य,अभेद्य,1,6
भरोसेमंद,भरोसेमंद,1,8
मेजा,मेजा,1,4
उड़ान,उड़ान,1,5
अनिच्छुक,अनिच्छुक,1,8
माल,माल,1,3
टन,टन,1,2
चलकर,चलकर,1,4
गेंद,गेंद,1,4
जम,जम,1,2
शहद,शहद,1,3
ब्योर,ब्योर,1,5
कड़ी,कड़ी,1,4
फ्रूट,फ्रूट,1,5
मादक,मादक,1,4
चैम्पियनशिप,चैम्पियनशिप,1,11
आयातित,आयातित,1,6
परोसी,परोसी,1,5
रग्बी,रग्बी,1,5
परन्तु,परन्तु,1,6
अकसर,अकसर,1,4
स्टालियन,स्टालियन,1,8
फ्लिक,फ्लिक,1,5
विकल्पों,विकल्पों,1,8
हुसुम,हुसुम,1,5
श्लेई,श्लेई,1,5
वेटलैंड,वेटलैंड,1,7
कड़ाके,कड़ाके,1,6
कैबिनेटमेकर,कैबिनेटमेकर,1,11
मेट,मेट,1,3
विद्वतापूर्ण,विद्वतापूर्ण,1,12
तंत्रों,तंत्रों,1,7
विरोधस्वरूप,विरोधस्वरूप,1,11
मुमकिन,मुमकिन,1,6
रास्ते,रास्ते,1,6
उतरा,उतरा,1,4
युरेशिया,युरेशिया,1,8
शिकायतों,शिकायतों,1,8
छीनने,छीनने,1,5
फैलाव,फैलाव,1,5
वादा,वादा,1,4
महानगर,महानगर,1,6
पालिका,पालिका,1,6
अंडरसी,अंडरसी,1,6
शीर्षक,शीर्षक,1,6
निबंध,निबंध,1,5
वैविध्य,वैविध्य,1,7
आख्यान,आख्यान,1,6
ओल्ने,ओल्ने,1,5
स्कॉटिश,स्कॉटिश,1,7
पनामा,पनामा,1,5
सचेतक,सचेतक,1,5
निर्विवाद,निर्विवाद,1,9
परित्यक्त,परित्यक्त,1,9
प्रसंस्करण,प्रसंस्करण,1,10
नेवादा,नेवादा,1,6
नाइटली,नाइटली,1,6
प्रतिदिन,प्रतिदिन,1,8
कैरेबियन,कैरेबियन,1,8
कैरिब्स,कैरिब्स,1,7
पंद्रहवी,पंद्रहवी,1,8
लोकप्रियता,लोकप्रियता,1,10
गुस्से,गुस्से,1,6
इंसान,इंसान,1,5
दुर्लभ,दुर्लभ,1,6
एंटिलास,एंटिलास,1,7
निकला,निकला,1,5
एंटिलेस,एंटिलेस,1,7
भाषाओं,भाषाओं,1,6
शालीन,शालीन,1,5
वैकल्पिक,वैकल्पिक,1,8
सौ,सौ,1,2
फेफड़ो,फेफड़ो,1,6
गोपनीय,गोपनीय,1,6
संबंधों,संबंधों,1,7
विषाक्त,विषाक्त,1,7
नौकरियां,नौकरियां,1,8
मुखर,मुखर,1,4
सैकड़ों,सैकड़ों,1,7
काटने,काटने,1,5
शिकाई,शिकाई,1,5
उत्तराधिकारी,उत्तराधिकारी,1,12
गिलब्यूट,गिलब्यूट,1,8
अमान्य,अमान्य,1,6
इस्पात,इस्पात,1,6
जल्दबाजी,जल्दबाजी,1,8
ब्रूक्स,ब्रूक्स,1,7
वोल्मर,वोल्मर,1,6
फेलॉन,फेलॉन,1,5
सामरिक,सामरिक,1,6
गलती,गलती,1,4
दरअसल,दरअसल,1,5
क्रिस्चियन,क्रिस्चियन,1,10
लिख,लिख,1,3
ब्रेस्टेड,ब्रेस्टेड,1,9
स्पीकर्स,स्पीकर्स,1,8
उपनगर,उपनगर,1,5
फायदे,फायदे,1,5
नगरवासियों,नगरवासियों,1,10
करेगी,करेगी,1,5
संपादन,संपादन,1,6
पांडुलिपि,पांडुलिपि,1,9
भेजकर,भेजकर,1,5
नींव,नींव,1,4
लॉवीस्ट,लॉवीस्ट,1,7
आदेशों,आदेशों,1,6
नेवी,नेवी,1,4
कमजोर,कमजोर,1,5
गोंगमिन,गोंगमिन,1,7
गोर्यिओ,गोर्यिओ,1,7
रॉयल,रॉयल,1,4
क्लाइड,क्लाइड,1,6
बुनयादी,बुनयादी,1,7
देहाती,देहाती,1,6
पिकनिक,पिकनिक,1,6
बेंच,बेंच,1,4
पगडंडियां,पगडंडियां,1,9
लिबरल,लिबरल,1,5
दल,दल,1,2
मुद्रण,मुद्रण,1,6
उतारना,उतारना,1,6
मालिकाने,मालिकाने,1,8
दुखी,दुखी,1,4
विश्लेषकों,विश्लेषकों,1,10
वर्ल्ड,वर्ल्ड,1,6
जोशपूर्ण,जोशपूर्ण,1,8
बनाते,बनाते,1,5
अटलांटिक,अटलांटिक,1,8
वेस्टइंडीज,वेस्टइंडीज,1,10
बुश,बुश,1,3
सड़कविहीन,सड़कविहीन,1,9
संचालन,संचालन,1,6
पुर्जे,पुर्जे,1,6
बिजलीघर,बिजलीघर,1,7
रीको,रीको,1,4
तापमान,तापमान,1,6
जमाव,जमाव,1,4
आगमन,आगमन,1,4
हजारों,हजारों,1,6
बदरपुर,बदरपुर,1,6
डोंगी,डोंगी,1,5
चुरा,चुरा,1,4
सैमसंग,सैमसंग,1,6
परवार,परवार,1,5
हिंसा,हिंसा,1,5
लैंगिक,लैंगिक,1,6
आपदाओं,आपदाओं,1,6
सूखा,सूखा,1,4
मेंटल,मेंटल,1,5
बर्बादी,बर्बादी,1,7
बीमारी,बीमारी,1,6
तरीकों,तरीकों,1,6
शक्तियां,शक्तियां,1,8
तुमसे,तुमसे,1,5
हुआवेई,हुआवेई,1,6
भुगतना,भुगतना,1,6
भू,भू,1,2
क्षरण,क्षरण,1,5
खारेपन,खारेपन,1,6
संघनन,संघनन,1,5
मनुष्य,मनुष्य,1,6
फायदा,फायदा,1,5
दिल्ली,दिल्ली,1,6
नाले,नाले,1,4
मशीनरी,मशीनरी,1,6
गरज,गरज,1,3
कणों,कणों,1,4
टकराते,टकराते,1,6
श्रृंखलाबद्ध,श्रृंखलाबद्ध,1,12
बारी,बारी,1,4
धकेल,धकेल,1,4
थाईलैंड,थाईलैंड,1,7
मोटापे,मोटापे,1,6
कीरा,कीरा,1,4
इजाफा,इजाफा,1,5
आंधियां,आंधियां,1,7
तत्कालीन,तत्कालीन,1,8
आंधी,आंधी,1,4
काहिरा,काहिरा,1,6
अनजान,अनजान,1,5
लाख,लाख,1,3
गेजिरा,गेजिरा,1,6
वेगा,वेगा,1,4
पर्यटन,पर्यटन,1,6
खनन,खनन,1,3
गिरते,गिरते,1,5
किएरा,किएरा,1,5
लगते,लगते,1,4
खराबी,खराबी,1,5
सैलिएन,सैलिएन,1,6
एटकिंसन,एटकिंसन,1,7
बैटरी,बैटरी,1,5
कियकिया,कियकिया,1,7
रेत,रेत,1,3
वसूल,वसूल,1,4
जनरेटर,जनरेटर,1,6
घटनाएं,घटनाएं,1,6
आवरण,आवरण,1,4
संरक्षित,संरक्षित,1,8
रेगिस्तानों,रेगिस्तानों,1,11
सामग्रियां,सामग्रियां,1,10
उड़,उड़,1,3
चलनी,चलनी,1,4
खुली,खुली,1,4
महीन,महीन,1,4
गुना,गुना,1,4
कंपन,कंपन,1,4
प्रोकाउंसल,प्रोकाउंसल,1,10
